query_text,query_subject,faculty_department,faculty_designation,faculty_subjects,subject_match,department_match,designation_score,assigned_queries,workload_score,suitable
I have a question about Deep Learning.,Deep Learning,MCA,Assistant Professor,Advanced Computer Networks|DBMS,0,1,0.7,2,0.8667,0
I have an academic query regarding Data Science.,Data Science,MCA,Associate Professor,Data Structures|Data Science,1,1,0.85,13,0.1333,1
Could you help me with the Data Science syllabus?,Data Science,MCA,Lecturer,Operating Systems|DBMS|Deep Learning,0,0,0.55,10,0.3333,0
I have an academic query regarding Deep Learning.,Deep Learning,CSE,Assistant Professor,Operating Systems|Machine Learning|Web Development|Advanced Computer Networks|Data Structures,0,1,0.7,12,0.2,1
Can you explain an issue related to Web Development?,Web Development,IT,Associate Professor,Machine Learning,0,1,0.85,9,0.4,0
Please clarify the Deep Learning topic related to my course.,Deep Learning,CSE,Assistant Professor,Web Development|Advanced DBMS|Algorithms|Statistics,0,1,0.7,8,0.4667,0
I have a question about Advanced DBMS.,Advanced DBMS,IT,Associate Professor,Statistics|Cloud Computing,0,1,0.85,7,0.5333,0
I am facing difficulty in Advanced Computer Networks and need clarification.,Advanced Computer Networks,MCA,Assistant Professor,Operating Systems|Artificial Intelligence|Deep Learning|Java,0,0,0.7,10,0.3333,0
Could you help me with the Cloud Computing syllabus?,Cloud Computing,IT,Lecturer,Operating Systems|DBMS,0,1,0.55,8,0.4667,0
I need help understanding Cloud Computing.,Cloud Computing,CSE,Associate Professor,Data Structures|Algorithms,0,1,0.85,1,0.9333,0
Please clarify the Advanced DBMS topic related to my course.,Advanced DBMS,IT,Lecturer,Artificial Intelligence|Cloud Computing|Computer Networks|Java|Advanced Computer Networks,0,1,0.55,0,1.0,0
I have an academic query regarding Operating Systems.,Operating Systems,IT,Assistant Professor,Java,0,1,0.7,14,0.0667,1
I have a question about Data Structures.,Data Structures,MCA,Professor,Data Structures|Computer Networks|Artificial Intelligence,1,1,1.0,5,0.6667,1
Can you explain an issue related to Python?,Python,CSE,Professor,Web Development,0,0,1.0,9,0.4,0
I need help understanding Artificial Intelligence.,Artificial Intelligence,MCA,Lecturer,DBMS,0,1,0.55,15,0.0,0
I am facing difficulty in Operating Systems and need clarification.,Operating Systems,IT,Lecturer,Computer Networks|Java,0,1,0.55,11,0.2667,0
I have a question about Deep Learning.,Deep Learning,MCA,Associate Professor,Python,0,1,0.85,7,0.5333,0
I have an academic query regarding Artificial Intelligence.,Artificial Intelligence,IT,Professor,Artificial Intelligence|Machine Learning,1,0,1.0,2,0.8667,1
Could you help me with the Algorithms syllabus?,Algorithms,MCA,Associate Professor,Algorithms|Advanced Computer Networks|Cloud Computing|Data Structures|Statistics,1,1,0.85,3,0.8,1
Can you explain an issue related to Web Development?,Web Development,CSE,Lecturer,Machine Learning|Deep Learning|Data Science|Computer Networks,0,1,0.55,3,0.8,1
Please clarify the Statistics topic related to my course.,Statistics,MCA,Lecturer,Operating Systems|Statistics,1,1,0.55,2,0.8667,1
Could you help me with the Machine Learning syllabus?,Machine Learning,IT,Professor,Advanced Computer Networks,0,1,1.0,15,0.0,0
I am facing difficulty in Machine Learning and need clarification.,Machine Learning,MCA,Lecturer,Cloud Computing,0,1,0.55,14,0.0667,0
I am facing difficulty in DBMS and need clarification.,DBMS,MCA,Assistant Professor,Machine Learning|Data Structures,0,1,0.7,1,0.9333,1
Please clarify the Data Structures topic related to my course.,Data Structures,IT,Associate Professor,Data Structures,1,1,0.85,5,0.6667,1
Can you explain an issue related to Advanced Computer Networks?,Advanced Computer Networks,CSE,Professor,Advanced Computer Networks|Machine Learning|Java|Algorithms|Computer Networks,1,1,1.0,10,0.3333,0
Please clarify the Python topic related to my course.,Python,MCA,Assistant Professor,DBMS|Java|Advanced Computer Networks|Advanced DBMS,0,0,0.7,2,0.8667,1
I am facing difficulty in Artificial Intelligence and need clarification.,Artificial Intelligence,IT,Associate Professor,Operating Systems|DBMS|Statistics|Advanced DBMS|Machine Learning,0,0,0.85,11,0.2667,0
I need help understanding Java.,Java,IT,Professor,Java|Deep Learning|Statistics|Artificial Intelligence|DBMS,1,1,1.0,3,0.8,1
Could you help me with the Operating Systems syllabus?,Operating Systems,CSE,Associate Professor,Computer Networks|Operating Systems|Algorithms,1,1,0.85,1,0.9333,1
Please clarify the Operating Systems topic related to my course.,Operating Systems,MCA,Professor,DBMS|Operating Systems|Artificial Intelligence,1,1,1.0,13,0.1333,1
I have a question about Artificial Intelligence.,Artificial Intelligence,IT,Associate Professor,Machine Learning|Web Development|Java|Operating Systems|Artificial Intelligence,1,1,0.85,1,0.9333,1
I need help understanding Web Development.,Web Development,MCA,Associate Professor,Web Development,1,1,0.85,13,0.1333,0
Can you explain an issue related to Advanced Computer Networks?,Advanced Computer Networks,MCA,Associate Professor,Data Science|Advanced DBMS|Web Development|Algorithms,0,1,0.85,13,0.1333,0
Can you explain an issue related to Operating Systems?,Operating Systems,MCA,Professor,Machine Learning|Algorithms|Deep Learning|Statistics,0,1,1.0,14,0.0667,0
Could you help me with the Advanced Computer Networks syllabus?,Advanced Computer Networks,MCA,Associate Professor,Python|Operating Systems|Software Engineering|Machine Learning,0,0,0.85,8,0.4667,0
I need guidance with my Python assignment.,Python,MCA,Professor,Advanced DBMS|Operating Systems|Data Science,0,1,1.0,13,0.1333,0
Please clarify the Software Engineering topic related to my course.,Software Engineering,IT,Professor,Computer Networks|Operating Systems|Data Science|Web Development,0,1,1.0,6,0.6,0
I have an academic query regarding Python.,Python,IT,Assistant Professor,Java,0,1,0.7,13,0.1333,0
Could you help me with the DBMS syllabus?,DBMS,MCA,Lecturer,Advanced DBMS|Java|Computer Networks|Operating Systems,0,0,0.55,9,0.4,0
I need guidance with my Python assignment.,Python,CSE,Lecturer,Computer Networks|Algorithms|Cloud Computing|Statistics,0,1,0.55,2,0.8667,1
Please clarify the Artificial Intelligence topic related to my course.,Artificial Intelligence,MCA,Assistant Professor,Computer Networks|DBMS,0,1,0.7,7,0.5333,0
Please clarify the Statistics topic related to my course.,Statistics,CSE,Associate Professor,Algorithms|Cloud Computing|Deep Learning|Artificial Intelligence,0,1,0.85,0,1.0,0
I need guidance with my Software Engineering assignment.,Software Engineering,MCA,Associate Professor,Statistics|Machine Learning|Operating Systems|Deep Learning|Algorithms,0,1,0.85,14,0.0667,0
I have an academic query regarding Statistics.,Statistics,IT,Lecturer,Statistics|Advanced DBMS|Web Development|Software Engineering|Advanced Computer Networks,1,1,0.55,7,0.5333,1
Please clarify the Data Structures topic related to my course.,Data Structures,CSE,Associate Professor,Statistics|Artificial Intelligence|Web Development,0,1,0.85,8,0.4667,0
Can you explain an issue related to DBMS?,DBMS,MCA,Associate Professor,DBMS|Computer Networks|Machine Learning|Algorithms,1,1,0.85,14,0.0667,1
Can you explain an issue related to Software Engineering?,Software Engineering,CSE,Professor,Cloud Computing|Algorithms|Data Science|Advanced DBMS|DBMS,0,1,1.0,13,0.1333,0
I am facing difficulty in Algorithms and need clarification.,Algorithms,MCA,Assistant Professor,Algorithms|Data Science|Computer Networks|Advanced DBMS,1,1,0.7,12,0.2,1
I have an academic query regarding DBMS.,DBMS,IT,Professor,Data Science|Artificial Intelligence|Python|Computer Networks,0,1,1.0,14,0.0667,1
Please clarify the Cloud Computing topic related to my course.,Cloud Computing,CSE,Associate Professor,Python|Data Structures|Cloud Computing|Computer Networks,1,1,0.85,13,0.1333,1
Can you explain an issue related to Algorithms?,Algorithms,MCA,Professor,Advanced Computer Networks|Artificial Intelligence|Cloud Computing,0,0,1.0,1,0.9333,0
I have an academic query regarding Computer Networks.,Computer Networks,MCA,Associate Professor,DBMS|Algorithms,0,1,0.85,6,0.6,0
Could you help me with the Web Development syllabus?,Web Development,MCA,Professor,Java|Deep Learning,0,1,1.0,9,0.4,0
Please clarify the Cloud Computing topic related to my course.,Cloud Computing,IT,Associate Professor,Advanced Computer Networks,0,1,0.85,9,0.4,0
I need guidance with my Machine Learning assignment.,Machine Learning,CSE,Lecturer,Artificial Intelligence|Python|Data Science,0,0,0.55,15,0.0,0
I have an academic query regarding Statistics.,Statistics,IT,Associate Professor,Advanced DBMS|Operating Systems|Java|Cloud Computing,0,0,0.85,15,0.0,0
I am facing difficulty in Python and need clarification.,Python,MCA,Professor,Statistics|Advanced Computer Networks|Cloud Computing,0,1,1.0,12,0.2,0
Can you explain an issue related to Python?,Python,MCA,Lecturer,Web Development|Operating Systems,0,1,0.55,8,0.4667,0
Can you explain an issue related to Artificial Intelligence?,Artificial Intelligence,MCA,Lecturer,Advanced Computer Networks|Algorithms|Python|Web Development,0,1,0.55,0,1.0,1
I need guidance with my Cloud Computing assignment.,Cloud Computing,IT,Associate Professor,Web Development|Algorithms|Operating Systems,0,1,0.85,13,0.1333,0
I need help understanding Web Development.,Web Development,IT,Lecturer,Java|Operating Systems|Deep Learning,0,1,0.55,6,0.6,1
I need help understanding Computer Networks.,Computer Networks,MCA,Lecturer,Data Structures|Java|Machine Learning,0,0,0.55,9,0.4,0
I am facing difficulty in Java and need clarification.,Java,MCA,Associate Professor,Machine Learning|Data Structures|Operating Systems,0,1,0.85,4,0.7333,0
I am facing difficulty in Deep Learning and need clarification.,Deep Learning,MCA,Assistant Professor,Algorithms|Statistics|Advanced DBMS|Artificial Intelligence,0,0,0.7,8,0.4667,0
Can you explain an issue related to Deep Learning?,Deep Learning,MCA,Lecturer,Artificial Intelligence|Machine Learning|Data Structures|Statistics,0,1,0.55,9,0.4,1
I have a question about Deep Learning.,Deep Learning,IT,Lecturer,Advanced Computer Networks|Cloud Computing|Data Structures|Statistics|DBMS,0,0,0.55,13,0.1333,0
Could you help me with the Deep Learning syllabus?,Deep Learning,MCA,Associate Professor,Artificial Intelligence|Advanced DBMS|Deep Learning,1,1,0.85,2,0.8667,1
Can you explain an issue related to Statistics?,Statistics,IT,Lecturer,Machine Learning|Advanced Computer Networks|DBMS,0,1,0.55,14,0.0667,1
I need help understanding Operating Systems.,Operating Systems,IT,Associate Professor,Deep Learning|Advanced Computer Networks|Python|Artificial Intelligence,0,0,0.85,4,0.7333,1
I am facing difficulty in Java and need clarification.,Java,IT,Assistant Professor,Deep Learning|Statistics|Web Development|DBMS,0,1,0.7,8,0.4667,0
I have an academic query regarding Statistics.,Statistics,MCA,Professor,Python|Operating Systems|Data Science|Machine Learning,0,1,1.0,0,1.0,0
I am facing difficulty in Machine Learning and need clarification.,Machine Learning,MCA,Lecturer,Statistics|Operating Systems|Artificial Intelligence|Java|Computer Networks,0,1,0.55,15,0.0,0
Could you help me with the Web Development syllabus?,Web Development,CSE,Assistant Professor,Deep Learning|Advanced DBMS|Algorithms,0,1,0.7,15,0.0,0
I have a question about Machine Learning.,Machine Learning,CSE,Professor,Operating Systems|Python|Machine Learning,1,0,1.0,12,0.2,0
I have a question about Statistics.,Statistics,CSE,Professor,Data Structures|Web Development,0,1,1.0,15,0.0,0
I have an academic query regarding Computer Networks.,Computer Networks,CSE,Associate Professor,Statistics|Algorithms|Machine Learning,0,1,0.85,7,0.5333,0
Please clarify the Data Science topic related to my course.,Data Science,IT,Lecturer,Advanced Computer Networks,0,0,0.55,3,0.8,0
I need help understanding DBMS.,DBMS,CSE,Assistant Professor,Operating Systems|Software Engineering|Algorithms|Advanced Computer Networks|Statistics,0,1,0.7,4,0.7333,0
I am facing difficulty in Artificial Intelligence and need clarification.,Artificial Intelligence,CSE,Lecturer,Data Structures|Operating Systems|Software Engineering,0,1,0.55,9,0.4,0
Can you explain an issue related to DBMS?,DBMS,CSE,Lecturer,Python|Cloud Computing|Advanced Computer Networks,0,0,0.55,6,0.6,0
I need help understanding Cloud Computing.,Cloud Computing,MCA,Lecturer,Python,0,1,0.55,12,0.2,0
I need help understanding Algorithms.,Algorithms,MCA,Associate Professor,Python|Deep Learning|Software Engineering|Statistics|Advanced Computer Networks,0,1,0.85,14,0.0667,1
Could you help me with the Software Engineering syllabus?,Software Engineering,IT,Associate Professor,Algorithms,0,1,0.85,8,0.4667,0
Please clarify the Artificial Intelligence topic related to my course.,Artificial Intelligence,CSE,Lecturer,Algorithms|Machine Learning|Java,0,1,0.55,9,0.4,0
I need guidance with my Software Engineering assignment.,Software Engineering,MCA,Professor,Advanced DBMS|Java|Statistics|Data Science,0,1,1.0,1,0.9333,1
Can you explain an issue related to Software Engineering?,Software Engineering,MCA,Associate Professor,Software Engineering|Advanced DBMS|Artificial Intelligence|Statistics|Machine Learning,1,1,0.85,12,0.2,1
I am facing difficulty in Algorithms and need clarification.,Algorithms,IT,Associate Professor,Statistics|Operating Systems,0,1,0.85,0,1.0,0
Could you help me with the Java syllabus?,Java,IT,Associate Professor,Statistics,0,0,0.85,9,0.4,0
I have an academic query regarding Operating Systems.,Operating Systems,CSE,Assistant Professor,Cloud Computing|Algorithms,0,1,0.7,12,0.2,0
I have an academic query regarding Java.,Java,MCA,Lecturer,Data Science|Machine Learning|Statistics,0,1,0.55,15,0.0,0
I have a question about Advanced Computer Networks.,Advanced Computer Networks,IT,Assistant Professor,Computer Networks|Operating Systems,0,1,0.7,4,0.7333,0
I need guidance with my Java assignment.,Java,CSE,Professor,Web Development|DBMS|Machine Learning|Algorithms|Advanced DBMS,0,1,1.0,5,0.6667,1
I need guidance with my Data Structures assignment.,Data Structures,IT,Assistant Professor,Operating Systems|Algorithms,0,0,0.7,9,0.4,0
Could you help me with the Deep Learning syllabus?,Deep Learning,CSE,Professor,Advanced Computer Networks|Cloud Computing,0,0,1.0,11,0.2667,1
Can you explain an issue related to Data Science?,Data Science,CSE,Professor,Web Development|Operating Systems|Java|Computer Networks,0,0,1.0,11,0.2667,1
Please clarify the Algorithms topic related to my course.,Algorithms,MCA,Assistant Professor,Advanced Computer Networks|Artificial Intelligence|Python|Software Engineering|Data Structures,0,0,0.7,9,0.4,0
I need guidance with my DBMS assignment.,DBMS,MCA,Professor,Algorithms|Deep Learning|Machine Learning,0,1,1.0,4,0.7333,0
I need guidance with my Software Engineering assignment.,Software Engineering,IT,Associate Professor,Deep Learning|Algorithms|Java|Computer Networks,0,0,0.85,8,0.4667,1
I need guidance with my Computer Networks assignment.,Computer Networks,CSE,Lecturer,Web Development|Deep Learning,0,0,0.55,11,0.2667,0
I have a question about Machine Learning.,Machine Learning,CSE,Assistant Professor,Deep Learning|Statistics,0,1,0.7,6,0.6,0
Can you explain an issue related to Machine Learning?,Machine Learning,CSE,Associate Professor,Computer Networks|Artificial Intelligence,0,0,0.85,6,0.6,0
I have a question about Python.,Python,MCA,Professor,DBMS|Data Structures|Operating Systems,0,1,1.0,5,0.6667,1
Could you help me with the DBMS syllabus?,DBMS,MCA,Assistant Professor,Python|Data Science,0,1,0.7,1,0.9333,1
I have a question about Data Structures.,Data Structures,MCA,Professor,Statistics|Web Development|Operating Systems|Java,0,1,1.0,7,0.5333,0
Please clarify the Data Structures topic related to my course.,Data Structures,CSE,Lecturer,Machine Learning,0,0,0.55,12,0.2,0
I have an academic query regarding Algorithms.,Algorithms,IT,Lecturer,Artificial Intelligence,0,1,0.55,4,0.7333,1
Can you explain an issue related to Python?,Python,CSE,Assistant Professor,Data Structures|Software Engineering|Machine Learning|Cloud Computing,0,1,0.7,6,0.6,0
I need help understanding Software Engineering.,Software Engineering,CSE,Lecturer,Software Engineering|Deep Learning|Advanced DBMS|Computer Networks,1,1,0.55,8,0.4667,1
I have a question about Algorithms.,Algorithms,MCA,Professor,Artificial Intelligence,0,1,1.0,11,0.2667,0
I need guidance with my Python assignment.,Python,IT,Professor,Web Development|Software Engineering|Algorithms|Data Structures,0,1,1.0,9,0.4,0
I need guidance with my Deep Learning assignment.,Deep Learning,IT,Associate Professor,Algorithms|Advanced Computer Networks,0,0,0.85,11,0.2667,0
I need guidance with my Deep Learning assignment.,Deep Learning,CSE,Associate Professor,Data Science|Operating Systems|Data Structures|Artificial Intelligence,0,1,0.85,9,0.4,0
Can you explain an issue related to Data Science?,Data Science,MCA,Associate Professor,Cloud Computing|Artificial Intelligence|Algorithms|Web Development|Python,0,0,0.85,2,0.8667,0
I need help understanding Cloud Computing.,Cloud Computing,CSE,Lecturer,Advanced DBMS|Web Development|DBMS,0,1,0.55,2,0.8667,0
I am facing difficulty in Advanced DBMS and need clarification.,Advanced DBMS,IT,Professor,Operating Systems,0,1,1.0,13,0.1333,0
I have an academic query regarding Software Engineering.,Software Engineering,CSE,Associate Professor,Deep Learning|Web Development|Computer Networks|Machine Learning|DBMS,0,1,0.85,15,0.0,0
Please clarify the Machine Learning topic related to my course.,Machine Learning,MCA,Lecturer,Machine Learning|Data Science|Deep Learning|DBMS|Statistics,1,1,0.55,8,0.4667,1
I need guidance with my Data Science assignment.,Data Science,CSE,Lecturer,DBMS|Cloud Computing,0,1,0.55,7,0.5333,0
Could you help me with the Artificial Intelligence syllabus?,Artificial Intelligence,CSE,Professor,Data Science|Statistics|Algorithms|Machine Learning,0,0,1.0,13,0.1333,0
I need guidance with my Java assignment.,Java,MCA,Lecturer,Python,0,1,0.55,14,0.0667,0
I need guidance with my Artificial Intelligence assignment.,Artificial Intelligence,CSE,Professor,Software Engineering|Cloud Computing,0,1,1.0,12,0.2,0
I need guidance with my Advanced Computer Networks assignment.,Advanced Computer Networks,CSE,Associate Professor,Data Structures,0,1,0.85,6,0.6,0
Please clarify the Web Development topic related to my course.,Web Development,IT,Associate Professor,Deep Learning|DBMS,0,1,0.85,5,0.6667,0
I am facing difficulty in Advanced DBMS and need clarification.,Advanced DBMS,IT,Lecturer,Statistics|Python|Software Engineering|Algorithms,0,1,0.55,14,0.0667,1
I have an academic query regarding Java.,Java,CSE,Professor,Data Structures|Artificial Intelligence|DBMS,0,1,1.0,1,0.9333,1
Can you explain an issue related to Artificial Intelligence?,Artificial Intelligence,IT,Professor,Data Structures|Cloud Computing|Advanced Computer Networks|Java|Operating Systems,0,0,1.0,1,0.9333,0
Please clarify the Python topic related to my course.,Python,IT,Lecturer,DBMS|Machine Learning|Advanced Computer Networks|Algorithms|Cloud Computing,0,0,0.55,10,0.3333,0
I need help understanding Data Structures.,Data Structures,IT,Associate Professor,Advanced Computer Networks,0,1,0.85,14,0.0667,0
Please clarify the Web Development topic related to my course.,Web Development,CSE,Assistant Professor,Software Engineering|Python|Algorithms|Java,0,1,0.7,10,0.3333,1
Could you help me with the Cloud Computing syllabus?,Cloud Computing,CSE,Assistant Professor,DBMS|Python|Machine Learning|Java|Algorithms,0,1,0.7,11,0.2667,0
Could you help me with the DBMS syllabus?,DBMS,IT,Professor,Cloud Computing|Python|Software Engineering,0,1,1.0,2,0.8667,0
I need help understanding Data Structures.,Data Structures,CSE,Professor,Java|Advanced DBMS|Deep Learning,0,1,1.0,15,0.0,1
I need help understanding DBMS.,DBMS,MCA,Assistant Professor,Data Structures,0,1,0.7,1,0.9333,0
Can you explain an issue related to Cloud Computing?,Cloud Computing,MCA,Associate Professor,Advanced DBMS|Statistics,0,1,0.85,11,0.2667,0
I am facing difficulty in Statistics and need clarification.,Statistics,IT,Assistant Professor,Advanced Computer Networks|Data Structures|DBMS|Cloud Computing,0,1,0.7,6,0.6,0
I have a question about Statistics.,Statistics,CSE,Lecturer,Data Structures|Software Engineering|Artificial Intelligence|Algorithms|Deep Learning,0,1,0.55,4,0.7333,0
Please clarify the Algorithms topic related to my course.,Algorithms,CSE,Professor,Deep Learning|Java|Machine Learning|Cloud Computing|Artificial Intelligence,0,1,1.0,4,0.7333,0
Please clarify the Advanced Computer Networks topic related to my course.,Advanced Computer Networks,CSE,Assistant Professor,Software Engineering,0,1,0.7,11,0.2667,1
I am facing difficulty in Web Development and need clarification.,Web Development,MCA,Professor,Deep Learning|Python|Cloud Computing,0,1,1.0,1,0.9333,1
Could you help me with the DBMS syllabus?,DBMS,IT,Lecturer,Data Science|Artificial Intelligence|Data Structures|DBMS,1,1,0.55,4,0.7333,1
I am facing difficulty in Deep Learning and need clarification.,Deep Learning,CSE,Associate Professor,Deep Learning|Machine Learning|Data Structures,1,1,0.85,14,0.0667,1
Could you help me with the Data Science syllabus?,Data Science,IT,Associate Professor,Java|Software Engineering,0,1,0.85,11,0.2667,1
I am facing difficulty in Advanced DBMS and need clarification.,Advanced DBMS,IT,Professor,Web Development|Artificial Intelligence|Operating Systems|Statistics|Software Engineering,0,1,1.0,0,1.0,1
Please clarify the Machine Learning topic related to my course.,Machine Learning,IT,Lecturer,Operating Systems|Data Science|Advanced DBMS,0,1,0.55,11,0.2667,1
I am facing difficulty in Python and need clarification.,Python,MCA,Professor,Python|Advanced DBMS|Software Engineering,1,1,1.0,14,0.0667,0
I have an academic query regarding Advanced DBMS.,Advanced DBMS,MCA,Professor,Machine Learning|Java|Deep Learning|Data Science,0,1,1.0,1,0.9333,1
I need guidance with my Data Structures assignment.,Data Structures,CSE,Lecturer,Machine Learning|Computer Networks|DBMS,0,1,0.55,1,0.9333,0
I am facing difficulty in Operating Systems and need clarification.,Operating Systems,MCA,Assistant Professor,Cloud Computing|Statistics|Algorithms|Computer Networks,0,1,0.7,5,0.6667,0
I need guidance with my Web Development assignment.,Web Development,IT,Assistant Professor,Software Engineering,0,1,0.7,5,0.6667,0
I need guidance with my Deep Learning assignment.,Deep Learning,MCA,Assistant Professor,Java|Statistics|Data Structures,0,1,0.7,5,0.6667,0
I need help understanding Statistics.,Statistics,MCA,Assistant Professor,Software Engineering|Operating Systems|Python|Cloud Computing|Data Science,0,1,0.7,12,0.2,0
I have a question about Data Science.,Data Science,MCA,Lecturer,DBMS,0,1,0.55,11,0.2667,0
Could you help me with the DBMS syllabus?,DBMS,IT,Lecturer,Web Development|Statistics|Cloud Computing,0,1,0.55,4,0.7333,0
Please clarify the Python topic related to my course.,Python,IT,Assistant Professor,Deep Learning|Data Science,0,1,0.7,15,0.0,0
I am facing difficulty in Operating Systems and need clarification.,Operating Systems,CSE,Lecturer,Java|Algorithms,0,1,0.55,4,0.7333,0
I have an academic query regarding Advanced DBMS.,Advanced DBMS,IT,Lecturer,Python,0,1,0.55,2,0.8667,0
I am facing difficulty in Java and need clarification.,Java,MCA,Associate Professor,Data Structures|Advanced Computer Networks|Machine Learning,0,0,0.85,4,0.7333,0
Could you help me with the Data Science syllabus?,Data Science,CSE,Assistant Professor,DBMS|Artificial Intelligence|Machine Learning|Data Structures,0,1,0.7,15,0.0,0
I need help understanding Artificial Intelligence.,Artificial Intelligence,MCA,Assistant Professor,Statistics,0,1,0.7,11,0.2667,1
Can you explain an issue related to DBMS?,DBMS,CSE,Professor,Data Structures,0,1,1.0,5,0.6667,1
I have an academic query regarding Web Development.,Web Development,IT,Assistant Professor,Operating Systems,0,1,0.7,8,0.4667,1
I have a question about Artificial Intelligence.,Artificial Intelligence,IT,Associate Professor,DBMS|Advanced DBMS|Python|Java|Web Development,0,0,0.85,10,0.3333,0
I have an academic query regarding Data Science.,Data Science,MCA,Professor,Operating Systems|Computer Networks|Cloud Computing|Java|Algorithms,0,1,1.0,0,1.0,0
I am facing difficulty in Java and need clarification.,Java,CSE,Associate Professor,Java|Statistics|Machine Learning|Web Development,1,1,0.85,14,0.0667,1
Please clarify the Computer Networks topic related to my course.,Computer Networks,CSE,Associate Professor,Python|Web Development|Computer Networks,1,1,0.85,11,0.2667,1
I have an academic query regarding Python.,Python,MCA,Lecturer,Operating Systems,0,1,0.55,4,0.7333,1
I need help understanding Cloud Computing.,Cloud Computing,IT,Lecturer,Advanced DBMS|Python,0,0,0.55,10,0.3333,0
Can you explain an issue related to Algorithms?,Algorithms,IT,Lecturer,Java|Algorithms|Data Science|Machine Learning,1,0,0.55,14,0.0667,0
I have an academic query regarding Web Development.,Web Development,MCA,Professor,Algorithms|Data Structures|DBMS,0,1,1.0,3,0.8,0
I have an academic query regarding Web Development.,Web Development,CSE,Assistant Professor,Cloud Computing,0,1,0.7,6,0.6,0
I need guidance with my Artificial Intelligence assignment.,Artificial Intelligence,CSE,Lecturer,Operating Systems|Deep Learning|Artificial Intelligence|Machine Learning|Computer Networks,1,1,0.55,10,0.3333,1
I need help understanding DBMS.,DBMS,MCA,Lecturer,Machine Learning|Data Structures|Data Science|Artificial Intelligence|Web Development,0,1,0.55,15,0.0,0
I am facing difficulty in Data Structures and need clarification.,Data Structures,MCA,Assistant Professor,Python|Advanced DBMS|Computer Networks|Java|Web Development,0,0,0.7,10,0.3333,0
I have an academic query regarding Java.,Java,CSE,Professor,Python|Deep Learning|Computer Networks,0,1,1.0,0,1.0,0
Can you explain an issue related to Advanced Computer Networks?,Advanced Computer Networks,IT,Professor,Algorithms|Advanced DBMS|Operating Systems|Python|Web Development,0,1,1.0,12,0.2,1
Can you explain an issue related to Machine Learning?,Machine Learning,IT,Professor,Data Science|Statistics,0,1,1.0,4,0.7333,0
I am facing difficulty in Software Engineering and need clarification.,Software Engineering,IT,Lecturer,DBMS,0,1,0.55,10,0.3333,0
Can you explain an issue related to Data Structures?,Data Structures,CSE,Assistant Professor,Statistics|Python,0,1,0.7,8,0.4667,0
I need guidance with my Advanced Computer Networks assignment.,Advanced Computer Networks,CSE,Assistant Professor,Java|Data Structures,0,1,0.7,15,0.0,0
Please clarify the Operating Systems topic related to my course.,Operating Systems,CSE,Professor,Cloud Computing|Data Structures|Software Engineering|Advanced DBMS|Algorithms,0,1,1.0,9,0.4,1
Can you explain an issue related to Web Development?,Web Development,CSE,Assistant Professor,Computer Networks|Data Structures|Software Engineering|Operating Systems,0,1,0.7,8,0.4667,1
I need help understanding Advanced Computer Networks.,Advanced Computer Networks,MCA,Associate Professor,Machine Learning|Deep Learning,0,1,0.85,15,0.0,1
I have a question about Data Science.,Data Science,IT,Associate Professor,Algorithms|Data Structures|Python|Deep Learning,0,1,0.85,9,0.4,0
Could you help me with the Artificial Intelligence syllabus?,Artificial Intelligence,IT,Associate Professor,Machine Learning|Advanced DBMS|Computer Networks|Software Engineering|Artificial Intelligence,1,0,0.85,1,0.9333,0
I need guidance with my Algorithms assignment.,Algorithms,MCA,Assistant Professor,Data Science,0,1,0.7,3,0.8,0
I am facing difficulty in Java and need clarification.,Java,CSE,Lecturer,Data Structures|Statistics,0,1,0.55,3,0.8,1
Could you help me with the Operating Systems syllabus?,Operating Systems,IT,Associate Professor,Python,0,1,0.85,6,0.6,1
I am facing difficulty in Software Engineering and need clarification.,Software Engineering,IT,Assistant Professor,Cloud Computing,0,1,0.7,5,0.6667,0
I have a question about Python.,Python,MCA,Professor,Cloud Computing|Advanced Computer Networks|Algorithms,0,1,1.0,10,0.3333,1
I have an academic query regarding Operating Systems.,Operating Systems,IT,Assistant Professor,Machine Learning|Deep Learning,0,1,0.7,5,0.6667,0
I need guidance with my Deep Learning assignment.,Deep Learning,IT,Assistant Professor,Advanced Computer Networks|Data Structures|Artificial Intelligence,0,1,0.7,14,0.0667,0
I need guidance with my Software Engineering assignment.,Software Engineering,IT,Lecturer,Computer Networks|Advanced Computer Networks|Python|Cloud Computing|Java,0,0,0.55,2,0.8667,0
I am facing difficulty in Artificial Intelligence and need clarification.,Artificial Intelligence,IT,Professor,Data Structures,0,1,1.0,4,0.7333,1
Could you help me with the Deep Learning syllabus?,Deep Learning,IT,Associate Professor,Algorithms|Artificial Intelligence|Statistics|Operating Systems|Advanced Computer Networks,0,1,0.85,14,0.0667,1
Please clarify the Statistics topic related to my course.,Statistics,IT,Professor,Statistics|Java|Web Development|Data Science|Computer Networks,1,1,1.0,0,1.0,1
I am facing difficulty in Machine Learning and need clarification.,Machine Learning,CSE,Assistant Professor,Machine Learning,1,0,0.7,2,0.8667,0
Could you help me with the Machine Learning syllabus?,Machine Learning,CSE,Lecturer,DBMS|Software Engineering,0,1,0.55,12,0.2,0
Can you explain an issue related to Cloud Computing?,Cloud Computing,MCA,Associate Professor,Deep Learning|Advanced DBMS|Operating Systems,0,1,0.85,4,0.7333,0
Can you explain an issue related to Data Science?,Data Science,MCA,Assistant Professor,Software Engineering|Cloud Computing|Data Structures|Deep Learning,0,1,0.7,11,0.2667,1
I have a question about Deep Learning.,Deep Learning,MCA,Lecturer,Data Science|Advanced Computer Networks|Deep Learning|Machine Learning|Software Engineering,1,1,0.55,14,0.0667,1
I have an academic query regarding Advanced Computer Networks.,Advanced Computer Networks,IT,Professor,Statistics|Advanced Computer Networks|Operating Systems|Deep Learning,1,1,1.0,1,0.9333,1
I have a question about Advanced Computer Networks.,Advanced Computer Networks,IT,Assistant Professor,Python|Advanced Computer Networks|DBMS|Artificial Intelligence|Data Structures,1,1,0.7,13,0.1333,1
Could you help me with the Advanced DBMS syllabus?,Advanced DBMS,IT,Lecturer,Algorithms|Machine Learning|Advanced DBMS|Python|Software Engineering,1,1,0.55,10,0.3333,1
I need help understanding DBMS.,DBMS,CSE,Lecturer,Algorithms|Advanced Computer Networks,0,0,0.55,9,0.4,0
I am facing difficulty in Statistics and need clarification.,Statistics,MCA,Lecturer,Data Structures|DBMS|Computer Networks|Deep Learning,0,1,0.55,10,0.3333,0
Can you explain an issue related to Web Development?,Web Development,MCA,Associate Professor,Operating Systems,0,1,0.85,1,0.9333,0
I am facing difficulty in Computer Networks and need clarification.,Computer Networks,CSE,Associate Professor,Java|Data Science|Deep Learning,0,0,0.85,3,0.8,0
I need guidance with my Advanced Computer Networks assignment.,Advanced Computer Networks,IT,Associate Professor,Advanced Computer Networks|Python|Cloud Computing|DBMS,1,1,0.85,11,0.2667,1
I need guidance with my Data Structures assignment.,Data Structures,CSE,Lecturer,Algorithms,0,1,0.55,10,0.3333,0
Can you explain an issue related to Python?,Python,CSE,Professor,Advanced Computer Networks|DBMS|Data Science|Algorithms|Operating Systems,0,0,1.0,13,0.1333,0
I am facing difficulty in Python and need clarification.,Python,MCA,Lecturer,Advanced Computer Networks|Algorithms|Operating Systems|Python|Software Engineering,1,1,0.55,15,0.0,0
Please clarify the Statistics topic related to my course.,Statistics,MCA,Assistant Professor,DBMS|Algorithms,0,1,0.7,1,0.9333,0
I am facing difficulty in Machine Learning and need clarification.,Machine Learning,MCA,Lecturer,Advanced Computer Networks|Artificial Intelligence,0,1,0.55,0,1.0,1
I have an academic query regarding Web Development.,Web Development,MCA,Lecturer,Data Science|Data Structures|Operating Systems|Statistics,0,1,0.55,0,1.0,0
I have an academic query regarding Java.,Java,MCA,Lecturer,Deep Learning|Data Structures,0,1,0.55,7,0.5333,1
Can you explain an issue related to Web Development?,Web Development,CSE,Lecturer,Web Development,1,0,0.55,14,0.0667,1
I have a question about Java.,Java,IT,Professor,Artificial Intelligence,0,1,1.0,12,0.2,0
Please clarify the Data Science topic related to my course.,Data Science,IT,Associate Professor,Algorithms,0,0,0.85,10,0.3333,0
I have an academic query regarding Data Structures.,Data Structures,MCA,Associate Professor,Algorithms|Operating Systems,0,1,0.85,2,0.8667,0
I have an academic query regarding Machine Learning.,Machine Learning,MCA,Assistant Professor,Computer Networks,0,1,0.7,12,0.2,0
I need guidance with my Advanced DBMS assignment.,Advanced DBMS,IT,Associate Professor,Cloud Computing|Python|Computer Networks|Data Structures|Web Development,0,1,0.85,2,0.8667,0
I need guidance with my Machine Learning assignment.,Machine Learning,MCA,Lecturer,Artificial Intelligence|Python,0,1,0.55,12,0.2,0
Could you help me with the Data Science syllabus?,Data Science,IT,Assistant Professor,Algorithms|Advanced Computer Networks|Advanced DBMS|Operating Systems,0,0,0.7,13,0.1333,0
I need help understanding Artificial Intelligence.,Artificial Intelligence,IT,Assistant Professor,Artificial Intelligence|Data Structures,1,1,0.7,12,0.2,1
I have an academic query regarding Cloud Computing.,Cloud Computing,CSE,Assistant Professor,Artificial Intelligence,0,1,0.7,9,0.4,0
Please clarify the Deep Learning topic related to my course.,Deep Learning,MCA,Professor,Software Engineering|Statistics,0,1,1.0,13,0.1333,1
Can you explain an issue related to Web Development?,Web Development,IT,Professor,Python|Cloud Computing|Data Science|DBMS|Computer Networks,0,1,1.0,2,0.8667,0
I need help understanding Data Structures.,Data Structures,MCA,Lecturer,DBMS|Operating Systems,0,1,0.55,15,0.0,1
I am facing difficulty in Software Engineering and need clarification.,Software Engineering,CSE,Lecturer,Algorithms|Artificial Intelligence|Advanced DBMS,0,1,0.55,7,0.5333,0
Could you help me with the Computer Networks syllabus?,Computer Networks,CSE,Professor,Java|Data Science,0,0,1.0,10,0.3333,0
I need help understanding Python.,Python,CSE,Assistant Professor,DBMS|Java|Advanced DBMS|Algorithms,0,0,0.7,6,0.6,0
Can you explain an issue related to Cloud Computing?,Cloud Computing,CSE,Assistant Professor,Advanced Computer Networks|Python|Computer Networks|DBMS,0,1,0.7,12,0.2,0
Could you help me with the Advanced DBMS syllabus?,Advanced DBMS,IT,Professor,Computer Networks|Statistics|Cloud Computing|DBMS,0,0,1.0,2,0.8667,0
I am facing difficulty in Algorithms and need clarification.,Algorithms,MCA,Assistant Professor,Operating Systems|DBMS,0,1,0.7,12,0.2,1
Can you explain an issue related to Cloud Computing?,Cloud Computing,IT,Lecturer,Machine Learning|Web Development|Algorithms|Cloud Computing|Operating Systems,1,1,0.55,2,0.8667,1
Can you explain an issue related to Web Development?,Web Development,MCA,Professor,Cloud Computing|Python|Data Structures|Computer Networks|Machine Learning,0,1,1.0,8,0.4667,1
Please clarify the Statistics topic related to my course.,Statistics,CSE,Lecturer,Data Structures|DBMS|Advanced DBMS|Data Science,0,1,0.55,9,0.4,0
Please clarify the Deep Learning topic related to my course.,Deep Learning,IT,Associate Professor,Java|Python|Advanced Computer Networks,0,1,0.85,15,0.0,0
I need guidance with my Statistics assignment.,Statistics,IT,Lecturer,Artificial Intelligence|Java|Data Science,0,1,0.55,3,0.8,1
I am facing difficulty in Deep Learning and need clarification.,Deep Learning,IT,Associate Professor,Data Structures|Advanced DBMS,0,1,0.85,10,0.3333,0
Could you help me with the Advanced Computer Networks syllabus?,Advanced Computer Networks,CSE,Associate Professor,Software Engineering|Cloud Computing,0,1,0.85,6,0.6,0
Can you explain an issue related to Cloud Computing?,Cloud Computing,MCA,Associate Professor,Operating Systems|Artificial Intelligence,0,1,0.85,5,0.6667,0
I am facing difficulty in Statistics and need clarification.,Statistics,MCA,Assistant Professor,Data Structures|Python|Java|Computer Networks,0,1,0.7,3,0.8,1
I need help understanding Advanced DBMS.,Advanced DBMS,IT,Assistant Professor,Artificial Intelligence|DBMS|Advanced DBMS|Machine Learning|Deep Learning,1,1,0.7,5,0.6667,1
I am facing difficulty in Data Structures and need clarification.,Data Structures,CSE,Lecturer,DBMS|Cloud Computing|Computer Networks|Artificial Intelligence|Advanced Computer Networks,0,1,0.55,5,0.6667,0
Can you explain an issue related to Java?,Java,MCA,Associate Professor,Statistics|Machine Learning|Software Engineering,0,1,0.85,0,1.0,0
I have a question about Cloud Computing.,Cloud Computing,IT,Lecturer,Algorithms|Software Engineering|Web Development|Data Structures,0,1,0.55,5,0.6667,1
Please clarify the Advanced Computer Networks topic related to my course.,Advanced Computer Networks,CSE,Professor,Advanced Computer Networks|Java|Artificial Intelligence,1,1,1.0,15,0.0,1
I have a question about Deep Learning.,Deep Learning,CSE,Assistant Professor,Machine Learning|Statistics|Operating Systems|Deep Learning|Computer Networks,1,1,0.7,7,0.5333,1
Can you explain an issue related to Statistics?,Statistics,CSE,Assistant Professor,Statistics,1,0,0.7,3,0.8,0
I need guidance with my Computer Networks assignment.,Computer Networks,IT,Assistant Professor,Software Engineering|Advanced DBMS|Java|Artificial Intelligence|Cloud Computing,0,1,0.7,6,0.6,0
Could you help me with the Operating Systems syllabus?,Operating Systems,IT,Associate Professor,Java|Data Structures|Algorithms,0,1,0.85,3,0.8,1
Could you help me with the Machine Learning syllabus?,Machine Learning,CSE,Associate Professor,Advanced Computer Networks|DBMS,0,1,0.85,7,0.5333,0
I have an academic query regarding Algorithms.,Algorithms,MCA,Assistant Professor,Cloud Computing|Statistics|Machine Learning|Python,0,1,0.7,2,0.8667,0
Could you help me with the Web Development syllabus?,Web Development,CSE,Lecturer,Data Science|Artificial Intelligence|Web Development,1,0,0.55,11,0.2667,0
I am facing difficulty in Computer Networks and need clarification.,Computer Networks,CSE,Associate Professor,Operating Systems|Python|Software Engineering|DBMS,0,1,0.85,4,0.7333,0
I need help understanding Python.,Python,IT,Professor,Deep Learning,0,1,1.0,14,0.0667,1
I need guidance with my Statistics assignment.,Statistics,CSE,Professor,Computer Networks|DBMS|Statistics|Python,1,1,1.0,8,0.4667,1
Please clarify the Operating Systems topic related to my course.,Operating Systems,MCA,Assistant Professor,Machine Learning|Cloud Computing,0,1,0.7,7,0.5333,0
I need guidance with my Deep Learning assignment.,Deep Learning,MCA,Associate Professor,Artificial Intelligence|DBMS|Java|Deep Learning,1,1,0.85,14,0.0667,1
I need guidance with my Deep Learning assignment.,Deep Learning,CSE,Associate Professor,Artificial Intelligence|Advanced Computer Networks|Computer Networks|Machine Learning,0,1,0.85,3,0.8,1
I need help understanding Java.,Java,MCA,Lecturer,DBMS|Artificial Intelligence,0,1,0.55,0,1.0,0
I need help understanding Statistics.,Statistics,CSE,Associate Professor,Software Engineering|Statistics,1,0,0.85,2,0.8667,0
Can you explain an issue related to Deep Learning?,Deep Learning,IT,Lecturer,Software Engineering|Python|Cloud Computing,0,1,0.55,8,0.4667,0
Can you explain an issue related to Java?,Java,IT,Professor,Computer Networks|Data Structures|Web Development,0,1,1.0,1,0.9333,0
I need guidance with my Algorithms assignment.,Algorithms,CSE,Professor,Algorithms|Artificial Intelligence,1,1,1.0,0,1.0,0
Can you explain an issue related to DBMS?,DBMS,CSE,Lecturer,Advanced DBMS|Algorithms|Cloud Computing,0,1,0.55,2,0.8667,1
I have an academic query regarding Machine Learning.,Machine Learning,MCA,Lecturer,Java|Software Engineering|Computer Networks|Web Development|Statistics,0,1,0.55,4,0.7333,1
Could you help me with the Artificial Intelligence syllabus?,Artificial Intelligence,IT,Associate Professor,Python|Cloud Computing,0,1,0.85,2,0.8667,1
I need help understanding Advanced Computer Networks.,Advanced Computer Networks,MCA,Associate Professor,Software Engineering,0,1,0.85,1,0.9333,1
I have an academic query regarding Deep Learning.,Deep Learning,MCA,Associate Professor,Advanced DBMS,0,1,0.85,11,0.2667,0
I have an academic query regarding Advanced DBMS.,Advanced DBMS,CSE,Associate Professor,Deep Learning|Data Science|Advanced DBMS,1,1,0.85,8,0.4667,1
Please clarify the Artificial Intelligence topic related to my course.,Artificial Intelligence,CSE,Lecturer,Web Development|Machine Learning|Advanced Computer Networks|Software Engineering|Java,0,1,0.55,5,0.6667,1
I need help understanding Deep Learning.,Deep Learning,MCA,Professor,Data Science,0,1,1.0,15,0.0,0
Please clarify the Advanced DBMS topic related to my course.,Advanced DBMS,MCA,Lecturer,Python|Advanced Computer Networks,0,1,0.55,10,0.3333,1
I have an academic query regarding Web Development.,Web Development,MCA,Professor,Advanced Computer Networks|Machine Learning,0,0,1.0,2,0.8667,0
Can you explain an issue related to Java?,Java,CSE,Professor,Statistics|Data Science|Advanced DBMS|Deep Learning|DBMS,0,1,1.0,9,0.4,0
I need guidance with my Statistics assignment.,Statistics,CSE,Lecturer,Advanced Computer Networks|DBMS,0,1,0.55,13,0.1333,1
I have a question about Data Science.,Data Science,CSE,Professor,Java|Deep Learning|Algorithms|Operating Systems,0,0,1.0,13,0.1333,0
I need guidance with my DBMS assignment.,DBMS,IT,Assistant Professor,Machine Learning,0,0,0.7,13,0.1333,0
I need help understanding Statistics.,Statistics,IT,Professor,Deep Learning|DBMS|Python|Software Engineering|Computer Networks,0,1,1.0,1,0.9333,0
Can you explain an issue related to Advanced Computer Networks?,Advanced Computer Networks,CSE,Assistant Professor,Cloud Computing|Python|Advanced DBMS,0,1,0.7,7,0.5333,1
I need guidance with my DBMS assignment.,DBMS,IT,Professor,Deep Learning|Advanced DBMS,0,1,1.0,10,0.3333,0
I have a question about Computer Networks.,Computer Networks,CSE,Assistant Professor,Operating Systems|Deep Learning|Machine Learning|Artificial Intelligence,0,1,0.7,9,0.4,0
I have an academic query regarding Computer Networks.,Computer Networks,CSE,Associate Professor,Advanced Computer Networks,0,0,0.85,12,0.2,0
I have a question about Operating Systems.,Operating Systems,MCA,Professor,Statistics|Advanced Computer Networks|Machine Learning|Algorithms,0,1,1.0,4,0.7333,1
Please clarify the Advanced Computer Networks topic related to my course.,Advanced Computer Networks,MCA,Associate Professor,Web Development|Artificial Intelligence|Java|Statistics,0,1,0.85,2,0.8667,1
Could you help me with the Computer Networks syllabus?,Computer Networks,IT,Lecturer,Artificial Intelligence|Python,0,1,0.55,14,0.0667,1
I need help understanding Cloud Computing.,Cloud Computing,CSE,Professor,Software Engineering|Advanced DBMS|Algorithms|Deep Learning,0,0,1.0,8,0.4667,0
Could you help me with the Machine Learning syllabus?,Machine Learning,IT,Associate Professor,Algorithms|Software Engineering|Statistics,0,1,0.85,1,0.9333,1
I need guidance with my DBMS assignment.,DBMS,CSE,Associate Professor,Advanced Computer Networks|Data Science|Computer Networks|Cloud Computing|Web Development,0,1,0.85,15,0.0,0
I have an academic query regarding Cloud Computing.,Cloud Computing,CSE,Associate Professor,Python,0,1,0.85,0,1.0,0
Can you explain an issue related to Machine Learning?,Machine Learning,CSE,Assistant Professor,Advanced Computer Networks|Advanced DBMS|Machine Learning|Deep Learning|Python,1,1,0.7,1,0.9333,1
I have a question about Cloud Computing.,Cloud Computing,CSE,Associate Professor,Advanced Computer Networks|Python,0,1,0.85,11,0.2667,0
Can you explain an issue related to Web Development?,Web Development,IT,Associate Professor,Computer Networks|Algorithms|Operating Systems|DBMS|Artificial Intelligence,0,1,0.85,2,0.8667,1
I need guidance with my Data Science assignment.,Data Science,IT,Lecturer,Python,0,0,0.55,6,0.6,0
I need guidance with my Advanced DBMS assignment.,Advanced DBMS,CSE,Professor,DBMS,0,1,1.0,4,0.7333,0
I am facing difficulty in Artificial Intelligence and need clarification.,Artificial Intelligence,CSE,Lecturer,Deep Learning|Python|DBMS|Advanced DBMS|Artificial Intelligence,1,0,0.55,13,0.1333,0
I have a question about Python.,Python,MCA,Assistant Professor,Advanced DBMS|Cloud Computing,0,1,0.7,9,0.4,1
I need help understanding Cloud Computing.,Cloud Computing,IT,Professor,Python|Advanced Computer Networks,0,1,1.0,3,0.8,0
I need guidance with my Python assignment.,Python,IT,Professor,Web Development|Python,1,1,1.0,2,0.8667,1
I have a question about Statistics.,Statistics,MCA,Assistant Professor,Advanced Computer Networks|Artificial Intelligence,0,1,0.7,3,0.8,0
Please clarify the Cloud Computing topic related to my course.,Cloud Computing,CSE,Lecturer,Software Engineering|Algorithms,0,0,0.55,11,0.2667,0
I need guidance with my Algorithms assignment.,Algorithms,IT,Associate Professor,Statistics|Artificial Intelligence,0,1,0.85,1,0.9333,1
I am facing difficulty in Operating Systems and need clarification.,Operating Systems,MCA,Professor,Advanced DBMS|Cloud Computing|Artificial Intelligence,0,1,1.0,2,0.8667,1
I have an academic query regarding Data Science.,Data Science,CSE,Associate Professor,Software Engineering|Advanced DBMS|Data Science|Machine Learning|Algorithms,1,1,0.85,6,0.6,1
I need guidance with my Java assignment.,Java,CSE,Associate Professor,Machine Learning,0,1,0.85,15,0.0,1
Please clarify the Data Science topic related to my course.,Data Science,CSE,Professor,Algorithms|Computer Networks|Machine Learning,0,1,1.0,5,0.6667,0
Could you help me with the Algorithms syllabus?,Algorithms,MCA,Assistant Professor,Algorithms|Data Structures|Statistics|Python,1,1,0.7,12,0.2,1
I have an academic query regarding Web Development.,Web Development,MCA,Lecturer,Operating Systems,0,1,0.55,8,0.4667,1
Can you explain an issue related to Machine Learning?,Machine Learning,MCA,Professor,Web Development,0,1,1.0,13,0.1333,0
I need help understanding Machine Learning.,Machine Learning,CSE,Lecturer,Algorithms|Advanced Computer Networks|Data Structures|DBMS|Machine Learning,1,1,0.55,1,0.9333,1
Could you help me with the Deep Learning syllabus?,Deep Learning,CSE,Associate Professor,Computer Networks|Data Structures,0,1,0.85,13,0.1333,1
I need guidance with my Computer Networks assignment.,Computer Networks,IT,Associate Professor,Operating Systems|Python|Statistics|Web Development|Cloud Computing,0,1,0.85,12,0.2,0
I need help understanding Operating Systems.,Operating Systems,IT,Lecturer,Data Structures,0,1,0.55,3,0.8,0
I am facing difficulty in Deep Learning and need clarification.,Deep Learning,MCA,Professor,Web Development|Software Engineering|DBMS,0,1,1.0,15,0.0,0
I have a question about Machine Learning.,Machine Learning,MCA,Assistant Professor,DBMS|Cloud Computing|Data Science|Computer Networks,0,0,0.7,10,0.3333,0
I am facing difficulty in Algorithms and need clarification.,Algorithms,CSE,Assistant Professor,Python,0,1,0.7,9,0.4,0
Can you explain an issue related to Deep Learning?,Deep Learning,MCA,Associate Professor,Statistics|Python|DBMS,0,1,0.85,2,0.8667,1
I have a question about Software Engineering.,Software Engineering,IT,Lecturer,Web Development|Machine Learning|Operating Systems|Cloud Computing|Artificial Intelligence,0,1,0.55,12,0.2,1
Can you explain an issue related to Advanced DBMS?,Advanced DBMS,MCA,Associate Professor,Advanced Computer Networks,0,1,0.85,1,0.9333,0
I am facing difficulty in Operating Systems and need clarification.,Operating Systems,CSE,Lecturer,Cloud Computing|Deep Learning|Python|Data Science|Algorithms,0,1,0.55,14,0.0667,1
Can you explain an issue related to Web Development?,Web Development,CSE,Associate Professor,Artificial Intelligence|Java|Data Science,0,1,0.85,5,0.6667,0
I need help understanding Advanced Computer Networks.,Advanced Computer Networks,IT,Associate Professor,Operating Systems|Software Engineering,0,1,0.85,0,1.0,0
Could you help me with the Advanced DBMS syllabus?,Advanced DBMS,IT,Professor,Operating Systems|Java,0,1,1.0,8,0.4667,0
I have a question about Web Development.,Web Development,CSE,Assistant Professor,Statistics|Java,0,1,0.7,12,0.2,0
I have an academic query regarding Data Structures.,Data Structures,IT,Assistant Professor,Java|Data Structures|Python|Machine Learning|Advanced Computer Networks,1,1,0.7,8,0.4667,1
I need help understanding Operating Systems.,Operating Systems,IT,Assistant Professor,DBMS|Advanced Computer Networks,0,0,0.7,12,0.2,0
Can you explain an issue related to Data Science?,Data Science,IT,Lecturer,Operating Systems|Software Engineering|Computer Networks,0,1,0.55,1,0.9333,0
I am facing difficulty in Python and need clarification.,Python,IT,Associate Professor,Algorithms|Web Development|Operating Systems|DBMS|Artificial Intelligence,0,0,0.85,5,0.6667,0
I need guidance with my DBMS assignment.,DBMS,IT,Assistant Professor,Advanced DBMS|Python|Algorithms|Machine Learning|Deep Learning,0,1,0.7,9,0.4,0
Can you explain an issue related to Web Development?,Web Development,CSE,Assistant Professor,Deep Learning|Algorithms|Data Science|Software Engineering,0,1,0.7,2,0.8667,0
I am facing difficulty in Data Structures and need clarification.,Data Structures,MCA,Lecturer,Java|Software Engineering|Data Science|Algorithms|Artificial Intelligence,0,1,0.55,6,0.6,0
I have a question about DBMS.,DBMS,CSE,Associate Professor,Algorithms,0,1,0.85,5,0.6667,1
Could you help me with the Data Science syllabus?,Data Science,CSE,Assistant Professor,Advanced DBMS|Data Structures,0,1,0.7,2,0.8667,1
I need guidance with my Software Engineering assignment.,Software Engineering,CSE,Lecturer,Cloud Computing|Data Science|Algorithms|Operating Systems,0,1,0.55,11,0.2667,0
Please clarify the Data Structures topic related to my course.,Data Structures,MCA,Professor,Advanced Computer Networks,0,1,1.0,11,0.2667,0
I need guidance with my Cloud Computing assignment.,Cloud Computing,IT,Assistant Professor,Artificial Intelligence|Machine Learning,0,1,0.7,9,0.4,0
Can you explain an issue related to Software Engineering?,Software Engineering,IT,Associate Professor,Algorithms|Web Development|Cloud Computing,0,1,0.85,12,0.2,1
I have an academic query regarding DBMS.,DBMS,MCA,Professor,Data Structures|Advanced DBMS|Machine Learning|Algorithms|Web Development,0,1,1.0,1,0.9333,1
Could you help me with the Machine Learning syllabus?,Machine Learning,IT,Professor,Data Science,0,1,1.0,3,0.8,0
Please clarify the Deep Learning topic related to my course.,Deep Learning,IT,Assistant Professor,DBMS|Computer Networks|Web Development|Python,0,1,0.7,9,0.4,0
Can you explain an issue related to Data Structures?,Data Structures,CSE,Associate Professor,Deep Learning|Data Structures|DBMS|Machine Learning,1,1,0.85,15,0.0,1
I am facing difficulty in Operating Systems and need clarification.,Operating Systems,IT,Associate Professor,Software Engineering|Java|Artificial Intelligence,0,1,0.85,15,0.0,0
Please clarify the Python topic related to my course.,Python,MCA,Professor,Artificial Intelligence,0,0,1.0,15,0.0,0
I need help understanding Data Structures.,Data Structures,MCA,Professor,Advanced Computer Networks|Statistics|DBMS,0,1,1.0,1,0.9333,1
I need help understanding Machine Learning.,Machine Learning,CSE,Assistant Professor,Software Engineering|Deep Learning|Machine Learning,1,0,0.7,1,0.9333,1
I am facing difficulty in Advanced DBMS and need clarification.,Advanced DBMS,CSE,Assistant Professor,Operating Systems|Artificial Intelligence|Advanced DBMS|Software Engineering,1,1,0.7,3,0.8,1
I am facing difficulty in Operating Systems and need clarification.,Operating Systems,CSE,Lecturer,Advanced DBMS|Deep Learning|Artificial Intelligence|Web Development,0,1,0.55,5,0.6667,1
I am facing difficulty in Statistics and need clarification.,Statistics,MCA,Lecturer,Data Science|DBMS|Advanced Computer Networks,0,0,0.55,3,0.8,0
Can you explain an issue related to Machine Learning?,Machine Learning,MCA,Assistant Professor,Data Science|Advanced Computer Networks|Python,0,0,0.7,3,0.8,0
I am facing difficulty in Algorithms and need clarification.,Algorithms,CSE,Lecturer,Machine Learning|Data Science,0,1,0.55,5,0.6667,0
Could you help me with the Algorithms syllabus?,Algorithms,MCA,Professor,Python|Advanced Computer Networks|Advanced DBMS|DBMS,0,1,1.0,7,0.5333,0
I am facing difficulty in Cloud Computing and need clarification.,Cloud Computing,MCA,Professor,Statistics|Data Structures|Machine Learning|Software Engineering,0,1,1.0,10,0.3333,1
Can you explain an issue related to Data Science?,Data Science,MCA,Lecturer,Machine Learning|Data Science|Software Engineering|Data Structures,1,1,0.55,9,0.4,1
I am facing difficulty in Statistics and need clarification.,Statistics,CSE,Assistant Professor,Advanced Computer Networks,0,0,0.7,10,0.3333,0
I need guidance with my Web Development assignment.,Web Development,IT,Lecturer,Deep Learning,0,1,0.55,7,0.5333,1
Could you help me with the Java syllabus?,Java,IT,Assistant Professor,Machine Learning,0,0,0.7,15,0.0,0
Please clarify the Deep Learning topic related to my course.,Deep Learning,CSE,Associate Professor,Deep Learning|Cloud Computing,1,1,0.85,6,0.6,1
Could you help me with the Software Engineering syllabus?,Software Engineering,MCA,Professor,Statistics|DBMS|Advanced Computer Networks|Data Science,0,1,1.0,1,0.9333,0
Could you help me with the Algorithms syllabus?,Algorithms,IT,Associate Professor,Advanced DBMS|DBMS|Machine Learning|Computer Networks|Python,0,1,0.85,10,0.3333,0
I have an academic query regarding Software Engineering.,Software Engineering,IT,Associate Professor,Cloud Computing|Python|DBMS,0,1,0.85,4,0.7333,1
I need help understanding Python.,Python,IT,Associate Professor,Computer Networks|Java,0,1,0.85,4,0.7333,0
I have an academic query regarding Data Structures.,Data Structures,IT,Assistant Professor,Web Development,0,1,0.7,13,0.1333,0
I need help understanding Software Engineering.,Software Engineering,MCA,Professor,Cloud Computing,0,1,1.0,1,0.9333,1
I am facing difficulty in Java and need clarification.,Java,IT,Assistant Professor,Machine Learning|Java,1,1,0.7,1,0.9333,1
I have a question about Deep Learning.,Deep Learning,IT,Associate Professor,Cloud Computing|Advanced Computer Networks|Operating Systems|Data Structures|Software Engineering,0,1,0.85,9,0.4,0
I need guidance with my Cloud Computing assignment.,Cloud Computing,CSE,Lecturer,Machine Learning|Data Science|Web Development,0,1,0.55,14,0.0667,0
Please clarify the Computer Networks topic related to my course.,Computer Networks,IT,Associate Professor,Statistics|Advanced DBMS|Python,0,1,0.85,5,0.6667,0
I am facing difficulty in Cloud Computing and need clarification.,Cloud Computing,MCA,Lecturer,Operating Systems|DBMS|Artificial Intelligence,0,1,0.55,8,0.4667,1
I need guidance with my DBMS assignment.,DBMS,MCA,Associate Professor,Machine Learning|Java|Advanced Computer Networks,0,1,0.85,11,0.2667,1
Can you explain an issue related to Data Structures?,Data Structures,MCA,Associate Professor,Artificial Intelligence|Advanced DBMS|Computer Networks|Operating Systems|Software Engineering,0,1,0.85,11,0.2667,1
I need guidance with my Python assignment.,Python,CSE,Assistant Professor,Computer Networks|Algorithms|Operating Systems,0,0,0.7,0,1.0,1
I have an academic query regarding Statistics.,Statistics,MCA,Associate Professor,Python,0,1,0.85,3,0.8,0
Please clarify the Data Science topic related to my course.,Data Science,IT,Assistant Professor,Data Structures|Statistics|Advanced Computer Networks|Data Science|DBMS,1,0,0.7,6,0.6,1
Could you help me with the Deep Learning syllabus?,Deep Learning,MCA,Professor,Computer Networks,0,1,1.0,6,0.6,0
Please clarify the Deep Learning topic related to my course.,Deep Learning,MCA,Lecturer,DBMS,0,1,0.55,10,0.3333,1
I have a question about Machine Learning.,Machine Learning,MCA,Assistant Professor,Artificial Intelligence|Advanced Computer Networks|Statistics|DBMS|Computer Networks,0,1,0.7,12,0.2,0
Please clarify the Cloud Computing topic related to my course.,Cloud Computing,IT,Professor,Data Science|Artificial Intelligence|Cloud Computing|Web Development|Java,1,1,1.0,2,0.8667,1
Can you explain an issue related to Java?,Java,IT,Assistant Professor,Artificial Intelligence|Java|Cloud Computing|Advanced Computer Networks|Computer Networks,1,1,0.7,0,1.0,1
I have a question about DBMS.,DBMS,IT,Lecturer,Java|DBMS|Algorithms|Python|Cloud Computing,1,0,0.55,11,0.2667,0
I need guidance with my DBMS assignment.,DBMS,MCA,Professor,Cloud Computing,0,1,1.0,2,0.8667,1
I need help understanding Computer Networks.,Computer Networks,CSE,Associate Professor,Advanced DBMS|Advanced Computer Networks,0,1,0.85,8,0.4667,1
I need guidance with my Machine Learning assignment.,Machine Learning,IT,Lecturer,Artificial Intelligence|Java|Python|Machine Learning|DBMS,1,1,0.55,15,0.0,0
I am facing difficulty in DBMS and need clarification.,DBMS,IT,Associate Professor,Java,0,1,0.85,6,0.6,1
Can you explain an issue related to Python?,Python,IT,Assistant Professor,DBMS|Web Development|Cloud Computing|Advanced DBMS|Computer Networks,0,1,0.7,10,0.3333,1
I am facing difficulty in Software Engineering and need clarification.,Software Engineering,CSE,Assistant Professor,Python|Algorithms,0,1,0.7,11,0.2667,0
I have a question about Deep Learning.,Deep Learning,MCA,Professor,DBMS|Computer Networks|Data Structures,0,1,1.0,2,0.8667,0
I need help understanding Data Structures.,Data Structures,IT,Professor,Cloud Computing|Computer Networks|Statistics|Data Science|Operating Systems,0,1,1.0,15,0.0,0
Can you explain an issue related to Web Development?,Web Development,CSE,Associate Professor,Java|DBMS|Advanced Computer Networks|Operating Systems|Software Engineering,0,1,0.85,11,0.2667,0
I am facing difficulty in Advanced DBMS and need clarification.,Advanced DBMS,IT,Associate Professor,Advanced DBMS|Data Structures|Java|Statistics,1,1,0.85,4,0.7333,1
I need guidance with my Web Development assignment.,Web Development,MCA,Associate Professor,Advanced Computer Networks|Artificial Intelligence|DBMS|Advanced DBMS,0,1,0.85,6,0.6,0
I have an academic query regarding Cloud Computing.,Cloud Computing,CSE,Lecturer,Machine Learning,0,0,0.55,10,0.3333,0
Could you help me with the Operating Systems syllabus?,Operating Systems,IT,Associate Professor,Cloud Computing|Web Development|Java|Python,0,0,0.85,2,0.8667,0
I need help understanding Advanced Computer Networks.,Advanced Computer Networks,IT,Lecturer,Web Development|Algorithms|Cloud Computing,0,1,0.55,0,1.0,0
I need help understanding Statistics.,Statistics,MCA,Associate Professor,Data Structures,0,1,0.85,6,0.6,1
I am facing difficulty in Web Development and need clarification.,Web Development,IT,Professor,Software Engineering|Python,0,1,1.0,15,0.0,0
I have a question about Computer Networks.,Computer Networks,IT,Associate Professor,Data Science|Advanced Computer Networks|Data Structures|Artificial Intelligence,0,1,0.85,5,0.6667,1
I have an academic query regarding DBMS.,DBMS,MCA,Associate Professor,Advanced DBMS|Cloud Computing|Java,0,0,0.85,0,1.0,0
I have an academic query regarding Artificial Intelligence.,Artificial Intelligence,MCA,Lecturer,Algorithms|Data Structures|Artificial Intelligence|Deep Learning|Computer Networks,1,1,0.55,5,0.6667,1
Could you help me with the Advanced DBMS syllabus?,Advanced DBMS,IT,Assistant Professor,Artificial Intelligence|Advanced Computer Networks|Computer Networks|Statistics,0,1,0.7,0,1.0,1
I need help understanding DBMS.,DBMS,IT,Professor,Algorithms|Machine Learning,0,0,1.0,3,0.8,1
I am facing difficulty in Data Science and need clarification.,Data Science,IT,Lecturer,Software Engineering|Web Development|Data Structures|Data Science|Algorithms,1,1,0.55,7,0.5333,0
Could you help me with the Cloud Computing syllabus?,Cloud Computing,CSE,Professor,DBMS|Operating Systems|Advanced Computer Networks|Cloud Computing,1,1,1.0,2,0.8667,1
Can you explain an issue related to Operating Systems?,Operating Systems,MCA,Professor,Data Structures,0,1,1.0,0,1.0,1
Could you help me with the Python syllabus?,Python,CSE,Assistant Professor,DBMS,0,1,0.7,8,0.4667,1
I am facing difficulty in Web Development and need clarification.,Web Development,IT,Assistant Professor,Computer Networks|Software Engineering|Operating Systems|Cloud Computing,0,1,0.7,5,0.6667,0
Could you help me with the Operating Systems syllabus?,Operating Systems,CSE,Assistant Professor,DBMS|Deep Learning|Web Development|Algorithms,0,1,0.7,5,0.6667,1
Could you help me with the Python syllabus?,Python,IT,Professor,Cloud Computing|Data Science,0,1,1.0,4,0.7333,0
Could you help me with the Artificial Intelligence syllabus?,Artificial Intelligence,MCA,Assistant Professor,Web Development|Artificial Intelligence,1,1,0.7,12,0.2,0
Can you explain an issue related to Data Structures?,Data Structures,CSE,Professor,Algorithms|Statistics,0,1,1.0,9,0.4,1
I need guidance with my Advanced DBMS assignment.,Advanced DBMS,IT,Professor,Advanced Computer Networks|Data Science|Artificial Intelligence,0,1,1.0,8,0.4667,0
I have an academic query regarding Cloud Computing.,Cloud Computing,CSE,Associate Professor,Data Science|Artificial Intelligence|Statistics|Machine Learning|Operating Systems,0,1,0.85,11,0.2667,0
I have an academic query regarding Advanced Computer Networks.,Advanced Computer Networks,IT,Associate Professor,Cloud Computing|Data Science|DBMS|Artificial Intelligence,0,1,0.85,3,0.8,0
I am facing difficulty in Python and need clarification.,Python,MCA,Assistant Professor,Operating Systems|Statistics|Computer Networks|Java|Advanced Computer Networks,0,1,0.7,10,0.3333,0
Can you explain an issue related to Statistics?,Statistics,IT,Professor,Deep Learning|Operating Systems|Machine Learning|Computer Networks,0,1,1.0,7,0.5333,0
I need help understanding Python.,Python,CSE,Assistant Professor,Data Science|Operating Systems|Deep Learning|DBMS|Machine Learning,0,1,0.7,10,0.3333,1
Can you explain an issue related to Algorithms?,Algorithms,CSE,Assistant Professor,Operating Systems|Advanced DBMS,0,0,0.7,6,0.6,0
Please clarify the Advanced Computer Networks topic related to my course.,Advanced Computer Networks,IT,Associate Professor,Computer Networks|Advanced Computer Networks|Deep Learning,1,0,0.85,11,0.2667,1
I have an academic query regarding Deep Learning.,Deep Learning,MCA,Lecturer,Data Science|Machine Learning|Software Engineering|Advanced Computer Networks|Advanced DBMS,0,1,0.55,15,0.0,0
I have a question about Algorithms.,Algorithms,MCA,Assistant Professor,Advanced Computer Networks|DBMS|Data Science|Operating Systems,0,1,0.7,15,0.0,0
I have a question about Data Structures.,Data Structures,CSE,Lecturer,Statistics|Deep Learning,0,1,0.55,14,0.0667,0
Can you explain an issue related to Data Science?,Data Science,IT,Associate Professor,Deep Learning|Python|Advanced DBMS|Java,0,0,0.85,5,0.6667,0
Could you help me with the Operating Systems syllabus?,Operating Systems,CSE,Assistant Professor,Advanced DBMS|Algorithms|Computer Networks,0,1,0.7,11,0.2667,0
Could you help me with the Operating Systems syllabus?,Operating Systems,CSE,Associate Professor,DBMS|Advanced Computer Networks|Software Engineering|Machine Learning|Web Development,0,1,0.85,7,0.5333,0
I have an academic query regarding Computer Networks.,Computer Networks,MCA,Associate Professor,Data Science|Advanced DBMS|Computer Networks|Advanced Computer Networks,1,1,0.85,10,0.3333,1
Please clarify the Operating Systems topic related to my course.,Operating Systems,IT,Professor,Deep Learning|Advanced DBMS|Data Science|Data Structures,0,1,1.0,15,0.0,0
Could you help me with the Statistics syllabus?,Statistics,IT,Assistant Professor,Web Development|Data Structures|Operating Systems,0,1,0.7,8,0.4667,0
Could you help me with the Deep Learning syllabus?,Deep Learning,CSE,Associate Professor,Advanced DBMS|Java|Data Structures|Statistics|Python,0,1,0.85,14,0.0667,0
Please clarify the Java topic related to my course.,Java,CSE,Associate Professor,Python|Software Engineering,0,1,0.85,12,0.2,0
Could you help me with the Artificial Intelligence syllabus?,Artificial Intelligence,MCA,Assistant Professor,Python|Data Structures,0,1,0.7,8,0.4667,0
I have an academic query regarding Operating Systems.,Operating Systems,CSE,Assistant Professor,Data Structures|Statistics|Computer Networks|Artificial Intelligence|Software Engineering,0,0,0.7,4,0.7333,0
Please clarify the Artificial Intelligence topic related to my course.,Artificial Intelligence,MCA,Associate Professor,Deep Learning|Data Structures|Machine Learning|Advanced Computer Networks,0,1,0.85,0,1.0,0
I am facing difficulty in Deep Learning and need clarification.,Deep Learning,CSE,Associate Professor,Cloud Computing,0,1,0.85,7,0.5333,0
I am facing difficulty in DBMS and need clarification.,DBMS,MCA,Associate Professor,Machine Learning,0,1,0.85,10,0.3333,0
I have an academic query regarding Operating Systems.,Operating Systems,IT,Lecturer,Advanced DBMS|Statistics,0,1,0.55,13,0.1333,0
I have an academic query regarding Web Development.,Web Development,CSE,Associate Professor,Statistics,0,1,0.85,13,0.1333,1
I am facing difficulty in Data Science and need clarification.,Data Science,MCA,Associate Professor,Java|Algorithms|Operating Systems,0,1,0.85,15,0.0,0
Could you help me with the Java syllabus?,Java,MCA,Lecturer,Advanced Computer Networks|Data Science|Operating Systems,0,1,0.55,13,0.1333,0
I have an academic query regarding Cloud Computing.,Cloud Computing,MCA,Associate Professor,Cloud Computing|Advanced Computer Networks|DBMS|Machine Learning,1,1,0.85,7,0.5333,1
I have an academic query regarding Java.,Java,IT,Assistant Professor,Computer Networks|Artificial Intelligence|Algorithms|Statistics,0,1,0.7,14,0.0667,0
Please clarify the Algorithms topic related to my course.,Algorithms,MCA,Assistant Professor,DBMS,0,1,0.7,0,1.0,1
I have an academic query regarding Java.,Java,CSE,Associate Professor,Data Science|Advanced Computer Networks|Machine Learning|Artificial Intelligence,0,1,0.85,6,0.6,0
Could you help me with the Algorithms syllabus?,Algorithms,CSE,Lecturer,Python,0,1,0.55,4,0.7333,1
Can you explain an issue related to Artificial Intelligence?,Artificial Intelligence,IT,Lecturer,Computer Networks|Operating Systems,0,1,0.55,0,1.0,1
Can you explain an issue related to Cloud Computing?,Cloud Computing,CSE,Associate Professor,Computer Networks,0,1,0.85,3,0.8,0
I have an academic query regarding Algorithms.,Algorithms,CSE,Assistant Professor,Advanced DBMS|Machine Learning|Web Development,0,0,0.7,3,0.8,0
I have an academic query regarding Computer Networks.,Computer Networks,CSE,Professor,Deep Learning|Advanced Computer Networks,0,1,1.0,10,0.3333,1
I need help understanding Deep Learning.,Deep Learning,CSE,Associate Professor,Machine Learning,0,1,0.85,15,0.0,0
I have a question about Web Development.,Web Development,MCA,Associate Professor,Algorithms|Artificial Intelligence,0,1,0.85,10,0.3333,0
I am facing difficulty in Machine Learning and need clarification.,Machine Learning,CSE,Associate Professor,Deep Learning|DBMS|Advanced Computer Networks|Data Structures|Advanced DBMS,0,0,0.85,11,0.2667,0
I am facing difficulty in Computer Networks and need clarification.,Computer Networks,MCA,Lecturer,DBMS|Operating Systems|Statistics,0,1,0.55,14,0.0667,0
I need help understanding Computer Networks.,Computer Networks,IT,Associate Professor,Web Development|Python|Data Structures|Advanced Computer Networks|DBMS,0,0,0.85,5,0.6667,1
I need guidance with my Statistics assignment.,Statistics,CSE,Assistant Professor,Web Development|Statistics|Data Science|Cloud Computing|Python,1,1,0.7,5,0.6667,1
I need guidance with my Advanced Computer Networks assignment.,Advanced Computer Networks,CSE,Professor,Cloud Computing|Computer Networks|Operating Systems|Python|Advanced Computer Networks,1,1,1.0,4,0.7333,1
I need help understanding Software Engineering.,Software Engineering,IT,Assistant Professor,Deep Learning,0,1,0.7,2,0.8667,1
Could you help me with the Advanced DBMS syllabus?,Advanced DBMS,MCA,Associate Professor,Algorithms,0,1,0.85,1,0.9333,0
Can you explain an issue related to Algorithms?,Algorithms,IT,Assistant Professor,Web Development,0,1,0.7,2,0.8667,1
I have a question about Algorithms.,Algorithms,MCA,Lecturer,Web Development,0,1,0.55,13,0.1333,0
Please clarify the Operating Systems topic related to my course.,Operating Systems,IT,Professor,Java,0,1,1.0,6,0.6,0
Could you help me with the Deep Learning syllabus?,Deep Learning,IT,Associate Professor,Cloud Computing|Computer Networks|Deep Learning|Operating Systems|Python,1,1,0.85,5,0.6667,1
I need help understanding Deep Learning.,Deep Learning,IT,Assistant Professor,Software Engineering|Deep Learning|Artificial Intelligence|Cloud Computing,1,1,0.7,12,0.2,1
Can you explain an issue related to Statistics?,Statistics,CSE,Assistant Professor,Python|Web Development|Computer Networks|Cloud Computing|Data Structures,0,1,0.7,10,0.3333,0
I have a question about Cloud Computing.,Cloud Computing,IT,Assistant Professor,Statistics|Data Structures|Computer Networks,0,1,0.7,1,0.9333,0
I have a question about Data Structures.,Data Structures,MCA,Assistant Professor,Java,0,0,0.7,6,0.6,0
I need guidance with my Operating Systems assignment.,Operating Systems,IT,Associate Professor,Machine Learning,0,1,0.85,4,0.7333,1
I am facing difficulty in Advanced Computer Networks and need clarification.,Advanced Computer Networks,MCA,Assistant Professor,Artificial Intelligence|Cloud Computing|Java,0,0,0.7,2,0.8667,0
I need guidance with my Advanced DBMS assignment.,Advanced DBMS,CSE,Professor,Java|Machine Learning|Web Development|Cloud Computing|Data Structures,0,1,1.0,1,0.9333,0
Could you help me with the Web Development syllabus?,Web Development,CSE,Lecturer,Advanced Computer Networks,0,1,0.55,0,1.0,0
Could you help me with the Machine Learning syllabus?,Machine Learning,CSE,Professor,DBMS|Python|Operating Systems,0,1,1.0,4,0.7333,1
Please clarify the Statistics topic related to my course.,Statistics,IT,Professor,Software Engineering|Java,0,1,1.0,4,0.7333,1
I am facing difficulty in Algorithms and need clarification.,Algorithms,IT,Professor,Cloud Computing|Operating Systems|Machine Learning|Computer Networks|Algorithms,1,1,1.0,4,0.7333,1
Please clarify the Computer Networks topic related to my course.,Computer Networks,CSE,Lecturer,Computer Networks|Advanced Computer Networks|Deep Learning|Machine Learning|DBMS,1,1,0.55,10,0.3333,1
I need help understanding Deep Learning.,Deep Learning,IT,Lecturer,Web Development|Data Structures|Deep Learning|Advanced DBMS,1,1,0.55,0,1.0,1
Please clarify the Web Development topic related to my course.,Web Development,IT,Lecturer,DBMS|Statistics|Data Science|Software Engineering|Deep Learning,0,1,0.55,11,0.2667,1
I am facing difficulty in Deep Learning and need clarification.,Deep Learning,IT,Professor,DBMS|Java,0,1,1.0,3,0.8,1
I need help understanding Data Science.,Data Science,CSE,Associate Professor,Computer Networks|Data Structures|Operating Systems|Statistics|Cloud Computing,0,1,0.85,15,0.0,0
I have a question about Data Science.,Data Science,CSE,Professor,Advanced DBMS|Machine Learning|DBMS,0,1,1.0,8,0.4667,1
Could you help me with the Artificial Intelligence syllabus?,Artificial Intelligence,CSE,Assistant Professor,Deep Learning|Data Science|DBMS,0,0,0.7,12,0.2,0
I have a question about Data Structures.,Data Structures,IT,Professor,Algorithms|Artificial Intelligence|Data Structures,1,1,1.0,14,0.0667,1
I need guidance with my Machine Learning assignment.,Machine Learning,MCA,Assistant Professor,Algorithms|Cloud Computing|Web Development,0,1,0.7,11,0.2667,0
I have an academic query regarding Java.,Java,MCA,Assistant Professor,Operating Systems,0,0,0.7,0,1.0,0
I need help understanding Advanced Computer Networks.,Advanced Computer Networks,MCA,Assistant Professor,DBMS|Artificial Intelligence|Web Development|Computer Networks,0,1,0.7,7,0.5333,0
I have an academic query regarding Software Engineering.,Software Engineering,CSE,Assistant Professor,DBMS|Computer Networks|Python|Artificial Intelligence,0,1,0.7,6,0.6,0
I need help understanding Data Structures.,Data Structures,MCA,Lecturer,Advanced DBMS|Python,0,1,0.55,3,0.8,1
Can you explain an issue related to Data Science?,Data Science,CSE,Lecturer,Java|Statistics|Web Development|Software Engineering,0,0,0.55,8,0.4667,0
Can you explain an issue related to Deep Learning?,Deep Learning,MCA,Associate Professor,Operating Systems,0,1,0.85,7,0.5333,0
I need help understanding Data Science.,Data Science,CSE,Professor,DBMS|Algorithms|Web Development|Python,0,1,1.0,12,0.2,0
Could you help me with the Advanced DBMS syllabus?,Advanced DBMS,MCA,Associate Professor,Software Engineering,0,1,0.85,0,1.0,0
I am facing difficulty in Advanced Computer Networks and need clarification.,Advanced Computer Networks,IT,Associate Professor,Artificial Intelligence|Advanced DBMS,0,0,0.85,14,0.0667,0
I have a question about Python.,Python,CSE,Associate Professor,Cloud Computing|Machine Learning|Java|Web Development,0,0,0.85,10,0.3333,0
I have a question about Data Structures.,Data Structures,MCA,Lecturer,Machine Learning|Advanced Computer Networks|Operating Systems|Statistics,0,1,0.55,1,0.9333,0
I need help understanding Computer Networks.,Computer Networks,CSE,Lecturer,Java|Data Structures|Advanced Computer Networks|Artificial Intelligence,0,1,0.55,1,0.9333,0
I need guidance with my Statistics assignment.,Statistics,IT,Lecturer,Data Structures,0,1,0.55,4,0.7333,0
Please clarify the Statistics topic related to my course.,Statistics,MCA,Associate Professor,Computer Networks|Statistics|Machine Learning|DBMS,1,1,0.85,5,0.6667,1
Could you help me with the Artificial Intelligence syllabus?,Artificial Intelligence,MCA,Lecturer,Artificial Intelligence|Cloud Computing|Web Development,1,1,0.55,5,0.6667,1
I have an academic query regarding Machine Learning.,Machine Learning,MCA,Assistant Professor,DBMS|Advanced DBMS|Software Engineering|Artificial Intelligence|Statistics,0,1,0.7,1,0.9333,0
I have an academic query regarding Statistics.,Statistics,CSE,Associate Professor,DBMS,0,0,0.85,0,1.0,0
I am facing difficulty in Data Science and need clarification.,Data Science,CSE,Lecturer,Data Science|Algorithms|Deep Learning|Statistics,1,1,0.55,15,0.0,1
I need guidance with my Artificial Intelligence assignment.,Artificial Intelligence,IT,Professor,Operating Systems|Computer Networks,0,1,1.0,4,0.7333,1
I have an academic query regarding Machine Learning.,Machine Learning,MCA,Professor,Java|Python|Statistics|Machine Learning|Data Science,1,1,1.0,5,0.6667,1
Could you help me with the Advanced DBMS syllabus?,Advanced DBMS,CSE,Assistant Professor,Artificial Intelligence,0,1,0.7,10,0.3333,0
Could you help me with the Artificial Intelligence syllabus?,Artificial Intelligence,CSE,Professor,Algorithms|DBMS|Machine Learning,0,1,1.0,8,0.4667,1
I have an academic query regarding Data Structures.,Data Structures,MCA,Associate Professor,Machine Learning|Deep Learning|Java|Web Development|Python,0,1,0.85,2,0.8667,0
I am facing difficulty in Software Engineering and need clarification.,Software Engineering,IT,Assistant Professor,Data Structures|Web Development|Statistics,0,1,0.7,15,0.0,0
Can you explain an issue related to Algorithms?,Algorithms,MCA,Associate Professor,Computer Networks|Data Science|Machine Learning,0,1,0.85,3,0.8,0
Please clarify the Software Engineering topic related to my course.,Software Engineering,CSE,Professor,Web Development|Computer Networks|Data Science,0,1,1.0,9,0.4,1
I have a question about Java.,Java,CSE,Assistant Professor,Deep Learning,0,1,0.7,10,0.3333,0
I am facing difficulty in Advanced DBMS and need clarification.,Advanced DBMS,MCA,Assistant Professor,Algorithms|Data Structures|Cloud Computing,0,1,0.7,4,0.7333,0
I have a question about Python.,Python,CSE,Lecturer,Data Structures,0,1,0.55,10,0.3333,0
I need help understanding Computer Networks.,Computer Networks,IT,Assistant Professor,Artificial Intelligence|DBMS|Algorithms,0,0,0.7,10,0.3333,0
I need guidance with my Cloud Computing assignment.,Cloud Computing,MCA,Professor,Python|Machine Learning|DBMS,0,1,1.0,15,0.0,0
I am facing difficulty in Statistics and need clarification.,Statistics,CSE,Associate Professor,Java|Advanced DBMS|Machine Learning|Algorithms|Cloud Computing,0,1,0.85,6,0.6,0
I need help understanding Data Structures.,Data Structures,MCA,Lecturer,DBMS|Computer Networks|Advanced DBMS|Advanced Computer Networks|Web Development,0,0,0.55,9,0.4,0
I have a question about Deep Learning.,Deep Learning,IT,Associate Professor,Machine Learning|Statistics,0,1,0.85,3,0.8,1
I have an academic query regarding Artificial Intelligence.,Artificial Intelligence,CSE,Lecturer,Deep Learning,0,1,0.55,9,0.4,1
I have an academic query regarding Computer Networks.,Computer Networks,CSE,Associate Professor,Java|Operating Systems,0,1,0.85,14,0.0667,0
I need guidance with my DBMS assignment.,DBMS,MCA,Assistant Professor,Data Science,0,0,0.7,3,0.8,0
I have a question about Python.,Python,CSE,Associate Professor,Advanced Computer Networks|Advanced DBMS|Machine Learning,0,1,0.85,10,0.3333,0
I need help understanding DBMS.,DBMS,MCA,Lecturer,Deep Learning,0,1,0.55,2,0.8667,0
I am facing difficulty in Statistics and need clarification.,Statistics,IT,Assistant Professor,Python|Computer Networks|Web Development,0,1,0.7,2,0.8667,0
Can you explain an issue related to DBMS?,DBMS,MCA,Lecturer,Statistics,0,1,0.55,14,0.0667,0
I need guidance with my DBMS assignment.,DBMS,IT,Assistant Professor,Cloud Computing|Advanced DBMS|Web Development,0,0,0.7,10,0.3333,0
I need help understanding Statistics.,Statistics,CSE,Professor,Algorithms,0,1,1.0,15,0.0,0
I am facing difficulty in Java and need clarification.,Java,CSE,Associate Professor,Deep Learning|Cloud Computing|Software Engineering|Web Development|Algorithms,0,1,0.85,2,0.8667,0
Can you explain an issue related to Cloud Computing?,Cloud Computing,IT,Lecturer,Advanced Computer Networks|Advanced DBMS,0,0,0.55,12,0.2,1
I am facing difficulty in Software Engineering and need clarification.,Software Engineering,CSE,Assistant Professor,Advanced Computer Networks|Advanced DBMS|Python|Statistics|Machine Learning,0,1,0.7,15,0.0,1
I have a question about Python.,Python,IT,Professor,Advanced DBMS|Java|Computer Networks|Machine Learning,0,1,1.0,12,0.2,0
I am facing difficulty in Artificial Intelligence and need clarification.,Artificial Intelligence,MCA,Associate Professor,Data Science|DBMS|Python|Artificial Intelligence|Advanced Computer Networks,1,1,0.85,12,0.2,1
I have a question about Computer Networks.,Computer Networks,MCA,Assistant Professor,Java|Software Engineering|Web Development,0,0,0.7,11,0.2667,0
I need guidance with my Data Structures assignment.,Data Structures,CSE,Associate Professor,Machine Learning|Web Development|Statistics,0,1,0.85,1,0.9333,1
Could you help me with the Deep Learning syllabus?,Deep Learning,CSE,Professor,Software Engineering|Cloud Computing,0,1,1.0,12,0.2,0
I need help understanding Computer Networks.,Computer Networks,IT,Associate Professor,DBMS|Computer Networks|Operating Systems|Algorithms,1,0,0.85,11,0.2667,0
I am facing difficulty in Java and need clarification.,Java,IT,Associate Professor,Data Science|Artificial Intelligence,0,1,0.85,4,0.7333,0
I am facing difficulty in Software Engineering and need clarification.,Software Engineering,MCA,Professor,Software Engineering|Statistics,1,0,1.0,13,0.1333,1
Can you explain an issue related to Data Structures?,Data Structures,CSE,Lecturer,Web Development|Advanced Computer Networks|Artificial Intelligence|Computer Networks,0,1,0.55,15,0.0,0
Please clarify the Data Structures topic related to my course.,Data Structures,CSE,Lecturer,Web Development|Machine Learning|Data Science|Java|Advanced Computer Networks,0,1,0.55,3,0.8,0
Please clarify the DBMS topic related to my course.,DBMS,IT,Assistant Professor,Data Structures|Artificial Intelligence|Operating Systems|Java,0,1,0.7,15,0.0,0
I need guidance with my Java assignment.,Java,IT,Professor,Data Science|Algorithms|Advanced Computer Networks,0,1,1.0,15,0.0,0
I have an academic query regarding Software Engineering.,Software Engineering,CSE,Assistant Professor,Advanced DBMS|Machine Learning|Web Development,0,0,0.7,9,0.4,0
Please clarify the Machine Learning topic related to my course.,Machine Learning,IT,Lecturer,Advanced DBMS|Machine Learning|Python|DBMS|Cloud Computing,1,1,0.55,0,1.0,1
Please clarify the DBMS topic related to my course.,DBMS,IT,Professor,Operating Systems|DBMS|Java,1,1,1.0,8,0.4667,1
I have a question about Advanced DBMS.,Advanced DBMS,IT,Associate Professor,Web Development|Advanced DBMS|DBMS|Cloud Computing,1,1,0.85,15,0.0,1
I need help understanding Python.,Python,MCA,Associate Professor,DBMS|Algorithms|Cloud Computing|Computer Networks|Statistics,0,1,0.85,14,0.0667,0
I am facing difficulty in Computer Networks and need clarification.,Computer Networks,IT,Assistant Professor,Operating Systems,0,1,0.7,3,0.8,1
Could you help me with the Cloud Computing syllabus?,Cloud Computing,CSE,Assistant Professor,Advanced Computer Networks|Cloud Computing|Python|Web Development,1,1,0.7,8,0.4667,1
I have an academic query regarding Data Science.,Data Science,CSE,Lecturer,Python|Machine Learning|Algorithms|Operating Systems,0,1,0.55,13,0.1333,0
Can you explain an issue related to Python?,Python,CSE,Assistant Professor,Operating Systems,0,1,0.7,12,0.2,0
Please clarify the Computer Networks topic related to my course.,Computer Networks,IT,Assistant Professor,Python|Data Science,0,1,0.7,2,0.8667,1
I have a question about Data Structures.,Data Structures,MCA,Lecturer,Advanced Computer Networks|Java|DBMS,0,1,0.55,0,1.0,0
I need help understanding Computer Networks.,Computer Networks,IT,Professor,Artificial Intelligence,0,0,1.0,4,0.7333,0
I have an academic query regarding Deep Learning.,Deep Learning,IT,Associate Professor,Java|Statistics|Python,0,0,0.85,14,0.0667,0
I have a question about Software Engineering.,Software Engineering,IT,Assistant Professor,Advanced DBMS|Artificial Intelligence|DBMS,0,1,0.7,12,0.2,0
Please clarify the Operating Systems topic related to my course.,Operating Systems,CSE,Associate Professor,Artificial Intelligence|Algorithms|Statistics|Deep Learning,0,1,0.85,5,0.6667,0
Please clarify the DBMS topic related to my course.,DBMS,IT,Lecturer,Deep Learning|Statistics,0,1,0.55,3,0.8,1
I need guidance with my Operating Systems assignment.,Operating Systems,CSE,Professor,DBMS|Data Science|Statistics|Algorithms,0,1,1.0,8,0.4667,1
I have a question about Cloud Computing.,Cloud Computing,IT,Professor,Algorithms|Data Structures|Computer Networks|Statistics|Web Development,0,1,1.0,2,0.8667,0
Please clarify the Cloud Computing topic related to my course.,Cloud Computing,IT,Lecturer,Web Development,0,1,0.55,9,0.4,0
I need help understanding Web Development.,Web Development,IT,Assistant Professor,Statistics,0,1,0.7,9,0.4,0
I am facing difficulty in Machine Learning and need clarification.,Machine Learning,CSE,Associate Professor,Cloud Computing|Deep Learning|Python,0,1,0.85,15,0.0,1
I have an academic query regarding Computer Networks.,Computer Networks,MCA,Professor,Data Science|Advanced Computer Networks,0,1,1.0,2,0.8667,0
I have a question about Algorithms.,Algorithms,IT,Lecturer,Machine Learning,0,1,0.55,10,0.3333,0
I am facing difficulty in Cloud Computing and need clarification.,Cloud Computing,MCA,Associate Professor,Statistics|DBMS|Web Development|Java|Deep Learning,0,0,0.85,1,0.9333,0
Please clarify the Data Science topic related to my course.,Data Science,CSE,Professor,DBMS|Data Science,1,1,1.0,1,0.9333,1
Can you explain an issue related to Statistics?,Statistics,IT,Associate Professor,Artificial Intelligence|Deep Learning|Machine Learning|Advanced Computer Networks|Java,0,1,0.85,7,0.5333,1
I need help understanding Software Engineering.,Software Engineering,CSE,Lecturer,Deep Learning|DBMS|Advanced DBMS,0,0,0.55,6,0.6,0
I have a question about Python.,Python,MCA,Professor,DBMS|Software Engineering|Artificial Intelligence,0,1,1.0,5,0.6667,0
Please clarify the DBMS topic related to my course.,DBMS,MCA,Lecturer,Data Science|Algorithms,0,1,0.55,0,1.0,1
I need help understanding Java.,Java,CSE,Lecturer,Computer Networks|DBMS,0,1,0.55,14,0.0667,0
Please clarify the Machine Learning topic related to my course.,Machine Learning,IT,Associate Professor,Artificial Intelligence|Java|Advanced DBMS|Computer Networks,0,1,0.85,7,0.5333,1
I am facing difficulty in Web Development and need clarification.,Web Development,IT,Associate Professor,Computer Networks|Operating Systems|Data Science|Deep Learning,0,1,0.85,4,0.7333,0
I have an academic query regarding Algorithms.,Algorithms,MCA,Associate Professor,Machine Learning,0,1,0.85,9,0.4,1
I have a question about Python.,Python,IT,Lecturer,Deep Learning,0,1,0.55,5,0.6667,1
I need guidance with my Algorithms assignment.,Algorithms,IT,Professor,Advanced Computer Networks,0,1,1.0,10,0.3333,0
Can you explain an issue related to Advanced Computer Networks?,Advanced Computer Networks,MCA,Assistant Professor,Deep Learning|Advanced Computer Networks,1,1,0.7,6,0.6,1
I need guidance with my Artificial Intelligence assignment.,Artificial Intelligence,CSE,Lecturer,Software Engineering,0,1,0.55,14,0.0667,1
Please clarify the DBMS topic related to my course.,DBMS,CSE,Associate Professor,Operating Systems|Computer Networks|Advanced DBMS,0,1,0.85,1,0.9333,1
I need help understanding Statistics.,Statistics,CSE,Lecturer,Python|Advanced Computer Networks,0,0,0.55,5,0.6667,0
Can you explain an issue related to Advanced Computer Networks?,Advanced Computer Networks,MCA,Lecturer,Algorithms|Computer Networks|Java|Advanced Computer Networks|Software Engineering,1,1,0.55,13,0.1333,1
I am facing difficulty in Advanced Computer Networks and need clarification.,Advanced Computer Networks,CSE,Lecturer,Advanced Computer Networks|DBMS|Statistics|Java|Data Science,1,1,0.55,1,0.9333,1
Please clarify the Data Structures topic related to my course.,Data Structures,MCA,Lecturer,Cloud Computing|Algorithms|Data Structures|Statistics|Web Development,1,0,0.55,14,0.0667,1
I have an academic query regarding Data Science.,Data Science,IT,Lecturer,DBMS|Web Development,0,1,0.55,2,0.8667,1
I need guidance with my Advanced DBMS assignment.,Advanced DBMS,IT,Lecturer,Data Science|Statistics|Advanced Computer Networks|Cloud Computing|Artificial Intelligence,0,0,0.55,12,0.2,0
I have an academic query regarding Statistics.,Statistics,IT,Professor,Cloud Computing,0,0,1.0,10,0.3333,0
I need guidance with my Software Engineering assignment.,Software Engineering,CSE,Associate Professor,Python,0,1,0.85,1,0.9333,0
Can you explain an issue related to Machine Learning?,Machine Learning,MCA,Lecturer,Statistics|Machine Learning|Advanced DBMS,1,1,0.55,2,0.8667,1
Can you explain an issue related to DBMS?,DBMS,CSE,Associate Professor,Deep Learning|Algorithms|Web Development|Cloud Computing|Java,0,0,0.85,6,0.6,0
Please clarify the Python topic related to my course.,Python,CSE,Assistant Professor,Software Engineering|Operating Systems|Data Science|Machine Learning|Advanced DBMS,0,1,0.7,15,0.0,0
I have an academic query regarding Algorithms.,Algorithms,IT,Assistant Professor,Web Development|Artificial Intelligence|Deep Learning|Advanced Computer Networks,0,1,0.7,12,0.2,0
I have a question about Artificial Intelligence.,Artificial Intelligence,MCA,Associate Professor,Deep Learning|DBMS|Advanced Computer Networks,0,1,0.85,6,0.6,0
I have a question about Java.,Java,CSE,Associate Professor,Web Development|Software Engineering|Advanced Computer Networks|Data Structures,0,1,0.85,9,0.4,1
I need help understanding Advanced Computer Networks.,Advanced Computer Networks,IT,Assistant Professor,Python|Data Structures|Advanced Computer Networks|Java,1,1,0.7,14,0.0667,1
I have an academic query regarding Java.,Java,MCA,Assistant Professor,Algorithms|Web Development,0,0,0.7,1,0.9333,1
Please clarify the Statistics topic related to my course.,Statistics,MCA,Associate Professor,Java|Advanced DBMS|Artificial Intelligence|Software Engineering|Web Development,0,1,0.85,4,0.7333,1
I need guidance with my Machine Learning assignment.,Machine Learning,CSE,Associate Professor,Operating Systems|Web Development|Artificial Intelligence|Deep Learning,0,1,0.85,1,0.9333,0
I need guidance with my DBMS assignment.,DBMS,CSE,Lecturer,Advanced DBMS|Java|Machine Learning|Data Science|Computer Networks,0,0,0.55,4,0.7333,0
I am facing difficulty in DBMS and need clarification.,DBMS,MCA,Assistant Professor,Algorithms|Java|Cloud Computing,0,0,0.7,4,0.7333,0
Can you explain an issue related to Python?,Python,IT,Professor,Machine Learning|DBMS|Python|Operating Systems,1,1,1.0,0,1.0,1
Please clarify the Statistics topic related to my course.,Statistics,CSE,Professor,Machine Learning|Computer Networks|Java,0,1,1.0,8,0.4667,1
I need guidance with my Statistics assignment.,Statistics,IT,Professor,Cloud Computing|Computer Networks|Advanced Computer Networks|Advanced DBMS|Java,0,1,1.0,1,0.9333,0
I am facing difficulty in Cloud Computing and need clarification.,Cloud Computing,MCA,Lecturer,Cloud Computing|Web Development|Data Science,1,1,0.55,11,0.2667,1
Could you help me with the Artificial Intelligence syllabus?,Artificial Intelligence,MCA,Lecturer,Statistics|Java|Artificial Intelligence|Cloud Computing,1,1,0.55,13,0.1333,1
Could you help me with the DBMS syllabus?,DBMS,IT,Professor,Computer Networks|Java,0,1,1.0,10,0.3333,1
Could you help me with the Artificial Intelligence syllabus?,Artificial Intelligence,MCA,Lecturer,Software Engineering|Advanced DBMS|Operating Systems,0,1,0.55,4,0.7333,1
I am facing difficulty in Java and need clarification.,Java,IT,Lecturer,Java,1,0,0.55,9,0.4,1
I have an academic query regarding Advanced Computer Networks.,Advanced Computer Networks,MCA,Professor,Operating Systems|Java,0,0,1.0,15,0.0,0
Please clarify the Software Engineering topic related to my course.,Software Engineering,MCA,Lecturer,Data Science|Deep Learning,0,1,0.55,15,0.0,0
I have a question about Web Development.,Web Development,IT,Lecturer,Software Engineering|Operating Systems|Python|Statistics|Advanced Computer Networks,0,0,0.55,3,0.8,0
I have a question about Operating Systems.,Operating Systems,MCA,Professor,Python|Statistics,0,0,1.0,4,0.7333,0
I need help understanding Operating Systems.,Operating Systems,CSE,Lecturer,Machine Learning|Java|DBMS,0,1,0.55,2,0.8667,0
I need guidance with my Deep Learning assignment.,Deep Learning,IT,Associate Professor,Python|Data Structures|Software Engineering|Statistics|Algorithms,0,1,0.85,8,0.4667,0
Could you help me with the Deep Learning syllabus?,Deep Learning,IT,Assistant Professor,Data Science|DBMS,0,1,0.7,11,0.2667,0
Please clarify the Python topic related to my course.,Python,MCA,Professor,DBMS|Advanced Computer Networks,0,0,1.0,3,0.8,0
I need guidance with my Deep Learning assignment.,Deep Learning,MCA,Professor,Web Development|Java|Data Structures|Advanced DBMS,0,1,1.0,14,0.0667,0
I have an academic query regarding Advanced DBMS.,Advanced DBMS,IT,Assistant Professor,Deep Learning,0,1,0.7,4,0.7333,0
I am facing difficulty in DBMS and need clarification.,DBMS,MCA,Associate Professor,Software Engineering,0,1,0.85,3,0.8,1
I have an academic query regarding Software Engineering.,Software Engineering,MCA,Associate Professor,Machine Learning,0,1,0.85,1,0.9333,0
Can you explain an issue related to Machine Learning?,Machine Learning,MCA,Assistant Professor,Deep Learning,0,1,0.7,6,0.6,0
I need guidance with my Advanced DBMS assignment.,Advanced DBMS,IT,Assistant Professor,Artificial Intelligence,0,1,0.7,8,0.4667,0
I have an academic query regarding Web Development.,Web Development,MCA,Associate Professor,Artificial Intelligence|Deep Learning|Software Engineering|Java|Cloud Computing,0,1,0.85,6,0.6,0
I need help understanding Advanced DBMS.,Advanced DBMS,IT,Professor,Computer Networks,0,0,1.0,15,0.0,0
I need guidance with my Statistics assignment.,Statistics,IT,Professor,Web Development|Cloud Computing,0,1,1.0,7,0.5333,0
I am facing difficulty in Deep Learning and need clarification.,Deep Learning,CSE,Professor,DBMS|Algorithms|Cloud Computing|Advanced DBMS|Web Development,0,1,1.0,1,0.9333,1
Please clarify the Deep Learning topic related to my course.,Deep Learning,CSE,Assistant Professor,Java|Statistics|Deep Learning|Operating Systems,1,1,0.7,13,0.1333,1
Please clarify the Algorithms topic related to my course.,Algorithms,IT,Assistant Professor,Data Science|Algorithms,1,1,0.7,12,0.2,1
Could you help me with the Deep Learning syllabus?,Deep Learning,MCA,Lecturer,Deep Learning|Advanced DBMS|Machine Learning|Algorithms,1,0,0.55,10,0.3333,1
Could you help me with the Deep Learning syllabus?,Deep Learning,MCA,Lecturer,Operating Systems|Data Structures|Cloud Computing|Statistics,0,1,0.55,12,0.2,0
I need help understanding Algorithms.,Algorithms,IT,Assistant Professor,Statistics|Deep Learning,0,1,0.7,15,0.0,0
I need guidance with my Data Science assignment.,Data Science,MCA,Professor,Algorithms,0,1,1.0,5,0.6667,0
I am facing difficulty in DBMS and need clarification.,DBMS,CSE,Professor,Data Structures,0,1,1.0,14,0.0667,1
I need guidance with my Algorithms assignment.,Algorithms,IT,Assistant Professor,Python|Data Science|Cloud Computing|Algorithms|Computer Networks,1,0,0.7,3,0.8,1
I need help understanding Cloud Computing.,Cloud Computing,CSE,Lecturer,Machine Learning,0,1,0.55,9,0.4,0
I am facing difficulty in Algorithms and need clarification.,Algorithms,CSE,Associate Professor,Cloud Computing|Algorithms|Data Structures,1,1,0.85,15,0.0,1
I have an academic query regarding Algorithms.,Algorithms,IT,Associate Professor,Machine Learning|Cloud Computing|DBMS|Advanced Computer Networks|Java,0,0,0.85,11,0.2667,0
I need guidance with my Python assignment.,Python,MCA,Professor,Machine Learning|DBMS|Software Engineering|Advanced DBMS|Statistics,0,1,1.0,0,1.0,0
I have an academic query regarding Cloud Computing.,Cloud Computing,MCA,Lecturer,Web Development|Software Engineering|Advanced DBMS,0,1,0.55,7,0.5333,1
Could you help me with the Artificial Intelligence syllabus?,Artificial Intelligence,IT,Professor,Deep Learning|Python|Artificial Intelligence,1,1,1.0,10,0.3333,1
Could you help me with the Data Structures syllabus?,Data Structures,CSE,Assistant Professor,Algorithms,0,1,0.7,10,0.3333,0
I have an academic query regarding Python.,Python,IT,Professor,Deep Learning|Computer Networks|Advanced DBMS|Advanced Computer Networks,0,1,1.0,10,0.3333,1
Please clarify the Web Development topic related to my course.,Web Development,CSE,Associate Professor,Artificial Intelligence|Computer Networks|DBMS|Statistics,0,1,0.85,12,0.2,0
I have an academic query regarding Deep Learning.,Deep Learning,IT,Assistant Professor,Artificial Intelligence|Algorithms|Computer Networks,0,1,0.7,2,0.8667,0
I need help understanding Data Structures.,Data Structures,CSE,Lecturer,Python|Computer Networks|Algorithms|Statistics|DBMS,0,1,0.55,14,0.0667,0
Could you help me with the Data Science syllabus?,Data Science,IT,Associate Professor,Algorithms|Computer Networks|Python|Software Engineering|Web Development,0,0,0.85,8,0.4667,0
Could you help me with the Machine Learning syllabus?,Machine Learning,IT,Associate Professor,Statistics|DBMS|Deep Learning,0,1,0.85,9,0.4,0
Please clarify the Python topic related to my course.,Python,MCA,Associate Professor,Operating Systems|Java|Python|Artificial Intelligence,1,1,0.85,7,0.5333,1
I have a question about DBMS.,DBMS,MCA,Professor,Java|Statistics,0,1,1.0,13,0.1333,0
I need help understanding Computer Networks.,Computer Networks,MCA,Assistant Professor,Data Science|Operating Systems,0,1,0.7,8,0.4667,0
I have an academic query regarding Machine Learning.,Machine Learning,IT,Lecturer,Machine Learning,1,0,0.55,2,0.8667,1
Please clarify the Artificial Intelligence topic related to my course.,Artificial Intelligence,CSE,Assistant Professor,Cloud Computing,0,0,0.7,4,0.7333,0
Could you help me with the Data Structures syllabus?,Data Structures,IT,Assistant Professor,Artificial Intelligence|Advanced Computer Networks|Java|Machine Learning,0,1,0.7,10,0.3333,0
I have an academic query regarding Advanced Computer Networks.,Advanced Computer Networks,CSE,Associate Professor,Deep Learning|Advanced DBMS,0,1,0.85,8,0.4667,0
I have an academic query regarding Machine Learning.,Machine Learning,CSE,Assistant Professor,Python,0,1,0.7,15,0.0,0
I have a question about DBMS.,DBMS,CSE,Lecturer,Java|Data Science|Python,0,0,0.55,1,0.9333,0
Could you help me with the Advanced Computer Networks syllabus?,Advanced Computer Networks,CSE,Lecturer,Web Development|Deep Learning|Operating Systems,0,0,0.55,14,0.0667,0
I need guidance with my Operating Systems assignment.,Operating Systems,CSE,Professor,Java|Computer Networks,0,0,1.0,5,0.6667,0
I need guidance with my Software Engineering assignment.,Software Engineering,MCA,Assistant Professor,Algorithms,0,1,0.7,13,0.1333,0
I have a question about Software Engineering.,Software Engineering,MCA,Associate Professor,Data Structures|Artificial Intelligence|Advanced DBMS,0,1,0.85,10,0.3333,0
Please clarify the Machine Learning topic related to my course.,Machine Learning,IT,Associate Professor,DBMS|Data Science|Computer Networks|Deep Learning,0,1,0.85,10,0.3333,0
I need guidance with my Advanced DBMS assignment.,Advanced DBMS,MCA,Associate Professor,Software Engineering|Python|Advanced Computer Networks|Statistics|Web Development,0,1,0.85,5,0.6667,0
I have a question about Java.,Java,MCA,Professor,Web Development|Advanced DBMS|Computer Networks|Statistics,0,0,1.0,7,0.5333,1
I need help understanding Advanced Computer Networks.,Advanced Computer Networks,MCA,Lecturer,Operating Systems|Advanced DBMS,0,1,0.55,13,0.1333,0
I am facing difficulty in Artificial Intelligence and need clarification.,Artificial Intelligence,CSE,Associate Professor,Deep Learning|Data Science|Web Development|Operating Systems|Computer Networks,0,1,0.85,14,0.0667,0
Can you explain an issue related to Deep Learning?,Deep Learning,MCA,Associate Professor,Operating Systems|Java,0,1,0.85,12,0.2,1
I am facing difficulty in Computer Networks and need clarification.,Computer Networks,CSE,Associate Professor,Advanced DBMS|Software Engineering|Cloud Computing|Artificial Intelligence,0,1,0.85,8,0.4667,1
Could you help me with the Advanced Computer Networks syllabus?,Advanced Computer Networks,CSE,Lecturer,Data Science,0,1,0.55,10,0.3333,0
I am facing difficulty in Computer Networks and need clarification.,Computer Networks,IT,Lecturer,Operating Systems|Artificial Intelligence|Machine Learning|Data Structures,0,1,0.55,10,0.3333,0
Could you help me with the Web Development syllabus?,Web Development,IT,Professor,Operating Systems,0,1,1.0,12,0.2,1
I need guidance with my Web Development assignment.,Web Development,MCA,Professor,Advanced DBMS|Operating Systems|Artificial Intelligence|Algorithms|Advanced Computer Networks,0,0,1.0,14,0.0667,0
I have an academic query regarding Data Structures.,Data Structures,CSE,Associate Professor,Deep Learning|Python|Data Science,0,0,0.85,15,0.0,0
I am facing difficulty in Web Development and need clarification.,Web Development,CSE,Assistant Professor,Operating Systems|Python|Computer Networks,0,0,0.7,10,0.3333,0
I am facing difficulty in DBMS and need clarification.,DBMS,IT,Lecturer,Computer Networks,0,1,0.55,7,0.5333,1
Please clarify the Operating Systems topic related to my course.,Operating Systems,MCA,Lecturer,Deep Learning|Algorithms|Data Science|Advanced Computer Networks,0,1,0.55,15,0.0,0
I have an academic query regarding DBMS.,DBMS,MCA,Assistant Professor,Computer Networks,0,0,0.7,5,0.6667,0
I have a question about Computer Networks.,Computer Networks,IT,Professor,Advanced DBMS|Software Engineering|Statistics|Machine Learning|Deep Learning,0,1,1.0,3,0.8,0
I am facing difficulty in Java and need clarification.,Java,IT,Professor,Web Development|Deep Learning|Software Engineering|Advanced DBMS,0,1,1.0,2,0.8667,0
I need help understanding Statistics.,Statistics,IT,Assistant Professor,Data Science|Python|Data Structures|Algorithms|Java,0,0,0.7,10,0.3333,0
I have an academic query regarding Computer Networks.,Computer Networks,MCA,Assistant Professor,Machine Learning|Artificial Intelligence|Operating Systems,0,0,0.7,12,0.2,0
Could you help me with the Advanced DBMS syllabus?,Advanced DBMS,MCA,Lecturer,Data Science,0,0,0.55,5,0.6667,0
I have an academic query regarding Java.,Java,IT,Associate Professor,Java,1,1,0.85,13,0.1333,1
Could you help me with the DBMS syllabus?,DBMS,CSE,Professor,Data Structures|Computer Networks|Advanced Computer Networks,0,1,1.0,12,0.2,0
Can you explain an issue related to Artificial Intelligence?,Artificial Intelligence,CSE,Assistant Professor,Advanced DBMS|Software Engineering|Python|Computer Networks|Machine Learning,0,1,0.7,10,0.3333,0
I need help understanding DBMS.,DBMS,CSE,Professor,Statistics|Software Engineering|Machine Learning,0,0,1.0,15,0.0,0
Could you help me with the Java syllabus?,Java,MCA,Lecturer,Machine Learning|Artificial Intelligence|Statistics,0,1,0.55,3,0.8,0
I am facing difficulty in Deep Learning and need clarification.,Deep Learning,CSE,Assistant Professor,Operating Systems|Artificial Intelligence|Cloud Computing,0,1,0.7,3,0.8,0
I am facing difficulty in Advanced DBMS and need clarification.,Advanced DBMS,MCA,Lecturer,Artificial Intelligence,0,1,0.55,9,0.4,0
Please clarify the Statistics topic related to my course.,Statistics,IT,Assistant Professor,Advanced DBMS|Computer Networks|Artificial Intelligence,0,1,0.7,8,0.4667,0
I am facing difficulty in Software Engineering and need clarification.,Software Engineering,IT,Professor,Cloud Computing,0,1,1.0,5,0.6667,0
Can you explain an issue related to Cloud Computing?,Cloud Computing,IT,Lecturer,Web Development|Cloud Computing|Algorithms,1,1,0.55,4,0.7333,1
Could you help me with the Deep Learning syllabus?,Deep Learning,MCA,Associate Professor,Computer Networks,0,1,0.85,4,0.7333,0
I am facing difficulty in Computer Networks and need clarification.,Computer Networks,MCA,Assistant Professor,DBMS|Algorithms|Computer Networks|Data Science,1,1,0.7,4,0.7333,1
I have a question about Algorithms.,Algorithms,CSE,Professor,Advanced Computer Networks|Computer Networks|DBMS|Java,0,0,1.0,12,0.2,1
I have a question about Deep Learning.,Deep Learning,IT,Lecturer,Algorithms|Java|Data Science|Advanced Computer Networks,0,1,0.55,15,0.0,1
I need guidance with my Data Structures assignment.,Data Structures,MCA,Lecturer,Python|Artificial Intelligence|DBMS|Data Structures|Computer Networks,1,0,0.55,3,0.8,1
I am facing difficulty in Statistics and need clarification.,Statistics,IT,Lecturer,Advanced DBMS,0,1,0.55,6,0.6,0
I need guidance with my Advanced Computer Networks assignment.,Advanced Computer Networks,IT,Associate Professor,Python|Statistics|Artificial Intelligence|DBMS|Web Development,0,1,0.85,13,0.1333,0
Please clarify the Algorithms topic related to my course.,Algorithms,MCA,Associate Professor,Artificial Intelligence|Algorithms|Data Structures,1,1,0.85,5,0.6667,1
I need guidance with my Software Engineering assignment.,Software Engineering,CSE,Assistant Professor,Computer Networks|Machine Learning,0,0,0.7,11,0.2667,0
Can you explain an issue related to Advanced DBMS?,Advanced DBMS,MCA,Professor,Python,0,1,1.0,7,0.5333,1
I am facing difficulty in Algorithms and need clarification.,Algorithms,CSE,Assistant Professor,Machine Learning|Operating Systems|Statistics,0,1,0.7,3,0.8,0
I need help understanding Statistics.,Statistics,MCA,Professor,Deep Learning|Machine Learning|Operating Systems|Algorithms|Artificial Intelligence,0,1,1.0,6,0.6,0
Can you explain an issue related to Java?,Java,IT,Lecturer,Algorithms|Deep Learning|Artificial Intelligence|Python|Advanced DBMS,0,1,0.55,4,0.7333,1
I need guidance with my Statistics assignment.,Statistics,CSE,Professor,Algorithms|Python,0,1,1.0,5,0.6667,1
Could you help me with the Software Engineering syllabus?,Software Engineering,CSE,Associate Professor,Data Structures|Software Engineering,1,1,0.85,4,0.7333,1
Please clarify the Software Engineering topic related to my course.,Software Engineering,CSE,Assistant Professor,Statistics,0,1,0.7,0,1.0,0
I have a question about Artificial Intelligence.,Artificial Intelligence,CSE,Assistant Professor,Advanced DBMS|Software Engineering|Data Science|Computer Networks,0,1,0.7,4,0.7333,0
I need help understanding Data Structures.,Data Structures,CSE,Lecturer,Java|Python|Statistics|Advanced DBMS,0,1,0.55,8,0.4667,0
Please clarify the Cloud Computing topic related to my course.,Cloud Computing,CSE,Associate Professor,Statistics|Web Development|Data Structures|Cloud Computing|Software Engineering,1,1,0.85,6,0.6,1
I need help understanding Machine Learning.,Machine Learning,IT,Assistant Professor,DBMS|Java|Deep Learning|Machine Learning,1,1,0.7,9,0.4,1
I need guidance with my Data Science assignment.,Data Science,MCA,Assistant Professor,Java|Software Engineering,0,0,0.7,3,0.8,0
I have a question about Operating Systems.,Operating Systems,IT,Assistant Professor,Machine Learning,0,1,0.7,3,0.8,0
Can you explain an issue related to Statistics?,Statistics,CSE,Associate Professor,Advanced Computer Networks|Web Development|DBMS|Statistics|Python,1,1,0.85,4,0.7333,1
I have a question about Deep Learning.,Deep Learning,CSE,Associate Professor,Statistics|Deep Learning|Artificial Intelligence,1,1,0.85,13,0.1333,1
Could you help me with the Software Engineering syllabus?,Software Engineering,MCA,Lecturer,Statistics|Artificial Intelligence,0,1,0.55,12,0.2,0
I am facing difficulty in Operating Systems and need clarification.,Operating Systems,IT,Lecturer,Statistics|Algorithms|Web Development|Computer Networks,0,0,0.55,4,0.7333,0
I need guidance with my Statistics assignment.,Statistics,MCA,Professor,Statistics|Algorithms,1,1,1.0,5,0.6667,1
I need help understanding Deep Learning.,Deep Learning,IT,Lecturer,Deep Learning,1,1,0.55,9,0.4,1
Could you help me with the Deep Learning syllabus?,Deep Learning,CSE,Assistant Professor,Java|Data Structures|Advanced Computer Networks,0,1,0.7,4,0.7333,1
I have a question about Machine Learning.,Machine Learning,CSE,Assistant Professor,Advanced DBMS|Algorithms,0,1,0.7,11,0.2667,1
I am facing difficulty in Software Engineering and need clarification.,Software Engineering,CSE,Assistant Professor,Statistics|Python|Cloud Computing|Computer Networks|Advanced Computer Networks,0,0,0.7,4,0.7333,0
Could you help me with the Statistics syllabus?,Statistics,IT,Lecturer,Python|Artificial Intelligence,0,1,0.55,13,0.1333,0
Please clarify the Python topic related to my course.,Python,IT,Professor,Operating Systems|Artificial Intelligence|Software Engineering|Algorithms,0,1,1.0,9,0.4,0
I need help understanding Artificial Intelligence.,Artificial Intelligence,MCA,Professor,Data Structures|Computer Networks|Cloud Computing|Advanced Computer Networks|Operating Systems,0,0,1.0,3,0.8,0
I have a question about Data Science.,Data Science,CSE,Associate Professor,Statistics|Artificial Intelligence,0,1,0.85,10,0.3333,0
Please clarify the Algorithms topic related to my course.,Algorithms,MCA,Assistant Professor,Advanced DBMS|Software Engineering|Data Science|Algorithms,1,1,0.7,12,0.2,1
Could you help me with the Deep Learning syllabus?,Deep Learning,IT,Associate Professor,DBMS|Advanced DBMS|Data Structures,0,1,0.85,4,0.7333,1
Could you help me with the Advanced DBMS syllabus?,Advanced DBMS,MCA,Assistant Professor,Data Science|Machine Learning,0,1,0.7,3,0.8,1
Could you help me with the Python syllabus?,Python,CSE,Lecturer,Machine Learning,0,1,0.55,7,0.5333,0
I have a question about Deep Learning.,Deep Learning,CSE,Professor,Statistics|Software Engineering|Machine Learning,0,1,1.0,13,0.1333,0
Can you explain an issue related to Operating Systems?,Operating Systems,IT,Professor,DBMS|Java,0,1,1.0,14,0.0667,1
I have an academic query regarding DBMS.,DBMS,CSE,Associate Professor,Software Engineering|Statistics,0,1,0.85,14,0.0667,0
Can you explain an issue related to Advanced DBMS?,Advanced DBMS,MCA,Professor,Operating Systems|Data Structures|Software Engineering|Python,0,1,1.0,11,0.2667,0
I have an academic query regarding Data Structures.,Data Structures,CSE,Professor,Artificial Intelligence|Java,0,1,1.0,3,0.8,0
I am facing difficulty in Software Engineering and need clarification.,Software Engineering,MCA,Assistant Professor,Operating Systems|Statistics|DBMS,0,1,0.7,10,0.3333,0
Could you help me with the Python syllabus?,Python,MCA,Associate Professor,Algorithms,0,1,0.85,0,1.0,0
I need guidance with my Algorithms assignment.,Algorithms,CSE,Professor,Data Science,0,0,1.0,14,0.0667,0
Can you explain an issue related to Cloud Computing?,Cloud Computing,IT,Assistant Professor,Advanced DBMS|Data Science|Machine Learning|Advanced Computer Networks,0,1,0.7,6,0.6,0
I am facing difficulty in Data Science and need clarification.,Data Science,CSE,Assistant Professor,Artificial Intelligence|Java,0,1,0.7,7,0.5333,1
I am facing difficulty in Web Development and need clarification.,Web Development,MCA,Assistant Professor,Computer Networks|Data Science|Deep Learning|Software Engineering,0,1,0.7,3,0.8,0
Can you explain an issue related to Advanced DBMS?,Advanced DBMS,IT,Associate Professor,Advanced DBMS|Artificial Intelligence|Java|Algorithms|Web Development,1,1,0.85,8,0.4667,0
Could you help me with the Data Structures syllabus?,Data Structures,IT,Assistant Professor,Data Science|Operating Systems,0,1,0.7,14,0.0667,1
I have a question about Machine Learning.,Machine Learning,CSE,Lecturer,Operating Systems|Deep Learning|Python|Data Structures,0,1,0.55,11,0.2667,0
I have a question about Advanced Computer Networks.,Advanced Computer Networks,MCA,Assistant Professor,Statistics|Python|Data Science|Computer Networks,0,1,0.7,2,0.8667,0
Please clarify the Advanced Computer Networks topic related to my course.,Advanced Computer Networks,IT,Lecturer,Advanced Computer Networks,1,1,0.55,10,0.3333,1
Can you explain an issue related to Data Science?,Data Science,CSE,Lecturer,Python,0,0,0.55,7,0.5333,1
Please clarify the Python topic related to my course.,Python,MCA,Assistant Professor,Advanced Computer Networks|Artificial Intelligence|Cloud Computing|Java|Software Engineering,0,1,0.7,3,0.8,0
Could you help me with the Artificial Intelligence syllabus?,Artificial Intelligence,MCA,Professor,Python|Artificial Intelligence|Cloud Computing|Algorithms,1,1,1.0,14,0.0667,1
I have a question about Artificial Intelligence.,Artificial Intelligence,MCA,Professor,Machine Learning|Java|Software Engineering|Computer Networks|Statistics,0,1,1.0,13,0.1333,1
Can you explain an issue related to Statistics?,Statistics,CSE,Lecturer,Deep Learning|Python|Algorithms|Statistics,1,1,0.55,14,0.0667,1
I am facing difficulty in Deep Learning and need clarification.,Deep Learning,MCA,Professor,Artificial Intelligence|Computer Networks|Statistics|Java|Data Structures,0,1,1.0,8,0.4667,0
I need guidance with my Statistics assignment.,Statistics,MCA,Associate Professor,Machine Learning|Data Structures,0,1,0.85,13,0.1333,0
I have a question about Java.,Java,IT,Associate Professor,Algorithms|Java,1,1,0.85,9,0.4,1
Can you explain an issue related to Data Structures?,Data Structures,IT,Associate Professor,Advanced Computer Networks,0,1,0.85,1,0.9333,0
I am facing difficulty in Computer Networks and need clarification.,Computer Networks,IT,Associate Professor,Python,0,1,0.85,15,0.0,0
I have a question about Python.,Python,IT,Assistant Professor,Java|Software Engineering|Advanced DBMS|Artificial Intelligence|Machine Learning,0,1,0.7,1,0.9333,0
Could you help me with the Advanced Computer Networks syllabus?,Advanced Computer Networks,IT,Associate Professor,Computer Networks|Advanced Computer Networks|Algorithms|Web Development,1,1,0.85,10,0.3333,1
Please clarify the Computer Networks topic related to my course.,Computer Networks,CSE,Associate Professor,Web Development,0,1,0.85,11,0.2667,1
I need help understanding DBMS.,DBMS,CSE,Lecturer,Web Development|Machine Learning,0,0,0.55,6,0.6,0
I have a question about Advanced Computer Networks.,Advanced Computer Networks,CSE,Associate Professor,Advanced Computer Networks|Advanced DBMS|Deep Learning,1,1,0.85,8,0.4667,1
Could you help me with the DBMS syllabus?,DBMS,CSE,Professor,Computer Networks|Java|Advanced Computer Networks,0,1,1.0,11,0.2667,0
Could you help me with the Artificial Intelligence syllabus?,Artificial Intelligence,MCA,Associate Professor,Computer Networks|Data Structures,0,1,0.85,11,0.2667,0
I am facing difficulty in Advanced Computer Networks and need clarification.,Advanced Computer Networks,MCA,Associate Professor,Java|DBMS|Advanced DBMS|Deep Learning|Data Science,0,1,0.85,8,0.4667,0
I am facing difficulty in Computer Networks and need clarification.,Computer Networks,IT,Professor,Artificial Intelligence|Advanced DBMS|Operating Systems|Computer Networks,1,1,1.0,11,0.2667,1
Can you explain an issue related to Advanced DBMS?,Advanced DBMS,CSE,Assistant Professor,Algorithms|Data Structures|Advanced Computer Networks|DBMS|Java,0,1,0.7,1,0.9333,1
I need guidance with my Statistics assignment.,Statistics,MCA,Lecturer,Java|Software Engineering,0,0,0.55,5,0.6667,0
I have a question about Operating Systems.,Operating Systems,IT,Professor,Artificial Intelligence|Java,0,1,1.0,11,0.2667,1
Could you help me with the Statistics syllabus?,Statistics,IT,Assistant Professor,Statistics|Data Structures|Computer Networks|Algorithms,1,1,0.7,15,0.0,1
Please clarify the Data Science topic related to my course.,Data Science,MCA,Lecturer,Operating Systems|Artificial Intelligence,0,1,0.55,2,0.8667,1
I need guidance with my Operating Systems assignment.,Operating Systems,MCA,Professor,Artificial Intelligence,0,1,1.0,6,0.6,1
I need guidance with my Operating Systems assignment.,Operating Systems,CSE,Assistant Professor,DBMS|Operating Systems,1,1,0.7,9,0.4,1
I am facing difficulty in Cloud Computing and need clarification.,Cloud Computing,CSE,Professor,Data Structures|DBMS|Software Engineering|Computer Networks,0,1,1.0,6,0.6,0
I am facing difficulty in Statistics and need clarification.,Statistics,CSE,Professor,Computer Networks|Software Engineering|Cloud Computing,0,0,1.0,13,0.1333,0
Could you help me with the Data Science syllabus?,Data Science,CSE,Associate Professor,DBMS|Java|Web Development|Data Science|Advanced Computer Networks,1,1,0.85,11,0.2667,1
I need guidance with my Software Engineering assignment.,Software Engineering,IT,Lecturer,Java|Python|Data Structures|Data Science|Statistics,0,1,0.55,4,0.7333,1
I have an academic query regarding Cloud Computing.,Cloud Computing,CSE,Associate Professor,Artificial Intelligence|Cloud Computing|Deep Learning|Advanced Computer Networks,1,1,0.85,14,0.0667,1
Could you help me with the Artificial Intelligence syllabus?,Artificial Intelligence,MCA,Professor,Advanced DBMS|Machine Learning|Software Engineering|Web Development|Java,0,1,1.0,5,0.6667,1
Could you help me with the Java syllabus?,Java,MCA,Associate Professor,Data Structures|Artificial Intelligence|Advanced Computer Networks,0,1,0.85,0,1.0,1
Can you explain an issue related to Cloud Computing?,Cloud Computing,MCA,Professor,Software Engineering|Algorithms,0,1,1.0,12,0.2,0
I am facing difficulty in DBMS and need clarification.,DBMS,MCA,Assistant Professor,Algorithms|Advanced DBMS|Java|Statistics,0,0,0.7,6,0.6,0
I am facing difficulty in Operating Systems and need clarification.,Operating Systems,MCA,Professor,Statistics|Artificial Intelligence,0,0,1.0,7,0.5333,0
I have an academic query regarding Statistics.,Statistics,CSE,Professor,Java,0,1,1.0,14,0.0667,0
I need help understanding Cloud Computing.,Cloud Computing,IT,Associate Professor,Advanced Computer Networks|Advanced DBMS|Statistics|Java,0,1,0.85,14,0.0667,0
Please clarify the Deep Learning topic related to my course.,Deep Learning,CSE,Professor,Advanced DBMS|Operating Systems,0,0,1.0,9,0.4,0
I need help understanding Computer Networks.,Computer Networks,CSE,Lecturer,Deep Learning|Web Development|Machine Learning|Cloud Computing|Statistics,0,1,0.55,10,0.3333,0
Could you help me with the Operating Systems syllabus?,Operating Systems,MCA,Professor,Data Science|Artificial Intelligence|Python|Web Development,0,1,1.0,14,0.0667,0
I am facing difficulty in Computer Networks and need clarification.,Computer Networks,CSE,Professor,Operating Systems,0,1,1.0,4,0.7333,1
I have an academic query regarding Algorithms.,Algorithms,CSE,Professor,Advanced Computer Networks,0,1,1.0,14,0.0667,1
I have a question about Advanced DBMS.,Advanced DBMS,MCA,Professor,Deep Learning|Advanced DBMS|DBMS|Machine Learning|Operating Systems,1,1,1.0,5,0.6667,1
I have a question about Operating Systems.,Operating Systems,MCA,Lecturer,Advanced DBMS|Computer Networks|Web Development,0,1,0.55,6,0.6,0
Can you explain an issue related to Data Structures?,Data Structures,IT,Professor,Java|Statistics|Data Science|Data Structures,1,1,1.0,12,0.2,1
Can you explain an issue related to Web Development?,Web Development,MCA,Associate Professor,Data Science,0,1,0.85,0,1.0,1
I need guidance with my Artificial Intelligence assignment.,Artificial Intelligence,MCA,Professor,Advanced DBMS|Machine Learning,0,1,1.0,3,0.8,0
Could you help me with the Computer Networks syllabus?,Computer Networks,IT,Associate Professor,Cloud Computing|Software Engineering|Machine Learning|Deep Learning|Algorithms,0,1,0.85,10,0.3333,1
I need guidance with my Python assignment.,Python,MCA,Lecturer,Statistics|Advanced Computer Networks,0,1,0.55,8,0.4667,0
Please clarify the Machine Learning topic related to my course.,Machine Learning,MCA,Associate Professor,Java|Algorithms|Machine Learning|Web Development,1,1,0.85,5,0.6667,1
I am facing difficulty in Python and need clarification.,Python,IT,Lecturer,Python|Advanced DBMS,1,1,0.55,10,0.3333,0
Please clarify the Artificial Intelligence topic related to my course.,Artificial Intelligence,CSE,Professor,Statistics|Cloud Computing|Operating Systems|Python|Web Development,0,1,1.0,0,1.0,1
I need help understanding Java.,Java,MCA,Lecturer,Artificial Intelligence|Machine Learning,0,1,0.55,15,0.0,0
I have a question about Cloud Computing.,Cloud Computing,MCA,Professor,Statistics|Python,0,1,1.0,10,0.3333,0
Can you explain an issue related to Data Structures?,Data Structures,CSE,Assistant Professor,Advanced Computer Networks,0,0,0.7,10,0.3333,0
I am facing difficulty in Machine Learning and need clarification.,Machine Learning,IT,Associate Professor,Cloud Computing|Python,0,1,0.85,0,1.0,1
Please clarify the Artificial Intelligence topic related to my course.,Artificial Intelligence,MCA,Professor,Computer Networks|DBMS,0,1,1.0,6,0.6,1
I am facing difficulty in Software Engineering and need clarification.,Software Engineering,IT,Lecturer,Advanced DBMS|Computer Networks|Deep Learning,0,1,0.55,7,0.5333,1
Could you help me with the Computer Networks syllabus?,Computer Networks,CSE,Lecturer,Web Development,0,1,0.55,5,0.6667,0
I have an academic query regarding Data Structures.,Data Structures,IT,Lecturer,Algorithms|Data Science,0,1,0.55,13,0.1333,0
I am facing difficulty in DBMS and need clarification.,DBMS,IT,Associate Professor,Cloud Computing|Statistics|DBMS,1,1,0.85,12,0.2,1
Could you help me with the Artificial Intelligence syllabus?,Artificial Intelligence,CSE,Associate Professor,Computer Networks|DBMS|Statistics|Deep Learning,0,1,0.85,11,0.2667,0
Please clarify the Cloud Computing topic related to my course.,Cloud Computing,IT,Assistant Professor,Algorithms|Java|Python|Data Structures,0,1,0.7,1,0.9333,0
I am facing difficulty in Cloud Computing and need clarification.,Cloud Computing,IT,Associate Professor,Software Engineering|Operating Systems,0,1,0.85,11,0.2667,0
I have a question about Web Development.,Web Development,IT,Professor,Software Engineering|Advanced Computer Networks|Deep Learning|Algorithms,0,1,1.0,11,0.2667,0
Please clarify the DBMS topic related to my course.,DBMS,CSE,Lecturer,Operating Systems|Advanced Computer Networks,0,1,0.55,5,0.6667,1
Could you help me with the Cloud Computing syllabus?,Cloud Computing,CSE,Professor,Computer Networks|Software Engineering|Artificial Intelligence|Algorithms|Data Structures,0,1,1.0,9,0.4,0
I have an academic query regarding Java.,Java,IT,Lecturer,Deep Learning,0,1,0.55,11,0.2667,0
Could you help me with the Computer Networks syllabus?,Computer Networks,IT,Lecturer,Data Science|Advanced DBMS|Software Engineering,0,1,0.55,3,0.8,1
Please clarify the Data Structures topic related to my course.,Data Structures,CSE,Assistant Professor,Advanced DBMS|Data Structures|Algorithms|Artificial Intelligence,1,1,0.7,6,0.6,1
Could you help me with the Statistics syllabus?,Statistics,IT,Associate Professor,Computer Networks|Machine Learning,0,1,0.85,6,0.6,1
I need guidance with my Statistics assignment.,Statistics,IT,Professor,Artificial Intelligence|Java,0,1,1.0,3,0.8,1
I have a question about Data Science.,Data Science,IT,Associate Professor,Algorithms|Deep Learning|Data Science|Statistics,1,1,0.85,0,1.0,1
I need guidance with my Deep Learning assignment.,Deep Learning,MCA,Professor,Data Structures|Operating Systems|Statistics|Advanced Computer Networks,0,1,1.0,10,0.3333,0
I need guidance with my Web Development assignment.,Web Development,IT,Assistant Professor,Advanced Computer Networks|Web Development|Python,1,1,0.7,1,0.9333,0
Can you explain an issue related to Deep Learning?,Deep Learning,MCA,Lecturer,DBMS|Data Science|Java|Machine Learning,0,0,0.55,8,0.4667,0
I need guidance with my Web Development assignment.,Web Development,CSE,Lecturer,Software Engineering|Computer Networks|Data Science|Python|Advanced DBMS,0,1,0.55,11,0.2667,0
I have an academic query regarding Statistics.,Statistics,MCA,Lecturer,Artificial Intelligence|Web Development|Computer Networks|Advanced Computer Networks,0,0,0.55,3,0.8,0
I am facing difficulty in Computer Networks and need clarification.,Computer Networks,IT,Associate Professor,Data Structures|Machine Learning|Artificial Intelligence|Advanced Computer Networks|Cloud Computing,0,1,0.85,14,0.0667,1
I have a question about Deep Learning.,Deep Learning,CSE,Associate Professor,Computer Networks|Advanced DBMS,0,1,0.85,2,0.8667,1
I am facing difficulty in Advanced DBMS and need clarification.,Advanced DBMS,CSE,Lecturer,Advanced Computer Networks|Operating Systems|Python,0,1,0.55,3,0.8,0
Could you help me with the Artificial Intelligence syllabus?,Artificial Intelligence,IT,Assistant Professor,Artificial Intelligence|Python,1,1,0.7,12,0.2,1
Can you explain an issue related to Advanced Computer Networks?,Advanced Computer Networks,MCA,Assistant Professor,Java,0,1,0.7,2,0.8667,1
Can you explain an issue related to Deep Learning?,Deep Learning,IT,Assistant Professor,Python|Cloud Computing,0,1,0.7,0,1.0,1
I have an academic query regarding Cloud Computing.,Cloud Computing,CSE,Assistant Professor,DBMS|Advanced Computer Networks|Machine Learning,0,1,0.7,14,0.0667,0
I have an academic query regarding Advanced Computer Networks.,Advanced Computer Networks,CSE,Lecturer,Java|DBMS,0,1,0.55,1,0.9333,0
I need guidance with my Data Structures assignment.,Data Structures,IT,Professor,Algorithms|Computer Networks|Advanced Computer Networks,0,1,1.0,12,0.2,1
I need help understanding DBMS.,DBMS,IT,Associate Professor,Machine Learning|Advanced DBMS,0,0,0.85,12,0.2,0
I have an academic query regarding Data Science.,Data Science,IT,Lecturer,Software Engineering|Algorithms|Advanced DBMS,0,1,0.55,12,0.2,1
I have an academic query regarding Java.,Java,IT,Associate Professor,Cloud Computing|Deep Learning|Artificial Intelligence|Advanced DBMS|Data Structures,0,1,0.85,1,0.9333,0
Can you explain an issue related to Statistics?,Statistics,IT,Associate Professor,DBMS|Statistics|Web Development|Advanced Computer Networks|Data Structures,1,0,0.85,6,0.6,1
Please clarify the Data Science topic related to my course.,Data Science,CSE,Professor,Cloud Computing|Software Engineering,0,1,1.0,5,0.6667,0
I need help understanding Web Development.,Web Development,CSE,Associate Professor,Deep Learning,0,0,0.85,10,0.3333,0
I need help understanding Cloud Computing.,Cloud Computing,MCA,Professor,Advanced Computer Networks,0,1,1.0,9,0.4,0
Please clarify the Cloud Computing topic related to my course.,Cloud Computing,IT,Professor,Cloud Computing|Operating Systems|Python|Statistics,1,1,1.0,0,1.0,1
I need help understanding Deep Learning.,Deep Learning,CSE,Associate Professor,Algorithms,0,1,0.85,3,0.8,0
I have a question about Cloud Computing.,Cloud Computing,CSE,Lecturer,DBMS|Deep Learning|Advanced DBMS,0,1,0.55,5,0.6667,0
Can you explain an issue related to Cloud Computing?,Cloud Computing,IT,Lecturer,Data Structures,0,0,0.55,3,0.8,0
Can you explain an issue related to Deep Learning?,Deep Learning,MCA,Associate Professor,Statistics,0,1,0.85,3,0.8,1
I need help understanding Advanced DBMS.,Advanced DBMS,MCA,Assistant Professor,Artificial Intelligence,0,0,0.7,9,0.4,0
I am facing difficulty in Software Engineering and need clarification.,Software Engineering,IT,Professor,Java|Machine Learning,0,0,1.0,9,0.4,0
I have a question about DBMS.,DBMS,IT,Lecturer,Data Structures|Web Development|Java,0,1,0.55,6,0.6,0
I have an academic query regarding Advanced Computer Networks.,Advanced Computer Networks,MCA,Associate Professor,Java|Computer Networks,0,0,0.85,6,0.6,0
Please clarify the DBMS topic related to my course.,DBMS,IT,Lecturer,Operating Systems,0,1,0.55,5,0.6667,0
Can you explain an issue related to Operating Systems?,Operating Systems,IT,Lecturer,Computer Networks|Artificial Intelligence,0,1,0.55,8,0.4667,0
Please clarify the Web Development topic related to my course.,Web Development,IT,Associate Professor,DBMS|Python|Cloud Computing|Computer Networks,0,1,0.85,7,0.5333,1
I have an academic query regarding Deep Learning.,Deep Learning,IT,Lecturer,Python,0,1,0.55,11,0.2667,0
Please clarify the DBMS topic related to my course.,DBMS,MCA,Assistant Professor,Deep Learning,0,1,0.7,7,0.5333,0
Please clarify the Deep Learning topic related to my course.,Deep Learning,MCA,Assistant Professor,Algorithms|Deep Learning|Operating Systems|Advanced DBMS|Web Development,1,1,0.7,9,0.4,1
I need help understanding Machine Learning.,Machine Learning,MCA,Assistant Professor,Advanced DBMS|Web Development|Cloud Computing|Algorithms,0,1,0.7,12,0.2,0
I need guidance with my Operating Systems assignment.,Operating Systems,MCA,Associate Professor,DBMS|Cloud Computing,0,1,0.85,8,0.4667,1
Could you help me with the Advanced Computer Networks syllabus?,Advanced Computer Networks,IT,Lecturer,Advanced DBMS|Statistics|Data Structures|Cloud Computing,0,1,0.55,9,0.4,1
Please clarify the Data Structures topic related to my course.,Data Structures,IT,Associate Professor,Artificial Intelligence|Java|Computer Networks,0,1,0.85,2,0.8667,0
Could you help me with the Advanced Computer Networks syllabus?,Advanced Computer Networks,MCA,Associate Professor,Machine Learning|Artificial Intelligence|Web Development|DBMS|Operating Systems,0,0,0.85,0,1.0,0
I need guidance with my Data Structures assignment.,Data Structures,IT,Associate Professor,Algorithms|Deep Learning|Computer Networks|Data Science,0,1,0.85,0,1.0,0
I need help understanding Advanced Computer Networks.,Advanced Computer Networks,IT,Professor,Statistics|Advanced DBMS|Python|Cloud Computing|Operating Systems,0,0,1.0,5,0.6667,1
Can you explain an issue related to Data Structures?,Data Structures,CSE,Professor,Algorithms|Cloud Computing|Artificial Intelligence|Advanced DBMS,0,0,1.0,10,0.3333,0
I have an academic query regarding Deep Learning.,Deep Learning,CSE,Assistant Professor,Java|Operating Systems|Deep Learning|Data Science,1,1,0.7,12,0.2,1
I have a question about Data Structures.,Data Structures,MCA,Lecturer,Algorithms|Machine Learning|Advanced DBMS|Data Science|Java,0,1,0.55,9,0.4,0
I need help understanding Web Development.,Web Development,IT,Associate Professor,Web Development|Data Science|Machine Learning|Computer Networks,1,1,0.85,2,0.8667,1
Could you help me with the Software Engineering syllabus?,Software Engineering,MCA,Lecturer,DBMS,0,1,0.55,8,0.4667,1
I need guidance with my Web Development assignment.,Web Development,CSE,Assistant Professor,Advanced DBMS|Operating Systems|Machine Learning|Advanced Computer Networks,0,1,0.7,14,0.0667,1
I need guidance with my Software Engineering assignment.,Software Engineering,MCA,Assistant Professor,Deep Learning|Computer Networks,0,1,0.7,4,0.7333,0
Could you help me with the Machine Learning syllabus?,Machine Learning,MCA,Associate Professor,Operating Systems|Deep Learning|Computer Networks|Advanced Computer Networks,0,1,0.85,4,0.7333,1
I have a question about Data Structures.,Data Structures,IT,Lecturer,Deep Learning|Data Structures,1,1,0.55,4,0.7333,1
Can you explain an issue related to Advanced Computer Networks?,Advanced Computer Networks,MCA,Assistant Professor,Data Science|Software Engineering|Advanced Computer Networks|DBMS,1,1,0.7,2,0.8667,1
Could you help me with the DBMS syllabus?,DBMS,IT,Associate Professor,Operating Systems|Deep Learning,0,0,0.85,7,0.5333,0
Could you help me with the Computer Networks syllabus?,Computer Networks,CSE,Professor,Advanced DBMS|Computer Networks|Software Engineering|Java|Python,1,1,1.0,7,0.5333,1
Could you help me with the Machine Learning syllabus?,Machine Learning,CSE,Associate Professor,Software Engineering|Data Science,0,1,0.85,2,0.8667,0
I have a question about Software Engineering.,Software Engineering,IT,Assistant Professor,Advanced Computer Networks|Python,0,1,0.7,1,0.9333,0
I need help understanding Java.,Java,MCA,Assistant Professor,Operating Systems|Web Development|Algorithms,0,1,0.7,10,0.3333,0
I have an academic query regarding Machine Learning.,Machine Learning,MCA,Professor,Computer Networks|Java|Advanced Computer Networks,0,1,1.0,3,0.8,0
I need guidance with my Algorithms assignment.,Algorithms,CSE,Assistant Professor,Deep Learning|Data Structures|Python,0,1,0.7,4,0.7333,1
I need help understanding Data Structures.,Data Structures,IT,Assistant Professor,Operating Systems|Computer Networks,0,1,0.7,2,0.8667,0
I am facing difficulty in Deep Learning and need clarification.,Deep Learning,MCA,Associate Professor,Statistics|Deep Learning,1,1,0.85,10,0.3333,1
I need guidance with my Computer Networks assignment.,Computer Networks,IT,Associate Professor,DBMS,0,1,0.85,8,0.4667,0
I have an academic query regarding Web Development.,Web Development,CSE,Professor,Artificial Intelligence|Algorithms|Computer Networks|Operating Systems,0,0,1.0,0,1.0,1
Could you help me with the DBMS syllabus?,DBMS,CSE,Professor,Machine Learning|Computer Networks|Web Development|Software Engineering|Algorithms,0,1,1.0,2,0.8667,1
I have a question about Cloud Computing.,Cloud Computing,CSE,Assistant Professor,Advanced DBMS|Data Science,0,1,0.7,6,0.6,0
I have a question about Data Structures.,Data Structures,CSE,Assistant Professor,Advanced Computer Networks|Java|Web Development,0,1,0.7,3,0.8,1
Can you explain an issue related to Advanced Computer Networks?,Advanced Computer Networks,CSE,Professor,Operating Systems|DBMS,0,1,1.0,1,0.9333,0
I have an academic query regarding Computer Networks.,Computer Networks,IT,Professor,Web Development,0,1,1.0,11,0.2667,0
I have a question about DBMS.,DBMS,CSE,Assistant Professor,Machine Learning|Data Science|Software Engineering,0,1,0.7,8,0.4667,1
Could you help me with the Deep Learning syllabus?,Deep Learning,IT,Lecturer,Computer Networks|Statistics|Deep Learning,1,1,0.55,6,0.6,1
I need help understanding DBMS.,DBMS,CSE,Associate Professor,Web Development|DBMS|Statistics|Advanced Computer Networks,1,1,0.85,5,0.6667,1
Can you explain an issue related to Computer Networks?,Computer Networks,IT,Lecturer,Java|Data Science,0,1,0.55,5,0.6667,0
I need help understanding Artificial Intelligence.,Artificial Intelligence,MCA,Professor,Advanced Computer Networks|Statistics|Algorithms|Python,0,0,1.0,3,0.8,0
Please clarify the Data Science topic related to my course.,Data Science,IT,Professor,Cloud Computing|Data Science|Machine Learning|Software Engineering,1,1,1.0,1,0.9333,1
Please clarify the Operating Systems topic related to my course.,Operating Systems,MCA,Professor,Deep Learning,0,1,1.0,10,0.3333,0
I have an academic query regarding Computer Networks.,Computer Networks,MCA,Lecturer,Statistics|Advanced DBMS|DBMS|Algorithms|Advanced Computer Networks,0,1,0.55,1,0.9333,0
Can you explain an issue related to Deep Learning?,Deep Learning,MCA,Professor,Java,0,1,1.0,13,0.1333,1
Please clarify the Data Science topic related to my course.,Data Science,MCA,Lecturer,DBMS|Web Development|Python|Data Structures,0,1,0.55,12,0.2,0
Please clarify the Algorithms topic related to my course.,Algorithms,MCA,Professor,Deep Learning|Java,0,1,1.0,10,0.3333,1
I have an academic query regarding Machine Learning.,Machine Learning,IT,Associate Professor,Software Engineering|Python,0,1,0.85,13,0.1333,1
I need help understanding Java.,Java,CSE,Professor,Algorithms|Web Development|Statistics,0,1,1.0,2,0.8667,0
I have an academic query regarding DBMS.,DBMS,CSE,Associate Professor,Statistics|Algorithms|Software Engineering|Machine Learning,0,1,0.85,13,0.1333,0
Could you help me with the DBMS syllabus?,DBMS,MCA,Assistant Professor,Advanced DBMS|Cloud Computing,0,1,0.7,15,0.0,0
Could you help me with the Python syllabus?,Python,MCA,Associate Professor,Software Engineering|Algorithms|Operating Systems|Statistics,0,1,0.85,7,0.5333,0
I have a question about Data Structures.,Data Structures,IT,Associate Professor,Advanced Computer Networks,0,1,0.85,6,0.6,0
I need help understanding Web Development.,Web Development,IT,Lecturer,Deep Learning|Machine Learning,0,0,0.55,11,0.2667,0
I need help understanding Java.,Java,CSE,Associate Professor,Software Engineering|Advanced Computer Networks|Deep Learning|Data Structures|Statistics,0,1,0.85,4,0.7333,1
I need help understanding Cloud Computing.,Cloud Computing,IT,Professor,Web Development|Machine Learning|Data Structures|Algorithms,0,1,1.0,2,0.8667,0
I need help understanding Data Science.,Data Science,MCA,Assistant Professor,Artificial Intelligence|Advanced Computer Networks,0,1,0.7,13,0.1333,1
I need help understanding Algorithms.,Algorithms,IT,Associate Professor,Java|Algorithms|Computer Networks|Web Development|Advanced DBMS,1,1,0.85,0,1.0,1
I have an academic query regarding Machine Learning.,Machine Learning,IT,Professor,Advanced DBMS|Data Structures|Data Science|Computer Networks|Software Engineering,0,1,1.0,14,0.0667,0
Could you help me with the Data Structures syllabus?,Data Structures,CSE,Associate Professor,Advanced DBMS|Operating Systems|Machine Learning|Algorithms,0,1,0.85,4,0.7333,0
I need help understanding Machine Learning.,Machine Learning,MCA,Lecturer,Artificial Intelligence|Statistics,0,1,0.55,12,0.2,0
I need guidance with my Machine Learning assignment.,Machine Learning,CSE,Lecturer,Operating Systems|Deep Learning,0,1,0.55,11,0.2667,0
I have an academic query regarding Data Science.,Data Science,MCA,Assistant Professor,Deep Learning|Artificial Intelligence,0,1,0.7,0,1.0,0
I am facing difficulty in Computer Networks and need clarification.,Computer Networks,IT,Associate Professor,Advanced Computer Networks,0,1,0.85,1,0.9333,0
Could you help me with the Machine Learning syllabus?,Machine Learning,MCA,Assistant Professor,Java,0,1,0.7,11,0.2667,0
Please clarify the Data Structures topic related to my course.,Data Structures,MCA,Assistant Professor,Web Development|DBMS|Data Structures|Python,1,1,0.7,13,0.1333,0
Please clarify the Data Structures topic related to my course.,Data Structures,MCA,Professor,Cloud Computing|Algorithms|Java|Software Engineering|Data Science,0,1,1.0,4,0.7333,0
I need help understanding Artificial Intelligence.,Artificial Intelligence,IT,Associate Professor,DBMS|Advanced DBMS,0,0,0.85,10,0.3333,0
Please clarify the Python topic related to my course.,Python,CSE,Assistant Professor,Software Engineering|Machine Learning|Statistics|Web Development|Cloud Computing,0,1,0.7,7,0.5333,1
Please clarify the DBMS topic related to my course.,DBMS,IT,Lecturer,Data Science,0,1,0.55,9,0.4,0
Please clarify the Algorithms topic related to my course.,Algorithms,MCA,Lecturer,Advanced DBMS|Java|Artificial Intelligence,0,1,0.55,11,0.2667,0
I am facing difficulty in Advanced DBMS and need clarification.,Advanced DBMS,IT,Lecturer,Algorithms|Operating Systems|Cloud Computing,0,0,0.55,4,0.7333,0
Could you help me with the Machine Learning syllabus?,Machine Learning,CSE,Assistant Professor,Software Engineering|DBMS|Advanced Computer Networks|Advanced DBMS,0,1,0.7,10,0.3333,0
I have a question about Data Structures.,Data Structures,CSE,Assistant Professor,Machine Learning,0,1,0.7,7,0.5333,0
I need guidance with my DBMS assignment.,DBMS,MCA,Assistant Professor,Advanced DBMS|Cloud Computing|Software Engineering|Machine Learning,0,1,0.7,14,0.0667,0
Could you help me with the Statistics syllabus?,Statistics,CSE,Lecturer,Artificial Intelligence,0,1,0.55,3,0.8,0
I am facing difficulty in Software Engineering and need clarification.,Software Engineering,MCA,Lecturer,Artificial Intelligence|Python|Advanced DBMS,0,0,0.55,15,0.0,0
I need guidance with my Deep Learning assignment.,Deep Learning,CSE,Lecturer,DBMS,0,0,0.55,4,0.7333,0
Can you explain an issue related to Machine Learning?,Machine Learning,IT,Lecturer,Web Development,0,1,0.55,15,0.0,1
I have an academic query regarding Data Science.,Data Science,IT,Lecturer,Operating Systems|Advanced DBMS|Machine Learning,0,1,0.55,8,0.4667,0
I have an academic query regarding Statistics.,Statistics,CSE,Associate Professor,Advanced DBMS|Machine Learning|Algorithms,0,0,0.85,13,0.1333,0
Could you help me with the Advanced DBMS syllabus?,Advanced DBMS,MCA,Assistant Professor,Algorithms|Data Structures|Operating Systems|Web Development,0,1,0.7,13,0.1333,0
I am facing difficulty in Data Science and need clarification.,Data Science,IT,Associate Professor,DBMS,0,1,0.85,10,0.3333,1
I need help understanding DBMS.,DBMS,CSE,Assistant Professor,Software Engineering,0,1,0.7,0,1.0,0
I need help understanding Statistics.,Statistics,IT,Professor,Computer Networks,0,1,1.0,6,0.6,0
I have an academic query regarding Cloud Computing.,Cloud Computing,MCA,Assistant Professor,Computer Networks|Data Science,0,1,0.7,11,0.2667,1
I need guidance with my Data Structures assignment.,Data Structures,MCA,Lecturer,Software Engineering|Data Structures|Advanced DBMS|Statistics,1,0,0.55,13,0.1333,1
Could you help me with the Deep Learning syllabus?,Deep Learning,MCA,Lecturer,Web Development|Advanced DBMS|Operating Systems|Java,0,1,0.55,13,0.1333,0
Could you help me with the Java syllabus?,Java,IT,Professor,Deep Learning,0,1,1.0,0,1.0,0
I am facing difficulty in Deep Learning and need clarification.,Deep Learning,CSE,Professor,Data Structures|Machine Learning|Python|DBMS,0,0,1.0,6,0.6,0
I need guidance with my Cloud Computing assignment.,Cloud Computing,MCA,Associate Professor,Deep Learning|Web Development|Cloud Computing|Advanced Computer Networks,1,1,0.85,12,0.2,1
I have a question about Advanced Computer Networks.,Advanced Computer Networks,IT,Assistant Professor,Operating Systems|Java|Software Engineering,0,0,0.7,13,0.1333,0
Could you help me with the Software Engineering syllabus?,Software Engineering,MCA,Professor,DBMS,0,1,1.0,10,0.3333,0
Could you help me with the Advanced Computer Networks syllabus?,Advanced Computer Networks,IT,Lecturer,Cloud Computing|Machine Learning,0,1,0.55,13,0.1333,1
Could you help me with the Advanced DBMS syllabus?,Advanced DBMS,CSE,Assistant Professor,Advanced DBMS|Software Engineering|Deep Learning|Machine Learning|Web Development,1,1,0.7,3,0.8,1
I need help understanding Operating Systems.,Operating Systems,IT,Associate Professor,Computer Networks|Artificial Intelligence|Machine Learning,0,1,0.85,0,1.0,0
Can you explain an issue related to Data Science?,Data Science,IT,Professor,Cloud Computing|Data Science|Web Development|Statistics|Artificial Intelligence,1,0,1.0,11,0.2667,1
Please clarify the Java topic related to my course.,Java,MCA,Associate Professor,Operating Systems|Machine Learning|DBMS|Algorithms,0,0,0.85,0,1.0,0
I am facing difficulty in Deep Learning and need clarification.,Deep Learning,CSE,Professor,DBMS,0,1,1.0,5,0.6667,1
Please clarify the Web Development topic related to my course.,Web Development,MCA,Lecturer,Algorithms,0,1,0.55,13,0.1333,1
I have a question about Computer Networks.,Computer Networks,IT,Lecturer,Python|Statistics|Cloud Computing|Artificial Intelligence,0,1,0.55,0,1.0,0
I have a question about Deep Learning.,Deep Learning,CSE,Assistant Professor,Data Science|Advanced DBMS|Operating Systems|Web Development,0,1,0.7,3,0.8,1
Can you explain an issue related to Data Science?,Data Science,IT,Associate Professor,Web Development|Deep Learning,0,0,0.85,0,1.0,0
I have an academic query regarding Artificial Intelligence.,Artificial Intelligence,IT,Associate Professor,Operating Systems|Algorithms|Deep Learning,0,0,0.85,11,0.2667,0
I have an academic query regarding Statistics.,Statistics,IT,Lecturer,Data Structures|Cloud Computing|Statistics|Deep Learning,1,1,0.55,6,0.6,1
I have an academic query regarding Cloud Computing.,Cloud Computing,MCA,Assistant Professor,Computer Networks|Algorithms,0,1,0.7,14,0.0667,0
I have a question about Python.,Python,IT,Professor,Cloud Computing|Software Engineering|Deep Learning|Java|Advanced DBMS,0,1,1.0,2,0.8667,0
Could you help me with the Data Structures syllabus?,Data Structures,CSE,Lecturer,Data Structures|Web Development|Computer Networks,1,1,0.55,5,0.6667,1
I need guidance with my Advanced DBMS assignment.,Advanced DBMS,CSE,Associate Professor,Computer Networks,0,1,0.85,11,0.2667,1
Please clarify the Deep Learning topic related to my course.,Deep Learning,MCA,Assistant Professor,Python,0,1,0.7,10,0.3333,0
Could you help me with the Cloud Computing syllabus?,Cloud Computing,CSE,Associate Professor,Computer Networks|Deep Learning|Operating Systems|DBMS|Web Development,0,1,0.85,2,0.8667,0
I have an academic query regarding Software Engineering.,Software Engineering,CSE,Assistant Professor,Computer Networks|Machine Learning,0,1,0.7,15,0.0,1
I have a question about Software Engineering.,Software Engineering,MCA,Professor,Advanced DBMS|Python|Java|Computer Networks,0,1,1.0,0,1.0,1
Could you help me with the Statistics syllabus?,Statistics,CSE,Associate Professor,Machine Learning|Data Structures|Advanced DBMS|Python,0,1,0.85,15,0.0,1
Could you help me with the Java syllabus?,Java,CSE,Assistant Professor,Cloud Computing|Artificial Intelligence|Operating Systems,0,1,0.7,15,0.0,0
I need help understanding Java.,Java,IT,Lecturer,Deep Learning|Web Development|Java|Machine Learning,1,1,0.55,1,0.9333,1
I have a question about Deep Learning.,Deep Learning,CSE,Lecturer,Advanced DBMS|Artificial Intelligence,0,1,0.55,11,0.2667,0
Could you help me with the Machine Learning syllabus?,Machine Learning,CSE,Professor,Machine Learning,1,0,1.0,2,0.8667,1
Could you help me with the Operating Systems syllabus?,Operating Systems,IT,Associate Professor,Statistics|Deep Learning,0,1,0.85,4,0.7333,0
I am facing difficulty in Statistics and need clarification.,Statistics,IT,Professor,Data Structures|Advanced Computer Networks|Java|Algorithms|Python,0,1,1.0,8,0.4667,1
Can you explain an issue related to Advanced Computer Networks?,Advanced Computer Networks,MCA,Assistant Professor,Artificial Intelligence|Web Development|Operating Systems,0,0,0.7,7,0.5333,0
Could you help me with the Artificial Intelligence syllabus?,Artificial Intelligence,MCA,Lecturer,Computer Networks,0,1,0.55,6,0.6,0
Please clarify the Computer Networks topic related to my course.,Computer Networks,CSE,Professor,Computer Networks|Python|Cloud Computing,1,0,1.0,14,0.0667,1
I have an academic query regarding DBMS.,DBMS,MCA,Assistant Professor,Statistics|Computer Networks|Cloud Computing|Algorithms,0,1,0.7,8,0.4667,0
I have a question about Deep Learning.,Deep Learning,MCA,Lecturer,Deep Learning,1,1,0.55,14,0.0667,1
I need help understanding Algorithms.,Algorithms,IT,Lecturer,Operating Systems|Deep Learning|Statistics,0,1,0.55,11,0.2667,0
Could you help me with the Cloud Computing syllabus?,Cloud Computing,IT,Lecturer,Python|Machine Learning|Advanced Computer Networks|DBMS|Advanced DBMS,0,1,0.55,12,0.2,0
I have a question about Computer Networks.,Computer Networks,CSE,Associate Professor,Advanced DBMS|Operating Systems|Algorithms|Java,0,1,0.85,13,0.1333,1
Please clarify the Advanced Computer Networks topic related to my course.,Advanced Computer Networks,MCA,Associate Professor,Machine Learning,0,0,0.85,8,0.4667,0
I need help understanding Operating Systems.,Operating Systems,MCA,Lecturer,Cloud Computing|Deep Learning|Algorithms|Web Development,0,0,0.55,8,0.4667,0
Can you explain an issue related to Computer Networks?,Computer Networks,CSE,Assistant Professor,Java|Data Science|Machine Learning|Artificial Intelligence|Operating Systems,0,0,0.7,15,0.0,0
I am facing difficulty in Advanced DBMS and need clarification.,Advanced DBMS,CSE,Professor,Advanced DBMS|Python,1,0,1.0,4,0.7333,0
I am facing difficulty in Software Engineering and need clarification.,Software Engineering,CSE,Professor,Operating Systems|Artificial Intelligence,0,1,1.0,0,1.0,0
I need help understanding Data Science.,Data Science,CSE,Associate Professor,Deep Learning|Machine Learning|Software Engineering|Data Science,1,1,0.85,9,0.4,1
I have an academic query regarding DBMS.,DBMS,MCA,Professor,Python|Statistics|Advanced Computer Networks,0,1,1.0,8,0.4667,0
I have a question about Web Development.,Web Development,CSE,Professor,Java|Python|Statistics,0,1,1.0,15,0.0,1
Please clarify the DBMS topic related to my course.,DBMS,CSE,Associate Professor,Web Development|Algorithms,0,1,0.85,13,0.1333,0
Could you help me with the Computer Networks syllabus?,Computer Networks,CSE,Professor,Statistics|Advanced DBMS|DBMS,0,0,1.0,11,0.2667,0
I am facing difficulty in Software Engineering and need clarification.,Software Engineering,CSE,Assistant Professor,Machine Learning|Python,0,0,0.7,3,0.8,0
I need help understanding Web Development.,Web Development,CSE,Professor,Algorithms,0,0,1.0,4,0.7333,0
Can you explain an issue related to Data Structures?,Data Structures,CSE,Associate Professor,Algorithms|Java|Machine Learning,0,1,0.85,0,1.0,0
I have a question about Java.,Java,IT,Professor,Algorithms,0,1,1.0,13,0.1333,0
Can you explain an issue related to Machine Learning?,Machine Learning,CSE,Associate Professor,Java|DBMS|Machine Learning,1,1,0.85,4,0.7333,0
Could you help me with the Software Engineering syllabus?,Software Engineering,IT,Professor,Advanced Computer Networks|Machine Learning|Data Structures,0,0,1.0,7,0.5333,0
I need help understanding Software Engineering.,Software Engineering,CSE,Professor,Java|Data Structures|Artificial Intelligence,0,1,1.0,10,0.3333,0
Could you help me with the Computer Networks syllabus?,Computer Networks,CSE,Associate Professor,Computer Networks|Java|DBMS|Machine Learning,1,1,0.85,14,0.0667,1
Could you help me with the Software Engineering syllabus?,Software Engineering,MCA,Associate Professor,Statistics|Python|Operating Systems|Algorithms|Web Development,0,1,0.85,11,0.2667,0
I need guidance with my Software Engineering assignment.,Software Engineering,CSE,Professor,Data Science|Software Engineering|Machine Learning|Cloud Computing|Artificial Intelligence,1,1,1.0,9,0.4,1
I am facing difficulty in DBMS and need clarification.,DBMS,IT,Assistant Professor,Cloud Computing,0,1,0.7,0,1.0,0
I need guidance with my Machine Learning assignment.,Machine Learning,MCA,Professor,Deep Learning|Python|Java,0,1,1.0,9,0.4,0
I need help understanding Machine Learning.,Machine Learning,MCA,Professor,Data Structures|DBMS,0,1,1.0,15,0.0,1
I have a question about Java.,Java,IT,Assistant Professor,Algorithms,0,1,0.7,6,0.6,1
Please clarify the DBMS topic related to my course.,DBMS,IT,Professor,Deep Learning|Advanced Computer Networks|Data Structures|Machine Learning|Algorithms,0,1,1.0,14,0.0667,0
Please clarify the Java topic related to my course.,Java,CSE,Lecturer,Advanced Computer Networks|Operating Systems,0,0,0.55,14,0.0667,0
I have an academic query regarding Software Engineering.,Software Engineering,MCA,Professor,DBMS|Advanced Computer Networks,0,1,1.0,6,0.6,0
Could you help me with the Java syllabus?,Java,IT,Professor,Algorithms|Web Development|Python|DBMS|Computer Networks,0,1,1.0,3,0.8,0
I need guidance with my DBMS assignment.,DBMS,MCA,Assistant Professor,Deep Learning|Cloud Computing|Data Science|Java,0,1,0.7,14,0.0667,1
Could you help me with the DBMS syllabus?,DBMS,CSE,Lecturer,Data Science|Advanced DBMS|Algorithms,0,1,0.55,6,0.6,0
I have an academic query regarding Data Structures.,Data Structures,MCA,Associate Professor,Web Development|Python,0,1,0.85,4,0.7333,1
I need guidance with my Cloud Computing assignment.,Cloud Computing,MCA,Lecturer,Algorithms|Advanced DBMS|Java|Web Development,0,0,0.55,8,0.4667,0
Please clarify the Web Development topic related to my course.,Web Development,IT,Lecturer,Machine Learning,0,1,0.55,5,0.6667,1
Could you help me with the Algorithms syllabus?,Algorithms,IT,Lecturer,Advanced Computer Networks|Data Structures|Machine Learning,0,0,0.55,5,0.6667,0
I have a question about Software Engineering.,Software Engineering,MCA,Professor,Operating Systems|Deep Learning|Data Science|Software Engineering|Web Development,1,1,1.0,11,0.2667,1
I am facing difficulty in Advanced DBMS and need clarification.,Advanced DBMS,CSE,Professor,Cloud Computing|DBMS|Python|Java,0,1,1.0,6,0.6,1
Please clarify the Java topic related to my course.,Java,MCA,Associate Professor,Software Engineering|Computer Networks,0,1,0.85,0,1.0,0
I am facing difficulty in Computer Networks and need clarification.,Computer Networks,MCA,Associate Professor,Web Development,0,1,0.85,2,0.8667,1
Could you help me with the Computer Networks syllabus?,Computer Networks,MCA,Lecturer,Web Development|Data Structures|Java|Operating Systems|Artificial Intelligence,0,1,0.55,14,0.0667,0
I need guidance with my Artificial Intelligence assignment.,Artificial Intelligence,IT,Professor,Data Structures|Java,0,1,1.0,15,0.0,1
Please clarify the Data Science topic related to my course.,Data Science,MCA,Assistant Professor,Cloud Computing|Web Development|Machine Learning,0,0,0.7,5,0.6667,0
I have a question about Advanced Computer Networks.,Advanced Computer Networks,IT,Assistant Professor,Machine Learning|Deep Learning|Java|Advanced Computer Networks,1,0,0.7,8,0.4667,1
I have a question about Python.,Python,CSE,Assistant Professor,Python|Machine Learning,1,1,0.7,10,0.3333,0
I am facing difficulty in Advanced Computer Networks and need clarification.,Advanced Computer Networks,CSE,Professor,Machine Learning|Web Development|Data Structures|Computer Networks|Java,0,1,1.0,2,0.8667,0
Could you help me with the DBMS syllabus?,DBMS,CSE,Professor,Machine Learning,0,1,1.0,7,0.5333,0
Could you help me with the Algorithms syllabus?,Algorithms,CSE,Associate Professor,Machine Learning,0,1,0.85,6,0.6,0
Could you help me with the Data Science syllabus?,Data Science,IT,Lecturer,Cloud Computing,0,1,0.55,4,0.7333,0
I have a question about DBMS.,DBMS,MCA,Lecturer,Web Development,0,1,0.55,10,0.3333,0
I have a question about Advanced Computer Networks.,Advanced Computer Networks,MCA,Professor,Data Science|Advanced Computer Networks|Computer Networks|Web Development|Cloud Computing,1,0,1.0,1,0.9333,0
I need guidance with my Advanced Computer Networks assignment.,Advanced Computer Networks,MCA,Professor,DBMS,0,1,1.0,9,0.4,1
Can you explain an issue related to Advanced Computer Networks?,Advanced Computer Networks,CSE,Associate Professor,Cloud Computing|Algorithms|Python|Machine Learning|Statistics,0,1,0.85,8,0.4667,0
Can you explain an issue related to Algorithms?,Algorithms,IT,Assistant Professor,Statistics|Java,0,0,0.7,9,0.4,0
Can you explain an issue related to Data Structures?,Data Structures,CSE,Assistant Professor,Data Structures|Deep Learning|Data Science|Advanced DBMS|Computer Networks,1,1,0.7,15,0.0,1
Can you explain an issue related to DBMS?,DBMS,IT,Associate Professor,Computer Networks|Deep Learning|Advanced DBMS,0,1,0.85,4,0.7333,1
Could you help me with the Statistics syllabus?,Statistics,IT,Lecturer,Data Science,0,1,0.55,1,0.9333,1
Can you explain an issue related to Java?,Java,MCA,Professor,Cloud Computing|Algorithms|Data Science,0,0,1.0,12,0.2,0
I need guidance with my Computer Networks assignment.,Computer Networks,CSE,Associate Professor,Machine Learning|Java|Data Science|Operating Systems,0,1,0.85,0,1.0,0
I have a question about Operating Systems.,Operating Systems,IT,Associate Professor,Python,0,1,0.85,13,0.1333,0
Could you help me with the Deep Learning syllabus?,Deep Learning,IT,Lecturer,Statistics|Software Engineering|Java,0,1,0.55,8,0.4667,1
Can you explain an issue related to Statistics?,Statistics,IT,Associate Professor,Data Science|Operating Systems,0,1,0.85,8,0.4667,1
I have a question about Java.,Java,CSE,Lecturer,Operating Systems,0,1,0.55,8,0.4667,0
I need guidance with my Deep Learning assignment.,Deep Learning,CSE,Assistant Professor,Advanced DBMS|Statistics|Advanced Computer Networks,0,1,0.7,0,1.0,0
I have an academic query regarding Algorithms.,Algorithms,IT,Associate Professor,Machine Learning|Artificial Intelligence|DBMS|Java,0,1,0.85,2,0.8667,0
I have a question about Operating Systems.,Operating Systems,CSE,Lecturer,Advanced Computer Networks|Advanced DBMS,0,1,0.55,1,0.9333,1
I have a question about Advanced DBMS.,Advanced DBMS,IT,Lecturer,Python|Machine Learning|Operating Systems|Web Development|Deep Learning,0,1,0.55,8,0.4667,0
I need guidance with my Web Development assignment.,Web Development,IT,Professor,Advanced Computer Networks|Web Development|Machine Learning|Statistics|Operating Systems,1,1,1.0,2,0.8667,1
I need guidance with my Web Development assignment.,Web Development,IT,Lecturer,Software Engineering,0,0,0.55,4,0.7333,1
I have a question about Python.,Python,CSE,Assistant Professor,Java|Data Science|Artificial Intelligence|Advanced DBMS,0,1,0.7,4,0.7333,0
I need help understanding Deep Learning.,Deep Learning,IT,Associate Professor,Data Structures|Web Development|Deep Learning,1,1,0.85,1,0.9333,1
Please clarify the Cloud Computing topic related to my course.,Cloud Computing,IT,Professor,Advanced Computer Networks,0,1,1.0,13,0.1333,0
I need guidance with my Data Structures assignment.,Data Structures,MCA,Lecturer,Data Structures|Statistics|Advanced DBMS|DBMS|Deep Learning,1,0,0.55,9,0.4,0
I need guidance with my Advanced Computer Networks assignment.,Advanced Computer Networks,CSE,Associate Professor,Python|Deep Learning|Web Development|Algorithms,0,1,0.85,13,0.1333,0
Can you explain an issue related to Data Structures?,Data Structures,MCA,Assistant Professor,Advanced Computer Networks|Statistics|Cloud Computing|Computer Networks,0,1,0.7,4,0.7333,0
I need help understanding Software Engineering.,Software Engineering,IT,Associate Professor,Operating Systems|Java|Advanced DBMS|Statistics|Machine Learning,0,1,0.85,13,0.1333,0
I am facing difficulty in Algorithms and need clarification.,Algorithms,IT,Associate Professor,Statistics|Data Science,0,1,0.85,13,0.1333,1
I need guidance with my Deep Learning assignment.,Deep Learning,MCA,Professor,Data Science|Advanced DBMS|Machine Learning|Artificial Intelligence,0,1,1.0,12,0.2,0
Please clarify the DBMS topic related to my course.,DBMS,CSE,Associate Professor,Deep Learning|Python|Statistics,0,0,0.85,10,0.3333,0
I need help understanding Machine Learning.,Machine Learning,MCA,Assistant Professor,Software Engineering|Statistics|Web Development|Data Structures,0,1,0.7,15,0.0,0
I am facing difficulty in Data Structures and need clarification.,Data Structures,MCA,Associate Professor,Web Development,0,1,0.85,14,0.0667,0
Could you help me with the Advanced DBMS syllabus?,Advanced DBMS,IT,Assistant Professor,Advanced Computer Networks,0,1,0.7,10,0.3333,1
I have an academic query regarding Java.,Java,CSE,Lecturer,Advanced DBMS|DBMS|Data Science,0,1,0.55,6,0.6,0
I need help understanding Python.,Python,MCA,Assistant Professor,Advanced DBMS|Deep Learning|DBMS,0,1,0.7,14,0.0667,1
I have a question about Java.,Java,CSE,Professor,Operating Systems|DBMS,0,1,1.0,5,0.6667,1
I need help understanding Computer Networks.,Computer Networks,MCA,Lecturer,Web Development,0,1,0.55,13,0.1333,0
I need help understanding Statistics.,Statistics,CSE,Professor,Statistics,1,0,1.0,15,0.0,1
I have an academic query regarding Operating Systems.,Operating Systems,IT,Professor,Artificial Intelligence|Advanced Computer Networks|Web Development,0,1,1.0,5,0.6667,0
I have a question about Statistics.,Statistics,IT,Professor,Machine Learning|Software Engineering|Data Structures,0,0,1.0,10,0.3333,0
I am facing difficulty in Data Science and need clarification.,Data Science,MCA,Associate Professor,Cloud Computing|Advanced Computer Networks|Python|Deep Learning|DBMS,0,1,0.85,15,0.0,0
Please clarify the Java topic related to my course.,Java,MCA,Associate Professor,Data Structures,0,0,0.85,6,0.6,1
Can you explain an issue related to Algorithms?,Algorithms,IT,Associate Professor,Machine Learning|Software Engineering,0,1,0.85,12,0.2,0
I am facing difficulty in Web Development and need clarification.,Web Development,CSE,Associate Professor,Advanced Computer Networks|Java|Python,0,1,0.85,12,0.2,0
Could you help me with the Java syllabus?,Java,MCA,Associate Professor,Java,1,1,0.85,14,0.0667,1
I am facing difficulty in Deep Learning and need clarification.,Deep Learning,MCA,Lecturer,Deep Learning|Web Development|Algorithms,1,1,0.55,4,0.7333,1
Could you help me with the Algorithms syllabus?,Algorithms,IT,Lecturer,Data Science|Java,0,1,0.55,6,0.6,0
I have a question about Machine Learning.,Machine Learning,IT,Assistant Professor,Python|Software Engineering|Computer Networks,0,1,0.7,13,0.1333,0
Please clarify the Operating Systems topic related to my course.,Operating Systems,CSE,Associate Professor,Machine Learning|Java|Advanced Computer Networks,0,1,0.85,5,0.6667,0
Please clarify the Python topic related to my course.,Python,MCA,Professor,Cloud Computing,0,1,1.0,10,0.3333,0
I need help understanding Machine Learning.,Machine Learning,IT,Associate Professor,Computer Networks|Advanced DBMS|Software Engineering,0,1,0.85,7,0.5333,1
Please clarify the Web Development topic related to my course.,Web Development,CSE,Lecturer,Advanced Computer Networks|Data Science,0,1,0.55,0,1.0,0
Can you explain an issue related to Data Structures?,Data Structures,CSE,Lecturer,Advanced DBMS,0,1,0.55,0,1.0,1
Could you help me with the Machine Learning syllabus?,Machine Learning,CSE,Professor,Cloud Computing|DBMS|Software Engineering|Web Development,0,0,1.0,2,0.8667,1
Could you help me with the Data Science syllabus?,Data Science,MCA,Associate Professor,Cloud Computing,0,1,0.85,9,0.4,0
Could you help me with the Data Structures syllabus?,Data Structures,IT,Professor,Operating Systems|Statistics|Deep Learning,0,1,1.0,15,0.0,0
I am facing difficulty in Artificial Intelligence and need clarification.,Artificial Intelligence,MCA,Lecturer,Operating Systems|Algorithms|DBMS|Web Development|Data Structures,0,1,0.55,12,0.2,1
Please clarify the Cloud Computing topic related to my course.,Cloud Computing,CSE,Professor,Advanced Computer Networks|Data Science|Computer Networks|Cloud Computing,1,1,1.0,11,0.2667,1
I am facing difficulty in Java and need clarification.,Java,CSE,Associate Professor,Deep Learning,0,1,0.85,6,0.6,0
I need guidance with my Advanced Computer Networks assignment.,Advanced Computer Networks,MCA,Associate Professor,Algorithms|Advanced Computer Networks|Data Science|Cloud Computing,1,1,0.85,13,0.1333,1
I need guidance with my DBMS assignment.,DBMS,MCA,Assistant Professor,Software Engineering|Data Science|DBMS|Web Development|Deep Learning,1,1,0.7,15,0.0,1
I have a question about Advanced Computer Networks.,Advanced Computer Networks,CSE,Lecturer,Data Structures|Artificial Intelligence|Statistics|Machine Learning,0,1,0.55,2,0.8667,0
Could you help me with the Advanced DBMS syllabus?,Advanced DBMS,IT,Professor,Computer Networks|Statistics,0,0,1.0,3,0.8,1
I have an academic query regarding Algorithms.,Algorithms,MCA,Lecturer,Software Engineering|Cloud Computing,0,1,0.55,3,0.8,0
I have an academic query regarding Operating Systems.,Operating Systems,IT,Assistant Professor,Web Development|Advanced DBMS|Artificial Intelligence|DBMS|Operating Systems,1,1,0.7,11,0.2667,1
Could you help me with the Algorithms syllabus?,Algorithms,CSE,Associate Professor,DBMS|Advanced DBMS|Operating Systems,0,1,0.85,15,0.0,1
Please clarify the Advanced DBMS topic related to my course.,Advanced DBMS,MCA,Lecturer,Data Science,0,1,0.55,6,0.6,1
Can you explain an issue related to Statistics?,Statistics,CSE,Professor,Statistics,1,1,1.0,2,0.8667,1
I have an academic query regarding Web Development.,Web Development,IT,Professor,Operating Systems|Java,0,0,1.0,13,0.1333,0
I have an academic query regarding Web Development.,Web Development,IT,Lecturer,Computer Networks|Artificial Intelligence|Java,0,1,0.55,6,0.6,1
Please clarify the Deep Learning topic related to my course.,Deep Learning,MCA,Lecturer,Operating Systems|Algorithms|Deep Learning,1,1,0.55,7,0.5333,0
I am facing difficulty in DBMS and need clarification.,DBMS,MCA,Associate Professor,Data Science|Python|Machine Learning|Data Structures,0,1,0.85,14,0.0667,0
I need guidance with my Python assignment.,Python,CSE,Professor,Cloud Computing|Data Structures,0,1,1.0,15,0.0,0
I have an academic query regarding Data Structures.,Data Structures,MCA,Associate Professor,Operating Systems|DBMS,0,0,0.85,14,0.0667,0
I need guidance with my Deep Learning assignment.,Deep Learning,IT,Lecturer,Advanced DBMS|Data Science|Software Engineering,0,1,0.55,14,0.0667,0
Can you explain an issue related to Software Engineering?,Software Engineering,MCA,Associate Professor,Web Development|Advanced DBMS|Statistics|Data Structures,0,0,0.85,6,0.6,0
I have a question about Data Science.,Data Science,IT,Assistant Professor,Deep Learning|Web Development|Statistics,0,1,0.7,0,1.0,0
I am facing difficulty in Operating Systems and need clarification.,Operating Systems,IT,Lecturer,Machine Learning|Operating Systems|DBMS|Python,1,1,0.55,0,1.0,1
I need help understanding Statistics.,Statistics,CSE,Associate Professor,Deep Learning|Machine Learning|Advanced DBMS|Data Science,0,1,0.85,4,0.7333,0
I have an academic query regarding DBMS.,DBMS,MCA,Lecturer,Machine Learning,0,1,0.55,1,0.9333,1
Could you help me with the Computer Networks syllabus?,Computer Networks,IT,Professor,Python|Advanced DBMS|Statistics,0,0,1.0,11,0.2667,0
Please clarify the Software Engineering topic related to my course.,Software Engineering,IT,Professor,Computer Networks,0,0,1.0,4,0.7333,0
I need guidance with my Advanced DBMS assignment.,Advanced DBMS,CSE,Professor,Computer Networks|Software Engineering|Artificial Intelligence,0,1,1.0,0,1.0,1
I have a question about Deep Learning.,Deep Learning,CSE,Lecturer,Artificial Intelligence|Statistics|Machine Learning|Algorithms|Software Engineering,0,1,0.55,2,0.8667,1
Can you explain an issue related to Advanced DBMS?,Advanced DBMS,MCA,Associate Professor,Statistics|Artificial Intelligence|Data Structures,0,1,0.85,7,0.5333,1
Can you explain an issue related to DBMS?,DBMS,CSE,Professor,Java|Advanced DBMS|DBMS|Artificial Intelligence,1,1,1.0,13,0.1333,1
I need guidance with my Operating Systems assignment.,Operating Systems,MCA,Associate Professor,Operating Systems|Statistics|DBMS,1,1,0.85,11,0.2667,1
Could you help me with the Data Structures syllabus?,Data Structures,CSE,Associate Professor,Cloud Computing,0,1,0.85,6,0.6,0
I am facing difficulty in Web Development and need clarification.,Web Development,IT,Assistant Professor,Python|Operating Systems,0,1,0.7,6,0.6,1
I have a question about Operating Systems.,Operating Systems,MCA,Professor,Advanced DBMS|Algorithms|Artificial Intelligence|Advanced Computer Networks|Java,0,1,1.0,12,0.2,0
Please clarify the Python topic related to my course.,Python,IT,Professor,Data Science|Advanced DBMS|Computer Networks,0,1,1.0,10,0.3333,0
I am facing difficulty in Advanced DBMS and need clarification.,Advanced DBMS,CSE,Assistant Professor,Statistics|Advanced DBMS,1,1,0.7,14,0.0667,1
I have an academic query regarding Software Engineering.,Software Engineering,IT,Lecturer,Advanced Computer Networks|Operating Systems|Web Development|Advanced DBMS,0,1,0.55,15,0.0,0
I have an academic query regarding Machine Learning.,Machine Learning,MCA,Professor,Software Engineering|Operating Systems|Java|Computer Networks,0,1,1.0,5,0.6667,0
I need help understanding Data Structures.,Data Structures,MCA,Associate Professor,Python|Machine Learning,0,0,0.85,9,0.4,0
I have an academic query regarding Web Development.,Web Development,CSE,Lecturer,Statistics|Data Science,0,1,0.55,6,0.6,0
I need guidance with my Java assignment.,Java,MCA,Associate Professor,Computer Networks|Software Engineering,0,1,0.85,7,0.5333,1
Could you help me with the Data Science syllabus?,Data Science,CSE,Associate Professor,Deep Learning|Algorithms|Operating Systems,0,1,0.85,6,0.6,0
I need guidance with my Statistics assignment.,Statistics,IT,Associate Professor,Cloud Computing,0,1,0.85,4,0.7333,0
I need help understanding Java.,Java,IT,Lecturer,Cloud Computing|Artificial Intelligence|Advanced DBMS|Advanced Computer Networks|Python,0,1,0.55,0,1.0,1
Can you explain an issue related to Advanced Computer Networks?,Advanced Computer Networks,CSE,Assistant Professor,Data Structures|Data Science|Java,0,1,0.7,12,0.2,0
I need help understanding DBMS.,DBMS,CSE,Associate Professor,Computer Networks,0,1,0.85,2,0.8667,1
Could you help me with the Software Engineering syllabus?,Software Engineering,MCA,Assistant Professor,Cloud Computing|Algorithms|Data Science,0,1,0.7,13,0.1333,1
Could you help me with the Data Structures syllabus?,Data Structures,MCA,Lecturer,Web Development,0,1,0.55,3,0.8,0
Could you help me with the Data Science syllabus?,Data Science,MCA,Assistant Professor,Data Structures|Cloud Computing,0,1,0.7,0,1.0,0
I am facing difficulty in Software Engineering and need clarification.,Software Engineering,MCA,Assistant Professor,Operating Systems|Deep Learning|Java|Cloud Computing,0,1,0.7,14,0.0667,0
Please clarify the Python topic related to my course.,Python,IT,Assistant Professor,Advanced DBMS,0,0,0.7,12,0.2,0
I am facing difficulty in DBMS and need clarification.,DBMS,MCA,Assistant Professor,Operating Systems|Computer Networks|Data Structures|Software Engineering|Java,0,1,0.7,14,0.0667,0
I have an academic query regarding Java.,Java,MCA,Professor,Statistics|Web Development|Data Science|Java,1,1,1.0,8,0.4667,1
I have a question about Data Science.,Data Science,IT,Assistant Professor,Java|Web Development,0,1,0.7,14,0.0667,0
Could you help me with the Deep Learning syllabus?,Deep Learning,CSE,Professor,Cloud Computing|Advanced Computer Networks|Artificial Intelligence|Machine Learning|Operating Systems,0,1,1.0,4,0.7333,0
Please clarify the Operating Systems topic related to my course.,Operating Systems,CSE,Lecturer,Advanced Computer Networks|Statistics|Data Science|Machine Learning|Advanced DBMS,0,1,0.55,4,0.7333,0
Please clarify the Cloud Computing topic related to my course.,Cloud Computing,IT,Professor,Java|Software Engineering|Computer Networks,0,1,1.0,8,0.4667,0
I have a question about Software Engineering.,Software Engineering,MCA,Associate Professor,Operating Systems|Java|Algorithms|Data Structures|Software Engineering,1,0,0.85,7,0.5333,1
I have a question about Web Development.,Web Development,IT,Lecturer,Software Engineering|Operating Systems,0,1,0.55,5,0.6667,1
I have an academic query regarding Cloud Computing.,Cloud Computing,MCA,Assistant Professor,Data Science|Software Engineering|Deep Learning,0,1,0.7,13,0.1333,0
I have an academic query regarding Operating Systems.,Operating Systems,CSE,Assistant Professor,Advanced Computer Networks,0,1,0.7,10,0.3333,1
I am facing difficulty in Statistics and need clarification.,Statistics,IT,Lecturer,Python|Cloud Computing|Advanced Computer Networks|Operating Systems|Data Science,0,1,0.55,10,0.3333,0
Please clarify the DBMS topic related to my course.,DBMS,CSE,Lecturer,Advanced DBMS|Cloud Computing,0,1,0.55,1,0.9333,0
I need guidance with my Algorithms assignment.,Algorithms,IT,Assistant Professor,Computer Networks,0,1,0.7,11,0.2667,0
Could you help me with the Statistics syllabus?,Statistics,IT,Lecturer,DBMS,0,1,0.55,5,0.6667,0
Can you explain an issue related to Software Engineering?,Software Engineering,MCA,Assistant Professor,Algorithms|Advanced Computer Networks|Computer Networks|Operating Systems|Artificial Intelligence,0,1,0.7,3,0.8,1
Could you help me with the Computer Networks syllabus?,Computer Networks,MCA,Assistant Professor,Advanced DBMS|Cloud Computing,0,1,0.7,11,0.2667,0
Could you help me with the Operating Systems syllabus?,Operating Systems,CSE,Assistant Professor,Python,0,1,0.7,12,0.2,1
I need help understanding Algorithms.,Algorithms,CSE,Assistant Professor,Advanced DBMS|Data Structures|Computer Networks|DBMS,0,1,0.7,10,0.3333,0
Please clarify the Deep Learning topic related to my course.,Deep Learning,CSE,Lecturer,Software Engineering|Computer Networks|Python|Data Science,0,1,0.55,4,0.7333,0
Could you help me with the Software Engineering syllabus?,Software Engineering,MCA,Assistant Professor,Advanced Computer Networks|Advanced DBMS|Java|Python|Data Structures,0,1,0.7,11,0.2667,1
I have an academic query regarding Data Structures.,Data Structures,MCA,Associate Professor,Web Development|Advanced Computer Networks|Artificial Intelligence|Algorithms,0,0,0.85,6,0.6,0
I am facing difficulty in Artificial Intelligence and need clarification.,Artificial Intelligence,MCA,Associate Professor,Statistics|Data Structures|Deep Learning|Python|Java,0,1,0.85,7,0.5333,0
Could you help me with the Data Structures syllabus?,Data Structures,IT,Professor,Python|Advanced DBMS|Deep Learning|Advanced Computer Networks|Web Development,0,0,1.0,0,1.0,0
I have a question about Data Structures.,Data Structures,CSE,Lecturer,Software Engineering,0,0,0.55,3,0.8,0
Please clarify the Statistics topic related to my course.,Statistics,CSE,Professor,Cloud Computing|Machine Learning|Advanced DBMS,0,1,1.0,14,0.0667,0
Can you explain an issue related to Deep Learning?,Deep Learning,MCA,Assistant Professor,Deep Learning|Advanced DBMS|Algorithms|Computer Networks|Python,1,1,0.7,7,0.5333,1
I have an academic query regarding Operating Systems.,Operating Systems,MCA,Assistant Professor,Statistics,0,0,0.7,15,0.0,0
I need help understanding Python.,Python,CSE,Lecturer,Statistics|Operating Systems|Java,0,1,0.55,1,0.9333,0
I need help understanding Data Structures.,Data Structures,CSE,Professor,Web Development|Data Structures,1,1,1.0,9,0.4,0
Can you explain an issue related to Java?,Java,CSE,Lecturer,DBMS|Data Structures|Artificial Intelligence,0,1,0.55,12,0.2,1
I need help understanding Data Science.,Data Science,MCA,Assistant Professor,Data Science|Operating Systems,1,1,0.7,12,0.2,1
I am facing difficulty in Web Development and need clarification.,Web Development,IT,Associate Professor,Data Structures|Python|Operating Systems|Advanced DBMS|Computer Networks,0,0,0.85,15,0.0,0
I need help understanding Advanced DBMS.,Advanced DBMS,CSE,Lecturer,Artificial Intelligence,0,1,0.55,9,0.4,1
Can you explain an issue related to Operating Systems?,Operating Systems,IT,Professor,Web Development|Algorithms,0,1,1.0,0,1.0,0
I have a question about Computer Networks.,Computer Networks,CSE,Professor,Deep Learning|Python|Operating Systems|Machine Learning,0,1,1.0,2,0.8667,0
I am facing difficulty in Statistics and need clarification.,Statistics,IT,Associate Professor,Operating Systems|Advanced DBMS,0,1,0.85,7,0.5333,1
I need help understanding Advanced DBMS.,Advanced DBMS,MCA,Assistant Professor,Operating Systems|Artificial Intelligence|Web Development|Deep Learning|Statistics,0,0,0.7,2,0.8667,0
I have a question about Data Structures.,Data Structures,CSE,Professor,Advanced Computer Networks|Data Structures,1,1,1.0,15,0.0,1
Can you explain an issue related to Python?,Python,IT,Professor,Algorithms|Deep Learning,0,1,1.0,15,0.0,1
I have an academic query regarding Algorithms.,Algorithms,CSE,Professor,Software Engineering|Deep Learning|Web Development|Advanced Computer Networks|Cloud Computing,0,1,1.0,14,0.0667,0
Can you explain an issue related to Software Engineering?,Software Engineering,IT,Assistant Professor,Advanced DBMS|Python|Operating Systems|Advanced Computer Networks,0,1,0.7,9,0.4,1
I need help understanding Python.,Python,CSE,Assistant Professor,Deep Learning|Advanced DBMS|Advanced Computer Networks|Data Science,0,1,0.7,15,0.0,0
Please clarify the Artificial Intelligence topic related to my course.,Artificial Intelligence,CSE,Assistant Professor,Statistics,0,1,0.7,5,0.6667,1
Can you explain an issue related to Advanced Computer Networks?,Advanced Computer Networks,MCA,Assistant Professor,Java|Python|Cloud Computing|Operating Systems|Advanced Computer Networks,1,1,0.7,9,0.4,0
I am facing difficulty in DBMS and need clarification.,DBMS,CSE,Associate Professor,Cloud Computing|Advanced DBMS,0,0,0.85,5,0.6667,0
I have an academic query regarding Software Engineering.,Software Engineering,IT,Assistant Professor,Operating Systems|Algorithms,0,0,0.7,9,0.4,0
Could you help me with the Python syllabus?,Python,IT,Assistant Professor,Statistics|Java|Computer Networks,0,1,0.7,13,0.1333,1
I have an academic query regarding Machine Learning.,Machine Learning,CSE,Assistant Professor,Statistics|Operating Systems,0,1,0.7,6,0.6,1
I am facing difficulty in Java and need clarification.,Java,CSE,Professor,Software Engineering|Cloud Computing|Advanced DBMS,0,1,1.0,6,0.6,0
I have a question about Operating Systems.,Operating Systems,MCA,Professor,Advanced DBMS|Python,0,1,1.0,15,0.0,0
I have an academic query regarding Cloud Computing.,Cloud Computing,IT,Lecturer,Operating Systems|Cloud Computing,1,1,0.55,1,0.9333,1
Could you help me with the Web Development syllabus?,Web Development,CSE,Assistant Professor,Algorithms,0,1,0.7,2,0.8667,1
I have an academic query regarding DBMS.,DBMS,MCA,Assistant Professor,Computer Networks|Artificial Intelligence|Advanced Computer Networks|Deep Learning|Advanced DBMS,0,1,0.7,8,0.4667,0
Can you explain an issue related to Data Science?,Data Science,MCA,Professor,Web Development|Statistics|Data Structures,0,0,1.0,5,0.6667,0
Could you help me with the Statistics syllabus?,Statistics,CSE,Assistant Professor,Operating Systems|Data Structures,0,1,0.7,0,1.0,1
Could you help me with the Software Engineering syllabus?,Software Engineering,CSE,Lecturer,Data Structures,0,1,0.55,11,0.2667,1
Please clarify the Machine Learning topic related to my course.,Machine Learning,IT,Assistant Professor,Algorithms|Java|Data Structures|Advanced DBMS|Python,0,1,0.7,2,0.8667,0
I need help understanding Advanced DBMS.,Advanced DBMS,IT,Professor,Statistics|Computer Networks|Cloud Computing|Machine Learning|Data Structures,0,1,1.0,8,0.4667,0
Could you help me with the Python syllabus?,Python,MCA,Associate Professor,Python|Statistics|Operating Systems|Cloud Computing|Web Development,1,1,0.85,13,0.1333,0
Can you explain an issue related to Java?,Java,MCA,Lecturer,Data Science,0,1,0.55,13,0.1333,1
I need help understanding Python.,Python,IT,Lecturer,Web Development|DBMS,0,1,0.55,4,0.7333,1
Can you explain an issue related to Deep Learning?,Deep Learning,MCA,Professor,Web Development|Artificial Intelligence,0,1,1.0,10,0.3333,0
I am facing difficulty in Computer Networks and need clarification.,Computer Networks,CSE,Associate Professor,Operating Systems|Advanced Computer Networks|Statistics|Deep Learning,0,1,0.85,0,1.0,1
Could you help me with the Deep Learning syllabus?,Deep Learning,CSE,Professor,Computer Networks|Cloud Computing|Data Science|Advanced Computer Networks,0,1,1.0,6,0.6,1
I need guidance with my Deep Learning assignment.,Deep Learning,MCA,Associate Professor,Data Structures|Deep Learning|Artificial Intelligence|Cloud Computing|Algorithms,1,1,0.85,15,0.0,1
I have a question about Python.,Python,CSE,Associate Professor,Artificial Intelligence|Web Development,0,1,0.85,3,0.8,0
I have an academic query regarding Data Science.,Data Science,CSE,Lecturer,Deep Learning|Web Development|Advanced DBMS|DBMS,0,0,0.55,13,0.1333,0
Can you explain an issue related to Advanced Computer Networks?,Advanced Computer Networks,IT,Professor,Algorithms|Data Science|DBMS|Web Development,0,1,1.0,10,0.3333,1
I have a question about Advanced DBMS.,Advanced DBMS,IT,Professor,Data Structures|DBMS,0,1,1.0,15,0.0,0
I need help understanding Computer Networks.,Computer Networks,IT,Assistant Professor,Software Engineering|Advanced DBMS|Computer Networks,1,1,0.7,4,0.7333,1
I have an academic query regarding Web Development.,Web Development,MCA,Associate Professor,Algorithms,0,1,0.85,12,0.2,0
I have a question about Python.,Python,MCA,Professor,Data Science|Algorithms|Data Structures,0,1,1.0,4,0.7333,0
Please clarify the Cloud Computing topic related to my course.,Cloud Computing,IT,Associate Professor,Deep Learning|Data Science,0,1,0.85,7,0.5333,1
I am facing difficulty in Deep Learning and need clarification.,Deep Learning,CSE,Lecturer,Statistics|DBMS|Software Engineering|Java,0,1,0.55,0,1.0,1
I need help understanding Operating Systems.,Operating Systems,MCA,Assistant Professor,Web Development|Deep Learning|Advanced Computer Networks|Statistics|Data Structures,0,0,0.7,6,0.6,1
I have an academic query regarding DBMS.,DBMS,MCA,Professor,Cloud Computing,0,1,1.0,3,0.8,1
I need help understanding Advanced DBMS.,Advanced DBMS,IT,Assistant Professor,Statistics|Operating Systems|Cloud Computing,0,0,0.7,10,0.3333,0
I have a question about Machine Learning.,Machine Learning,IT,Lecturer,Computer Networks,0,0,0.55,0,1.0,1
Could you help me with the Advanced Computer Networks syllabus?,Advanced Computer Networks,MCA,Lecturer,Data Science|Algorithms|Advanced Computer Networks,1,0,0.55,6,0.6,1
I need help understanding Statistics.,Statistics,MCA,Lecturer,Operating Systems|Statistics|Machine Learning|Web Development|DBMS,1,1,0.55,10,0.3333,1
I need guidance with my Operating Systems assignment.,Operating Systems,CSE,Lecturer,Statistics|Deep Learning|Python|Software Engineering|Advanced DBMS,0,1,0.55,8,0.4667,1
I need guidance with my Software Engineering assignment.,Software Engineering,IT,Professor,DBMS|Deep Learning|Algorithms|Advanced Computer Networks|Machine Learning,0,1,1.0,9,0.4,1
Can you explain an issue related to Java?,Java,CSE,Lecturer,Artificial Intelligence|Advanced DBMS|Computer Networks|Software Engineering|Operating Systems,0,1,0.55,7,0.5333,0
Please clarify the Web Development topic related to my course.,Web Development,IT,Associate Professor,Data Structures|Machine Learning|Cloud Computing|Operating Systems|Advanced DBMS,0,1,0.85,5,0.6667,0
Could you help me with the Advanced DBMS syllabus?,Advanced DBMS,IT,Associate Professor,Software Engineering|Computer Networks,0,1,0.85,12,0.2,0
Please clarify the Algorithms topic related to my course.,Algorithms,CSE,Assistant Professor,Java|Data Science,0,1,0.7,9,0.4,1
I need help understanding Machine Learning.,Machine Learning,CSE,Associate Professor,Algorithms|Advanced DBMS,0,1,0.85,7,0.5333,0
Could you help me with the Software Engineering syllabus?,Software Engineering,CSE,Associate Professor,Web Development|Artificial Intelligence,0,1,0.85,8,0.4667,1
Please clarify the Deep Learning topic related to my course.,Deep Learning,IT,Associate Professor,Statistics|DBMS,0,1,0.85,10,0.3333,1
I need guidance with my Data Structures assignment.,Data Structures,CSE,Professor,Algorithms|Advanced Computer Networks|Python|Data Structures|DBMS,1,0,1.0,14,0.0667,1
Can you explain an issue related to Operating Systems?,Operating Systems,MCA,Lecturer,Deep Learning|Statistics|Computer Networks,0,1,0.55,15,0.0,0
Please clarify the Data Structures topic related to my course.,Data Structures,MCA,Professor,Web Development|Advanced Computer Networks|Software Engineering|Statistics|Python,0,1,1.0,13,0.1333,0
Please clarify the Operating Systems topic related to my course.,Operating Systems,IT,Assistant Professor,Data Structures|Python|Computer Networks,0,1,0.7,8,0.4667,0
I am facing difficulty in Data Science and need clarification.,Data Science,MCA,Lecturer,Algorithms|Advanced Computer Networks,0,1,0.55,8,0.4667,1
Please clarify the Cloud Computing topic related to my course.,Cloud Computing,IT,Lecturer,Deep Learning,0,1,0.55,3,0.8,0
I have a question about Advanced Computer Networks.,Advanced Computer Networks,CSE,Lecturer,Machine Learning|Web Development|Python|Cloud Computing,0,1,0.55,14,0.0667,0
I need guidance with my Cloud Computing assignment.,Cloud Computing,IT,Lecturer,Computer Networks,0,1,0.55,0,1.0,0
I need guidance with my Deep Learning assignment.,Deep Learning,CSE,Lecturer,Statistics,0,0,0.55,8,0.4667,0
I need help understanding Web Development.,Web Development,MCA,Assistant Professor,Machine Learning|Python|Advanced Computer Networks|Web Development,1,0,0.7,8,0.4667,0
Can you explain an issue related to Computer Networks?,Computer Networks,IT,Assistant Professor,Web Development|Advanced DBMS|Software Engineering|Advanced Computer Networks,0,0,0.7,10,0.3333,0
Could you help me with the Python syllabus?,Python,CSE,Professor,Cloud Computing,0,1,1.0,15,0.0,0
I need guidance with my Computer Networks assignment.,Computer Networks,CSE,Lecturer,Python|Statistics|Algorithms,0,1,0.55,5,0.6667,0
Please clarify the Data Science topic related to my course.,Data Science,MCA,Associate Professor,Java|Data Structures|Cloud Computing|Operating Systems|Software Engineering,0,1,0.85,2,0.8667,1
I have an academic query regarding Cloud Computing.,Cloud Computing,CSE,Associate Professor,Web Development|Cloud Computing|Artificial Intelligence,1,0,0.85,3,0.8,0
Can you explain an issue related to Artificial Intelligence?,Artificial Intelligence,CSE,Associate Professor,Machine Learning|Advanced Computer Networks|Operating Systems|Artificial Intelligence,1,1,0.85,8,0.4667,1
I am facing difficulty in Advanced Computer Networks and need clarification.,Advanced Computer Networks,MCA,Associate Professor,Computer Networks|DBMS|Data Science|Algorithms,0,1,0.85,0,1.0,0
I need guidance with my Statistics assignment.,Statistics,CSE,Associate Professor,Advanced DBMS|Cloud Computing|Python|Java,0,0,0.85,12,0.2,0
Can you explain an issue related to Operating Systems?,Operating Systems,CSE,Assistant Professor,Advanced Computer Networks|Python|Operating Systems,1,1,0.7,4,0.7333,1
Can you explain an issue related to DBMS?,DBMS,MCA,Lecturer,Python|Deep Learning|Cloud Computing|Software Engineering|Java,0,1,0.55,11,0.2667,0
I am facing difficulty in Statistics and need clarification.,Statistics,CSE,Professor,Statistics|Algorithms|Java|Computer Networks,1,1,1.0,5,0.6667,1
I have a question about Machine Learning.,Machine Learning,CSE,Lecturer,Artificial Intelligence|Web Development,0,1,0.55,8,0.4667,0
Could you help me with the Algorithms syllabus?,Algorithms,CSE,Associate Professor,Computer Networks|Statistics|DBMS|Operating Systems,0,1,0.85,9,0.4,0
Please clarify the DBMS topic related to my course.,DBMS,IT,Assistant Professor,Machine Learning,0,1,0.7,11,0.2667,0
I have a question about Artificial Intelligence.,Artificial Intelligence,IT,Lecturer,Computer Networks|Advanced Computer Networks,0,0,0.55,5,0.6667,0
Could you help me with the Algorithms syllabus?,Algorithms,IT,Professor,Artificial Intelligence|Deep Learning|Computer Networks,0,1,1.0,12,0.2,0
I am facing difficulty in Algorithms and need clarification.,Algorithms,MCA,Assistant Professor,Deep Learning|Java,0,1,0.7,13,0.1333,0
Please clarify the Artificial Intelligence topic related to my course.,Artificial Intelligence,MCA,Assistant Professor,Computer Networks|Advanced Computer Networks|Advanced DBMS|Python,0,1,0.7,10,0.3333,0
Could you help me with the Data Structures syllabus?,Data Structures,CSE,Professor,Machine Learning|Data Structures|Python|Advanced DBMS|Algorithms,1,1,1.0,0,1.0,1
Can you explain an issue related to Java?,Java,MCA,Assistant Professor,Advanced DBMS,0,1,0.7,15,0.0,1
I am facing difficulty in Web Development and need clarification.,Web Development,MCA,Associate Professor,Web Development|Advanced DBMS|Statistics|Advanced Computer Networks|Data Structures,1,0,0.85,5,0.6667,1
I need help understanding Data Science.,Data Science,IT,Professor,Deep Learning|Java|Statistics|DBMS|Machine Learning,0,1,1.0,5,0.6667,0
Please clarify the Deep Learning topic related to my course.,Deep Learning,CSE,Associate Professor,DBMS|Python|Advanced Computer Networks|Algorithms|Operating Systems,0,0,0.85,14,0.0667,0
I have a question about Python.,Python,MCA,Assistant Professor,Advanced Computer Networks|Algorithms,0,1,0.7,12,0.2,1
Can you explain an issue related to Algorithms?,Algorithms,IT,Professor,Artificial Intelligence|Python|Statistics|Operating Systems|Java,0,1,1.0,12,0.2,0
I have a question about Java.,Java,CSE,Associate Professor,Computer Networks|Java|Python|Data Structures,1,1,0.85,12,0.2,1
I have a question about Algorithms.,Algorithms,MCA,Assistant Professor,Algorithms|Cloud Computing|DBMS|Advanced Computer Networks|Data Structures,1,1,0.7,1,0.9333,1
I need guidance with my Computer Networks assignment.,Computer Networks,MCA,Assistant Professor,Advanced DBMS|Python|Web Development|Data Science|Operating Systems,0,1,0.7,9,0.4,0
I need help understanding Machine Learning.,Machine Learning,IT,Lecturer,Data Structures|Advanced DBMS|Operating Systems|Algorithms|Python,0,1,0.55,6,0.6,1
Could you help me with the Advanced Computer Networks syllabus?,Advanced Computer Networks,IT,Assistant Professor,Computer Networks,0,1,0.7,0,1.0,1
Could you help me with the Computer Networks syllabus?,Computer Networks,IT,Professor,Data Science|Advanced Computer Networks|Python,0,1,1.0,10,0.3333,0
I have an academic query regarding Advanced Computer Networks.,Advanced Computer Networks,CSE,Lecturer,DBMS,0,1,0.55,7,0.5333,0
Could you help me with the Software Engineering syllabus?,Software Engineering,IT,Assistant Professor,Operating Systems|Software Engineering,1,1,0.7,13,0.1333,1
Can you explain an issue related to Operating Systems?,Operating Systems,MCA,Lecturer,Data Science|Cloud Computing|Data Structures,0,1,0.55,14,0.0667,1
I need guidance with my Artificial Intelligence assignment.,Artificial Intelligence,IT,Professor,Advanced DBMS,0,0,1.0,15,0.0,1
Could you help me with the Advanced DBMS syllabus?,Advanced DBMS,IT,Assistant Professor,Java|Data Structures|DBMS|Software Engineering,0,1,0.7,3,0.8,0
I have a question about Computer Networks.,Computer Networks,MCA,Lecturer,DBMS|Machine Learning,0,1,0.55,3,0.8,1
I need help understanding Cloud Computing.,Cloud Computing,MCA,Professor,Advanced Computer Networks,0,1,1.0,11,0.2667,0
I have an academic query regarding Statistics.,Statistics,IT,Professor,Computer Networks|Data Structures|Web Development|Advanced DBMS|Data Science,0,1,1.0,4,0.7333,1
Can you explain an issue related to Advanced DBMS?,Advanced DBMS,CSE,Lecturer,Machine Learning|Cloud Computing,0,1,0.55,9,0.4,0
I have an academic query regarding Advanced DBMS.,Advanced DBMS,IT,Associate Professor,Statistics|Data Science|Software Engineering,0,1,0.85,7,0.5333,0
I have a question about Advanced DBMS.,Advanced DBMS,MCA,Assistant Professor,Deep Learning,0,1,0.7,13,0.1333,0
I have a question about Advanced DBMS.,Advanced DBMS,IT,Assistant Professor,Machine Learning|DBMS|Statistics,0,1,0.7,7,0.5333,1
Could you help me with the Machine Learning syllabus?,Machine Learning,CSE,Professor,Machine Learning|Artificial Intelligence,1,1,1.0,15,0.0,0
I need help understanding Java.,Java,IT,Lecturer,Advanced Computer Networks|Algorithms|Java|DBMS,1,1,0.55,14,0.0667,1
Could you help me with the Statistics syllabus?,Statistics,IT,Assistant Professor,DBMS|Java,0,1,0.7,5,0.6667,0
Could you help me with the Operating Systems syllabus?,Operating Systems,MCA,Assistant Professor,Software Engineering,0,1,0.7,4,0.7333,1
I am facing difficulty in Advanced Computer Networks and need clarification.,Advanced Computer Networks,CSE,Associate Professor,Computer Networks|Cloud Computing|Data Structures,0,0,0.85,14,0.0667,0
Can you explain an issue related to Cloud Computing?,Cloud Computing,CSE,Assistant Professor,Python|Cloud Computing|Artificial Intelligence,1,1,0.7,6,0.6,1
I am facing difficulty in Computer Networks and need clarification.,Computer Networks,IT,Assistant Professor,Software Engineering|Web Development|Python|DBMS,0,1,0.7,4,0.7333,0
Could you help me with the Java syllabus?,Java,IT,Lecturer,Computer Networks,0,1,0.55,5,0.6667,0
Can you explain an issue related to Advanced DBMS?,Advanced DBMS,CSE,Professor,Cloud Computing|Advanced DBMS,1,1,1.0,4,0.7333,1
Please clarify the DBMS topic related to my course.,DBMS,CSE,Assistant Professor,Advanced Computer Networks|DBMS|Cloud Computing|Data Structures,1,1,0.7,1,0.9333,1
I need guidance with my Artificial Intelligence assignment.,Artificial Intelligence,MCA,Professor,Python,0,0,1.0,10,0.3333,0
I am facing difficulty in Computer Networks and need clarification.,Computer Networks,IT,Associate Professor,Java|Artificial Intelligence,0,1,0.85,10,0.3333,0
Please clarify the Algorithms topic related to my course.,Algorithms,CSE,Associate Professor,Java|Deep Learning|Cloud Computing,0,1,0.85,4,0.7333,1
I have a question about Software Engineering.,Software Engineering,MCA,Lecturer,Advanced Computer Networks|Deep Learning|Python,0,0,0.55,14,0.0667,0
I need help understanding DBMS.,DBMS,CSE,Lecturer,Algorithms|Advanced DBMS|Cloud Computing|Data Science,0,1,0.55,11,0.2667,0
I need help understanding Statistics.,Statistics,MCA,Lecturer,Web Development|Python|Machine Learning|Advanced DBMS|Statistics,1,1,0.55,9,0.4,1
Could you help me with the Deep Learning syllabus?,Deep Learning,IT,Associate Professor,Java|Artificial Intelligence|Advanced DBMS,0,1,0.85,15,0.0,1
I need help understanding Advanced DBMS.,Advanced DBMS,CSE,Assistant Professor,Data Structures|Operating Systems,0,0,0.7,0,1.0,0
I am facing difficulty in Machine Learning and need clarification.,Machine Learning,IT,Associate Professor,Operating Systems|Statistics|Computer Networks,0,1,0.85,8,0.4667,0
Could you help me with the Artificial Intelligence syllabus?,Artificial Intelligence,CSE,Professor,Data Science|Data Structures,0,1,1.0,6,0.6,0
I need guidance with my Cloud Computing assignment.,Cloud Computing,MCA,Assistant Professor,Python|Web Development|Cloud Computing|Operating Systems,1,0,0.7,13,0.1333,1
I need guidance with my DBMS assignment.,DBMS,CSE,Assistant Professor,Computer Networks|Algorithms|DBMS|Statistics|Machine Learning,1,0,0.7,2,0.8667,0
Can you explain an issue related to Data Structures?,Data Structures,MCA,Professor,Deep Learning|Advanced Computer Networks,0,1,1.0,11,0.2667,1
I am facing difficulty in Artificial Intelligence and need clarification.,Artificial Intelligence,MCA,Professor,Python,0,0,1.0,2,0.8667,1
Please clarify the Python topic related to my course.,Python,IT,Professor,Deep Learning|Machine Learning|Web Development|Artificial Intelligence|Data Structures,0,0,1.0,2,0.8667,0
Can you explain an issue related to Data Science?,Data Science,CSE,Associate Professor,Machine Learning|Artificial Intelligence,0,1,0.85,6,0.6,0
Can you explain an issue related to Algorithms?,Algorithms,IT,Associate Professor,Java|Machine Learning|Advanced Computer Networks|Artificial Intelligence,0,1,0.85,2,0.8667,1
Can you explain an issue related to Operating Systems?,Operating Systems,MCA,Associate Professor,Artificial Intelligence,0,1,0.85,10,0.3333,0
I have an academic query regarding Advanced DBMS.,Advanced DBMS,CSE,Assistant Professor,Software Engineering|Java|Deep Learning|Computer Networks|DBMS,0,0,0.7,7,0.5333,0
Could you help me with the Java syllabus?,Java,MCA,Professor,Artificial Intelligence,0,1,1.0,1,0.9333,0
Please clarify the Artificial Intelligence topic related to my course.,Artificial Intelligence,IT,Lecturer,Artificial Intelligence,1,1,0.55,11,0.2667,1
Can you explain an issue related to Operating Systems?,Operating Systems,IT,Assistant Professor,Web Development|Algorithms|Advanced DBMS|Advanced Computer Networks,0,1,0.7,15,0.0,0
Could you help me with the Advanced Computer Networks syllabus?,Advanced Computer Networks,IT,Associate Professor,Web Development,0,1,0.85,14,0.0667,0
I need guidance with my Statistics assignment.,Statistics,CSE,Lecturer,DBMS|Cloud Computing,0,1,0.55,0,1.0,0
I need help understanding Cloud Computing.,Cloud Computing,IT,Associate Professor,Web Development|Data Science|Computer Networks|Cloud Computing,1,1,0.85,5,0.6667,1
I have an academic query regarding Computer Networks.,Computer Networks,MCA,Professor,Algorithms|DBMS|Data Structures|Advanced DBMS,0,1,1.0,15,0.0,0
Please clarify the Operating Systems topic related to my course.,Operating Systems,MCA,Associate Professor,Algorithms|Software Engineering|Computer Networks|Data Structures,0,1,0.85,1,0.9333,1
I have an academic query regarding Artificial Intelligence.,Artificial Intelligence,CSE,Lecturer,Java|DBMS|Deep Learning|Operating Systems|Advanced Computer Networks,0,1,0.55,13,0.1333,0
I need help understanding Advanced DBMS.,Advanced DBMS,CSE,Assistant Professor,Software Engineering|Deep Learning|Java|Artificial Intelligence|Operating Systems,0,1,0.7,11,0.2667,0
I need guidance with my Web Development assignment.,Web Development,IT,Lecturer,Data Science,0,1,0.55,13,0.1333,1
Can you explain an issue related to Advanced Computer Networks?,Advanced Computer Networks,CSE,Lecturer,Python|Data Structures|Web Development,0,1,0.55,4,0.7333,0
Please clarify the Advanced Computer Networks topic related to my course.,Advanced Computer Networks,MCA,Lecturer,Algorithms|Data Science|Advanced DBMS|Operating Systems|Machine Learning,0,1,0.55,4,0.7333,0
I need guidance with my Data Structures assignment.,Data Structures,CSE,Lecturer,Operating Systems|Artificial Intelligence|Advanced Computer Networks|Computer Networks|Cloud Computing,0,1,0.55,8,0.4667,0
I have an academic query regarding Machine Learning.,Machine Learning,CSE,Associate Professor,Data Science|Python,0,1,0.85,15,0.0,0
Can you explain an issue related to Python?,Python,CSE,Assistant Professor,Computer Networks|Data Structures|Statistics|Java|Software Engineering,0,1,0.7,1,0.9333,0
Can you explain an issue related to Data Structures?,Data Structures,IT,Assistant Professor,Cloud Computing|Software Engineering,0,1,0.7,0,1.0,1
I need help understanding DBMS.,DBMS,CSE,Professor,Software Engineering,0,1,1.0,14,0.0667,0
I am facing difficulty in Statistics and need clarification.,Statistics,IT,Lecturer,Advanced DBMS|Statistics|Cloud Computing|Data Structures|Machine Learning,1,0,0.55,14,0.0667,1
I need guidance with my Java assignment.,Java,MCA,Associate Professor,Data Science|Deep Learning|Data Structures,0,0,0.85,15,0.0,0
I need guidance with my Cloud Computing assignment.,Cloud Computing,IT,Professor,Python|Cloud Computing|Artificial Intelligence|Advanced DBMS,1,1,1.0,1,0.9333,1
I need help understanding Machine Learning.,Machine Learning,IT,Professor,Algorithms|Artificial Intelligence,0,0,1.0,4,0.7333,1
I have a question about Advanced Computer Networks.,Advanced Computer Networks,MCA,Assistant Professor,Python|Artificial Intelligence|Computer Networks,0,1,0.7,2,0.8667,0
I have an academic query regarding Data Structures.,Data Structures,CSE,Lecturer,Artificial Intelligence|Computer Networks,0,1,0.55,3,0.8,0
Can you explain an issue related to Advanced Computer Networks?,Advanced Computer Networks,MCA,Professor,Data Science|Machine Learning|Python|Software Engineering|Web Development,0,1,1.0,1,0.9333,1
Could you help me with the DBMS syllabus?,DBMS,MCA,Assistant Professor,Cloud Computing|Data Structures|Data Science,0,1,0.7,9,0.4,0
I need guidance with my Artificial Intelligence assignment.,Artificial Intelligence,MCA,Associate Professor,Machine Learning|Computer Networks|Deep Learning|Java|Advanced Computer Networks,0,1,0.85,2,0.8667,0
I need guidance with my Data Structures assignment.,Data Structures,MCA,Lecturer,DBMS|Data Science,0,0,0.55,9,0.4,0
I have an academic query regarding Data Structures.,Data Structures,CSE,Associate Professor,Operating Systems|Python,0,1,0.85,8,0.4667,0
Can you explain an issue related to Statistics?,Statistics,MCA,Lecturer,Data Structures|Cloud Computing|Deep Learning|Artificial Intelligence|Machine Learning,0,1,0.55,3,0.8,0
I have an academic query regarding Computer Networks.,Computer Networks,IT,Assistant Professor,Java|Web Development,0,1,0.7,7,0.5333,0
Could you help me with the Computer Networks syllabus?,Computer Networks,IT,Professor,Data Science|Computer Networks|Software Engineering,1,1,1.0,10,0.3333,1
Please clarify the Python topic related to my course.,Python,CSE,Lecturer,Advanced DBMS|Algorithms|Advanced Computer Networks|Operating Systems|Java,0,1,0.55,7,0.5333,1
I need help understanding Data Science.,Data Science,MCA,Professor,Operating Systems,0,0,1.0,9,0.4,0
Could you help me with the Deep Learning syllabus?,Deep Learning,MCA,Assistant Professor,Computer Networks|Software Engineering,0,1,0.7,11,0.2667,1
Can you explain an issue related to Data Science?,Data Science,CSE,Professor,Java,0,1,1.0,14,0.0667,0
I have an academic query regarding Deep Learning.,Deep Learning,IT,Professor,Advanced DBMS|Data Science|Machine Learning|Statistics,0,1,1.0,14,0.0667,0
I have a question about Operating Systems.,Operating Systems,MCA,Lecturer,DBMS,0,1,0.55,12,0.2,0
I have an academic query regarding Machine Learning.,Machine Learning,CSE,Lecturer,Software Engineering|Advanced DBMS|Data Science|Java,0,0,0.55,2,0.8667,0
I am facing difficulty in Java and need clarification.,Java,IT,Lecturer,Operating Systems|Data Science,0,1,0.55,6,0.6,1
Please clarify the Data Science topic related to my course.,Data Science,IT,Professor,Software Engineering|Algorithms|Cloud Computing|Deep Learning|Web Development,0,0,1.0,1,0.9333,0
I need guidance with my Web Development assignment.,Web Development,CSE,Lecturer,Advanced DBMS|Web Development|Python|Data Structures|Algorithms,1,1,0.55,4,0.7333,1
Could you help me with the Software Engineering syllabus?,Software Engineering,MCA,Lecturer,Statistics|Web Development|Cloud Computing,0,1,0.55,15,0.0,0
I need guidance with my Web Development assignment.,Web Development,CSE,Professor,Operating Systems|DBMS|Advanced DBMS|Statistics|Python,0,1,1.0,5,0.6667,0
Could you help me with the Data Structures syllabus?,Data Structures,IT,Associate Professor,Python|Advanced DBMS|Software Engineering|Cloud Computing|Java,0,1,0.85,6,0.6,0
I need guidance with my Artificial Intelligence assignment.,Artificial Intelligence,CSE,Professor,Machine Learning|Deep Learning|Java|Data Science|DBMS,0,0,1.0,5,0.6667,0
Please clarify the Algorithms topic related to my course.,Algorithms,MCA,Assistant Professor,Cloud Computing|Data Structures|Deep Learning,0,1,0.7,13,0.1333,0
Please clarify the Advanced Computer Networks topic related to my course.,Advanced Computer Networks,IT,Lecturer,Computer Networks|Data Science,0,0,0.55,3,0.8,0
Please clarify the Java topic related to my course.,Java,MCA,Lecturer,Computer Networks|Deep Learning|Software Engineering,0,1,0.55,0,1.0,1
I need guidance with my Computer Networks assignment.,Computer Networks,MCA,Professor,Operating Systems,0,1,1.0,3,0.8,0
I have a question about Cloud Computing.,Cloud Computing,MCA,Assistant Professor,Cloud Computing|Web Development|Deep Learning,1,1,0.7,15,0.0,1
Please clarify the Algorithms topic related to my course.,Algorithms,MCA,Lecturer,Web Development|Data Science|DBMS,0,1,0.55,12,0.2,0
Please clarify the Software Engineering topic related to my course.,Software Engineering,IT,Assistant Professor,Data Science|Cloud Computing|Data Structures|Advanced Computer Networks,0,1,0.7,2,0.8667,0
I am facing difficulty in Artificial Intelligence and need clarification.,Artificial Intelligence,MCA,Professor,Cloud Computing|Python|Deep Learning|Java,0,0,1.0,1,0.9333,0
I am facing difficulty in Computer Networks and need clarification.,Computer Networks,IT,Lecturer,Data Science,0,1,0.55,0,1.0,0
Please clarify the Artificial Intelligence topic related to my course.,Artificial Intelligence,IT,Associate Professor,Operating Systems|Cloud Computing|Algorithms|Data Structures,0,1,0.85,1,0.9333,1
I need help understanding Data Structures.,Data Structures,CSE,Associate Professor,Java|Advanced DBMS|Data Science|DBMS,0,1,0.85,13,0.1333,1
I have a question about Artificial Intelligence.,Artificial Intelligence,MCA,Lecturer,Advanced Computer Networks|Data Science|Computer Networks|Cloud Computing,0,1,0.55,5,0.6667,0
I need help understanding Java.,Java,MCA,Associate Professor,Algorithms|Advanced Computer Networks|Web Development,0,1,0.85,3,0.8,1
Please clarify the DBMS topic related to my course.,DBMS,IT,Professor,Algorithms|Web Development|Cloud Computing|Data Structures,0,1,1.0,11,0.2667,0
I need guidance with my Software Engineering assignment.,Software Engineering,CSE,Professor,Software Engineering|Data Structures|Machine Learning,1,1,1.0,8,0.4667,1
I am facing difficulty in Algorithms and need clarification.,Algorithms,CSE,Associate Professor,Deep Learning|Data Science,0,1,0.85,5,0.6667,0
I need help understanding Web Development.,Web Development,IT,Assistant Professor,Artificial Intelligence|Advanced DBMS|Java|Computer Networks,0,1,0.7,1,0.9333,1
I have an academic query regarding Java.,Java,MCA,Lecturer,Web Development,0,1,0.55,0,1.0,1
I am facing difficulty in Data Structures and need clarification.,Data Structures,MCA,Assistant Professor,Python|Advanced Computer Networks,0,0,0.7,6,0.6,0
I need help understanding Algorithms.,Algorithms,CSE,Associate Professor,Advanced DBMS,0,1,0.85,2,0.8667,1
I need guidance with my Data Structures assignment.,Data Structures,MCA,Professor,Data Structures|Artificial Intelligence|Java|Algorithms,1,1,1.0,13,0.1333,1
I have a question about Advanced Computer Networks.,Advanced Computer Networks,CSE,Lecturer,Software Engineering,0,1,0.55,10,0.3333,0
I need help understanding Computer Networks.,Computer Networks,IT,Assistant Professor,Statistics|Advanced Computer Networks|Web Development|Artificial Intelligence,0,1,0.7,13,0.1333,0
I need help understanding Advanced Computer Networks.,Advanced Computer Networks,IT,Assistant Professor,Artificial Intelligence|Software Engineering|Java|Data Science,0,1,0.7,2,0.8667,0
I need guidance with my Machine Learning assignment.,Machine Learning,CSE,Assistant Professor,Operating Systems|Statistics|Python|Cloud Computing,0,0,0.7,10,0.3333,0
Please clarify the Java topic related to my course.,Java,CSE,Lecturer,DBMS|Algorithms|Advanced DBMS|Machine Learning,0,1,0.55,10,0.3333,0
Can you explain an issue related to Operating Systems?,Operating Systems,IT,Assistant Professor,Java|Advanced Computer Networks|Advanced DBMS,0,0,0.7,10,0.3333,0
Can you explain an issue related to Web Development?,Web Development,CSE,Associate Professor,Data Structures|Software Engineering|DBMS,0,1,0.85,13,0.1333,0
I need help understanding DBMS.,DBMS,IT,Assistant Professor,Web Development|Python,0,1,0.7,14,0.0667,0
Could you help me with the Deep Learning syllabus?,Deep Learning,IT,Assistant Professor,Computer Networks|Python,0,1,0.7,15,0.0,0
Could you help me with the Algorithms syllabus?,Algorithms,IT,Assistant Professor,Statistics|Python|Artificial Intelligence|DBMS|Java,0,1,0.7,3,0.8,0
Could you help me with the Data Science syllabus?,Data Science,MCA,Associate Professor,Algorithms|Statistics|Data Structures,0,0,0.85,8,0.4667,0
Please clarify the Computer Networks topic related to my course.,Computer Networks,CSE,Professor,Algorithms|Deep Learning|Advanced Computer Networks|Computer Networks,1,1,1.0,3,0.8,1
Please clarify the Web Development topic related to my course.,Web Development,MCA,Professor,Operating Systems,0,1,1.0,8,0.4667,1
Can you explain an issue related to Software Engineering?,Software Engineering,MCA,Professor,Machine Learning|Data Science|Data Structures|Advanced DBMS|Java,0,1,1.0,9,0.4,0
Could you help me with the Advanced Computer Networks syllabus?,Advanced Computer Networks,IT,Assistant Professor,Web Development|Advanced Computer Networks|Artificial Intelligence|Data Science|Operating Systems,1,1,0.7,7,0.5333,1
Could you help me with the Computer Networks syllabus?,Computer Networks,IT,Professor,Artificial Intelligence|Operating Systems,0,1,1.0,3,0.8,1
Could you help me with the Advanced Computer Networks syllabus?,Advanced Computer Networks,MCA,Lecturer,Advanced DBMS|Data Structures|Statistics|Deep Learning|DBMS,0,1,0.55,7,0.5333,0
Could you help me with the Cloud Computing syllabus?,Cloud Computing,CSE,Associate Professor,Deep Learning|Artificial Intelligence,0,1,0.85,14,0.0667,0
I am facing difficulty in Cloud Computing and need clarification.,Cloud Computing,MCA,Assistant Professor,Algorithms|Software Engineering,0,1,0.7,10,0.3333,0
Could you help me with the Data Structures syllabus?,Data Structures,IT,Lecturer,Computer Networks|Web Development|Artificial Intelligence|Algorithms,0,1,0.55,12,0.2,1
I am facing difficulty in Computer Networks and need clarification.,Computer Networks,MCA,Assistant Professor,Cloud Computing|Operating Systems|Deep Learning,0,1,0.7,7,0.5333,0
I need guidance with my Data Science assignment.,Data Science,IT,Associate Professor,Statistics,0,1,0.85,0,1.0,0
I have an academic query regarding Web Development.,Web Development,CSE,Professor,Software Engineering|Statistics|Algorithms|Computer Networks,0,1,1.0,8,0.4667,0
Could you help me with the Web Development syllabus?,Web Development,CSE,Lecturer,Advanced DBMS|Advanced Computer Networks,0,0,0.55,6,0.6,0
I have an academic query regarding Web Development.,Web Development,MCA,Associate Professor,Advanced DBMS,0,1,0.85,1,0.9333,1
I have an academic query regarding Statistics.,Statistics,MCA,Assistant Professor,Software Engineering|Operating Systems,0,0,0.7,5,0.6667,0
I am facing difficulty in Advanced DBMS and need clarification.,Advanced DBMS,IT,Professor,Artificial Intelligence|Machine Learning,0,1,1.0,5,0.6667,1
Please clarify the Software Engineering topic related to my course.,Software Engineering,MCA,Associate Professor,Computer Networks,0,1,0.85,2,0.8667,1
I need guidance with my Operating Systems assignment.,Operating Systems,MCA,Professor,Web Development|Advanced DBMS|Artificial Intelligence|Operating Systems,1,0,1.0,7,0.5333,0
Can you explain an issue related to Advanced DBMS?,Advanced DBMS,CSE,Professor,Data Structures|Machine Learning|Computer Networks|Artificial Intelligence|Software Engineering,0,1,1.0,4,0.7333,0
I have a question about Web Development.,Web Development,IT,Assistant Professor,Advanced Computer Networks|Statistics|Artificial Intelligence|Web Development,1,1,0.7,7,0.5333,1
Could you help me with the Artificial Intelligence syllabus?,Artificial Intelligence,CSE,Associate Professor,Java,0,1,0.85,15,0.0,0
I am facing difficulty in Cloud Computing and need clarification.,Cloud Computing,IT,Lecturer,Web Development|Cloud Computing|Algorithms|DBMS|Operating Systems,1,0,0.55,5,0.6667,1
Could you help me with the DBMS syllabus?,DBMS,MCA,Associate Professor,Web Development,0,0,0.85,3,0.8,0
I need help understanding Cloud Computing.,Cloud Computing,CSE,Assistant Professor,Data Science|Python|Advanced Computer Networks,0,1,0.7,0,1.0,1
I have an academic query regarding Statistics.,Statistics,IT,Associate Professor,Cloud Computing|Advanced Computer Networks|Artificial Intelligence,0,1,0.85,7,0.5333,0
I need help understanding Algorithms.,Algorithms,CSE,Lecturer,Web Development|Computer Networks|Advanced Computer Networks|Artificial Intelligence,0,1,0.55,1,0.9333,1
Could you help me with the Deep Learning syllabus?,Deep Learning,CSE,Assistant Professor,Web Development,0,1,0.7,12,0.2,0
I need guidance with my Artificial Intelligence assignment.,Artificial Intelligence,IT,Assistant Professor,Data Structures|Algorithms|Data Science,0,0,0.7,15,0.0,0
Can you explain an issue related to Computer Networks?,Computer Networks,CSE,Associate Professor,Deep Learning,0,1,0.85,8,0.4667,1
I have a question about Data Structures.,Data Structures,CSE,Professor,Cloud Computing|Python|Data Structures|Java,1,1,1.0,10,0.3333,1
I need help understanding Data Structures.,Data Structures,IT,Professor,Algorithms|Software Engineering|Cloud Computing|Operating Systems,0,1,1.0,2,0.8667,0
I have an academic query regarding Cloud Computing.,Cloud Computing,CSE,Lecturer,DBMS|Data Structures|Cloud Computing,1,0,0.55,2,0.8667,1
Can you explain an issue related to Cloud Computing?,Cloud Computing,MCA,Professor,Java,0,1,1.0,4,0.7333,1
Please clarify the Software Engineering topic related to my course.,Software Engineering,MCA,Lecturer,Operating Systems|Computer Networks|Data Science|Machine Learning|Artificial Intelligence,0,0,0.55,8,0.4667,0
I need guidance with my Advanced Computer Networks assignment.,Advanced Computer Networks,CSE,Associate Professor,Deep Learning|Artificial Intelligence|Python|Advanced Computer Networks,1,1,0.85,10,0.3333,1
Can you explain an issue related to Algorithms?,Algorithms,CSE,Assistant Professor,Data Structures|DBMS|Python,0,1,0.7,8,0.4667,0
I have an academic query regarding Advanced Computer Networks.,Advanced Computer Networks,MCA,Lecturer,Operating Systems|Python|Data Structures|DBMS,0,1,0.55,12,0.2,1
I need guidance with my Operating Systems assignment.,Operating Systems,MCA,Associate Professor,Advanced Computer Networks|Data Structures|Statistics|Deep Learning|Algorithms,0,0,0.85,3,0.8,0
Please clarify the Software Engineering topic related to my course.,Software Engineering,IT,Lecturer,Python|Java|Machine Learning|Deep Learning,0,1,0.55,15,0.0,0
Please clarify the Python topic related to my course.,Python,MCA,Lecturer,Software Engineering|DBMS|Computer Networks|Advanced Computer Networks,0,0,0.55,10,0.3333,0
I need help understanding Java.,Java,MCA,Lecturer,Cloud Computing|Computer Networks|Algorithms|Statistics,0,0,0.55,9,0.4,0
Could you help me with the Python syllabus?,Python,MCA,Assistant Professor,Cloud Computing|Artificial Intelligence|Machine Learning|Statistics|Software Engineering,0,1,0.7,0,1.0,1
I need guidance with my Algorithms assignment.,Algorithms,MCA,Associate Professor,Data Science,0,1,0.85,1,0.9333,1
Please clarify the Web Development topic related to my course.,Web Development,IT,Professor,Advanced DBMS,0,0,1.0,10,0.3333,1
I have an academic query regarding Machine Learning.,Machine Learning,IT,Professor,Advanced DBMS|Cloud Computing,0,0,1.0,15,0.0,0
Please clarify the Data Structures topic related to my course.,Data Structures,MCA,Assistant Professor,Artificial Intelligence|Statistics,0,1,0.7,8,0.4667,1
I am facing difficulty in Algorithms and need clarification.,Algorithms,IT,Associate Professor,Machine Learning|Cloud Computing|Software Engineering,0,1,0.85,5,0.6667,0
Can you explain an issue related to Web Development?,Web Development,IT,Assistant Professor,Cloud Computing|Software Engineering|Data Structures,0,0,0.7,9,0.4,0
I am facing difficulty in Advanced Computer Networks and need clarification.,Advanced Computer Networks,CSE,Associate Professor,Machine Learning|Artificial Intelligence,0,1,0.85,3,0.8,1
Please clarify the DBMS topic related to my course.,DBMS,MCA,Professor,Python|Data Structures|Java,0,1,1.0,15,0.0,0
I have an academic query regarding Java.,Java,IT,Associate Professor,Machine Learning|Web Development|Artificial Intelligence|Computer Networks,0,1,0.85,2,0.8667,1
I need help understanding Cloud Computing.,Cloud Computing,MCA,Lecturer,Cloud Computing|Python|Advanced Computer Networks|Artificial Intelligence,1,1,0.55,13,0.1333,1
I am facing difficulty in Data Science and need clarification.,Data Science,MCA,Assistant Professor,Artificial Intelligence|Algorithms|Statistics|Advanced DBMS,0,1,0.7,4,0.7333,1
Please clarify the Operating Systems topic related to my course.,Operating Systems,MCA,Associate Professor,Machine Learning|Data Science|Python|Advanced DBMS,0,1,0.85,11,0.2667,0
Can you explain an issue related to Algorithms?,Algorithms,IT,Associate Professor,DBMS|Python,0,1,0.85,8,0.4667,0
Please clarify the Software Engineering topic related to my course.,Software Engineering,IT,Professor,Java|Statistics|Data Science|DBMS,0,1,1.0,13,0.1333,0
I have a question about Algorithms.,Algorithms,CSE,Lecturer,Advanced Computer Networks|Python|Software Engineering|Java|Deep Learning,0,1,0.55,9,0.4,0
I have a question about Advanced Computer Networks.,Advanced Computer Networks,IT,Assistant Professor,Operating Systems|Data Science|Data Structures|Deep Learning,0,1,0.7,14,0.0667,1
I have a question about Software Engineering.,Software Engineering,MCA,Professor,Software Engineering|Data Science|Operating Systems,1,0,1.0,9,0.4,0
Can you explain an issue related to Algorithms?,Algorithms,IT,Associate Professor,Java|Deep Learning|Software Engineering|Algorithms|Computer Networks,1,1,0.85,10,0.3333,1
I need help understanding Data Science.,Data Science,IT,Lecturer,Python,0,1,0.55,15,0.0,1
I have an academic query regarding Operating Systems.,Operating Systems,MCA,Assistant Professor,Software Engineering|Advanced DBMS|Statistics,0,1,0.7,5,0.6667,0
Please clarify the Java topic related to my course.,Java,IT,Professor,DBMS,0,0,1.0,0,1.0,0
I am facing difficulty in Operating Systems and need clarification.,Operating Systems,MCA,Professor,Python|Deep Learning|Operating Systems|Cloud Computing,1,0,1.0,14,0.0667,1
I have an academic query regarding Operating Systems.,Operating Systems,MCA,Assistant Professor,Web Development,0,1,0.7,6,0.6,0
Can you explain an issue related to Data Science?,Data Science,IT,Professor,Advanced DBMS,0,1,1.0,5,0.6667,0
Could you help me with the Algorithms syllabus?,Algorithms,IT,Assistant Professor,Python,0,0,0.7,13,0.1333,0
I am facing difficulty in Computer Networks and need clarification.,Computer Networks,MCA,Associate Professor,Algorithms|Artificial Intelligence|Web Development|Deep Learning|Python,0,0,0.85,15,0.0,0
I have a question about Cloud Computing.,Cloud Computing,CSE,Assistant Professor,Machine Learning|Data Structures,0,1,0.7,0,1.0,0
Please clarify the Web Development topic related to my course.,Web Development,IT,Assistant Professor,Data Science|Python|Software Engineering|Advanced Computer Networks,0,1,0.7,3,0.8,0
Could you help me with the DBMS syllabus?,DBMS,CSE,Lecturer,Python|Deep Learning|Java|Cloud Computing|Data Science,0,1,0.55,10,0.3333,1
Could you help me with the Java syllabus?,Java,MCA,Professor,Java,1,1,1.0,4,0.7333,1
I have a question about DBMS.,DBMS,CSE,Assistant Professor,Artificial Intelligence|Web Development|Machine Learning|Advanced Computer Networks,0,1,0.7,9,0.4,0
Please clarify the Java topic related to my course.,Java,CSE,Associate Professor,DBMS,0,0,0.85,3,0.8,0
I have an academic query regarding Operating Systems.,Operating Systems,CSE,Assistant Professor,Advanced DBMS,0,1,0.7,2,0.8667,1
Could you help me with the Java syllabus?,Java,IT,Professor,Java|Data Structures|Machine Learning|Computer Networks|Cloud Computing,1,0,1.0,9,0.4,0
I am facing difficulty in Artificial Intelligence and need clarification.,Artificial Intelligence,IT,Assistant Professor,Machine Learning|DBMS|Data Structures,0,1,0.7,0,1.0,1
I need help understanding Machine Learning.,Machine Learning,CSE,Assistant Professor,Deep Learning|Operating Systems|Artificial Intelligence|Java,0,0,0.7,7,0.5333,1
Can you explain an issue related to Advanced DBMS?,Advanced DBMS,IT,Professor,Algorithms,0,1,1.0,4,0.7333,1
I have an academic query regarding Software Engineering.,Software Engineering,MCA,Assistant Professor,Computer Networks|Algorithms|Operating Systems|Deep Learning|Data Science,0,1,0.7,12,0.2,1
I have an academic query regarding Web Development.,Web Development,MCA,Lecturer,Software Engineering|Java|DBMS|Deep Learning|Algorithms,0,0,0.55,3,0.8,0
Can you explain an issue related to Algorithms?,Algorithms,MCA,Professor,Computer Networks|Operating Systems|Web Development|Artificial Intelligence,0,1,1.0,3,0.8,0
Can you explain an issue related to DBMS?,DBMS,IT,Professor,Advanced Computer Networks|Machine Learning,0,1,1.0,12,0.2,1
I need help understanding Operating Systems.,Operating Systems,MCA,Professor,Deep Learning|Data Science,0,1,1.0,10,0.3333,1
Can you explain an issue related to DBMS?,DBMS,IT,Professor,Python|Software Engineering|Computer Networks,0,1,1.0,8,0.4667,0
I have an academic query regarding DBMS.,DBMS,MCA,Lecturer,Computer Networks|Advanced Computer Networks|Algorithms,0,1,0.55,8,0.4667,0
Please clarify the Data Science topic related to my course.,Data Science,CSE,Lecturer,Machine Learning|Data Structures,0,1,0.55,9,0.4,1
I need guidance with my Java assignment.,Java,MCA,Assistant Professor,Advanced DBMS|Software Engineering|Cloud Computing,0,1,0.7,2,0.8667,0
Can you explain an issue related to Java?,Java,IT,Associate Professor,Computer Networks|Operating Systems|Software Engineering|Advanced Computer Networks,0,0,0.85,8,0.4667,0
I need guidance with my Statistics assignment.,Statistics,MCA,Professor,Algorithms|Cloud Computing,0,1,1.0,4,0.7333,1
Please clarify the Data Structures topic related to my course.,Data Structures,CSE,Professor,Data Structures|Java|Web Development,1,1,1.0,2,0.8667,1
I have a question about Advanced Computer Networks.,Advanced Computer Networks,CSE,Assistant Professor,Data Structures|Advanced DBMS,0,1,0.7,0,1.0,1
Could you help me with the Python syllabus?,Python,IT,Lecturer,Python|Data Science|Advanced Computer Networks|Deep Learning|Artificial Intelligence,1,1,0.55,9,0.4,1
I am facing difficulty in Operating Systems and need clarification.,Operating Systems,IT,Assistant Professor,Computer Networks|Cloud Computing|Python|Software Engineering|Java,0,1,0.7,11,0.2667,1
I am facing difficulty in Computer Networks and need clarification.,Computer Networks,MCA,Assistant Professor,Python,0,1,0.7,7,0.5333,0
I have a question about Advanced Computer Networks.,Advanced Computer Networks,CSE,Professor,Deep Learning,0,1,1.0,4,0.7333,1
Can you explain an issue related to Computer Networks?,Computer Networks,CSE,Lecturer,Artificial Intelligence|Deep Learning|Python|Operating Systems|Advanced Computer Networks,0,1,0.55,7,0.5333,0
Please clarify the Web Development topic related to my course.,Web Development,MCA,Professor,Data Science|Software Engineering|Machine Learning,0,0,1.0,14,0.0667,0
I have an academic query regarding Python.,Python,MCA,Professor,Operating Systems,0,1,1.0,7,0.5333,1
I have an academic query regarding Advanced DBMS.,Advanced DBMS,IT,Professor,Computer Networks|Software Engineering|Statistics|Advanced DBMS,1,1,1.0,7,0.5333,1
Can you explain an issue related to Data Science?,Data Science,CSE,Assistant Professor,Statistics|Advanced DBMS|Data Science,1,1,0.7,0,1.0,1
I have an academic query regarding Advanced DBMS.,Advanced DBMS,MCA,Associate Professor,Advanced DBMS,1,1,0.85,6,0.6,1
I have an academic query regarding Statistics.,Statistics,MCA,Lecturer,DBMS|Machine Learning,0,1,0.55,6,0.6,0
I need help understanding Software Engineering.,Software Engineering,MCA,Professor,Algorithms|Cloud Computing,0,1,1.0,11,0.2667,1
I need help understanding Software Engineering.,Software Engineering,MCA,Professor,Computer Networks|Artificial Intelligence,0,1,1.0,3,0.8,0
I have an academic query regarding Operating Systems.,Operating Systems,IT,Assistant Professor,Advanced DBMS|Computer Networks|Advanced Computer Networks|Algorithms,0,1,0.7,14,0.0667,0
Please clarify the Computer Networks topic related to my course.,Computer Networks,IT,Professor,Cloud Computing|Java,0,1,1.0,14,0.0667,0
I need help understanding DBMS.,DBMS,MCA,Associate Professor,Deep Learning|Algorithms|Computer Networks|Python|Java,0,1,0.85,4,0.7333,1
Please clarify the Advanced Computer Networks topic related to my course.,Advanced Computer Networks,MCA,Associate Professor,Data Structures,0,0,0.85,2,0.8667,0
I am facing difficulty in Python and need clarification.,Python,IT,Professor,Operating Systems|Python|Data Structures,1,1,1.0,5,0.6667,1
Please clarify the Computer Networks topic related to my course.,Computer Networks,MCA,Associate Professor,Data Structures,0,1,0.85,14,0.0667,1
I have a question about Python.,Python,CSE,Associate Professor,Python|Data Science|Algorithms,1,1,0.85,0,1.0,1
Please clarify the Data Science topic related to my course.,Data Science,MCA,Assistant Professor,Artificial Intelligence|Data Structures,0,1,0.7,15,0.0,0
Please clarify the Statistics topic related to my course.,Statistics,IT,Assistant Professor,Data Science,0,1,0.7,11,0.2667,0
I am facing difficulty in Data Structures and need clarification.,Data Structures,IT,Assistant Professor,Operating Systems|Advanced DBMS|Machine Learning,0,1,0.7,4,0.7333,0
I am facing difficulty in Java and need clarification.,Java,CSE,Professor,Advanced DBMS|Java,1,1,1.0,1,0.9333,1
Could you help me with the Machine Learning syllabus?,Machine Learning,IT,Lecturer,Data Science|Machine Learning|Java|Data Structures,1,1,0.55,8,0.4667,1
Could you help me with the Web Development syllabus?,Web Development,IT,Assistant Professor,Web Development,1,1,0.7,8,0.4667,1
I need guidance with my Cloud Computing assignment.,Cloud Computing,IT,Professor,Software Engineering|DBMS,0,1,1.0,7,0.5333,0
I have a question about Machine Learning.,Machine Learning,CSE,Assistant Professor,Cloud Computing|Machine Learning,1,1,0.7,1,0.9333,1
I have a question about Software Engineering.,Software Engineering,MCA,Associate Professor,Statistics|Web Development|Cloud Computing|Data Science,0,1,0.85,5,0.6667,1
I have an academic query regarding Operating Systems.,Operating Systems,MCA,Professor,Operating Systems|Deep Learning|Statistics|Data Structures,1,0,1.0,0,1.0,1
Can you explain an issue related to Advanced DBMS?,Advanced DBMS,IT,Lecturer,Advanced Computer Networks|Computer Networks|Algorithms|Web Development,0,1,0.55,2,0.8667,0
I need help understanding DBMS.,DBMS,IT,Professor,Cloud Computing|Java,0,1,1.0,9,0.4,0
I have an academic query regarding Data Science.,Data Science,MCA,Lecturer,Web Development|Software Engineering,0,1,0.55,9,0.4,0
I have a question about Artificial Intelligence.,Artificial Intelligence,CSE,Professor,Java|Cloud Computing|Artificial Intelligence|Advanced DBMS,1,0,1.0,11,0.2667,0
I am facing difficulty in Advanced DBMS and need clarification.,Advanced DBMS,CSE,Associate Professor,Python|Advanced DBMS|DBMS,1,1,0.85,0,1.0,1
I need help understanding Cloud Computing.,Cloud Computing,CSE,Lecturer,Java|Data Science|Cloud Computing,1,1,0.55,3,0.8,1
I have an academic query regarding Operating Systems.,Operating Systems,CSE,Associate Professor,Machine Learning|Python|Data Science|DBMS,0,1,0.85,1,0.9333,0
Please clarify the Advanced Computer Networks topic related to my course.,Advanced Computer Networks,MCA,Associate Professor,Web Development|Computer Networks,0,0,0.85,8,0.4667,0
Please clarify the Cloud Computing topic related to my course.,Cloud Computing,IT,Associate Professor,Deep Learning|Artificial Intelligence,0,1,0.85,14,0.0667,0
I need guidance with my Machine Learning assignment.,Machine Learning,IT,Associate Professor,Artificial Intelligence|Computer Networks,0,1,0.85,4,0.7333,0
I need guidance with my Advanced Computer Networks assignment.,Advanced Computer Networks,MCA,Lecturer,Artificial Intelligence,0,0,0.55,15,0.0,0
I need guidance with my Cloud Computing assignment.,Cloud Computing,MCA,Lecturer,Software Engineering|Data Science|Algorithms|Artificial Intelligence|Deep Learning,0,0,0.55,0,1.0,0
I have an academic query regarding Software Engineering.,Software Engineering,MCA,Associate Professor,Data Structures|Data Science|Deep Learning|Web Development|Computer Networks,0,1,0.85,15,0.0,1
I have a question about Deep Learning.,Deep Learning,IT,Lecturer,Computer Networks,0,1,0.55,11,0.2667,1
I have an academic query regarding Artificial Intelligence.,Artificial Intelligence,CSE,Professor,Data Structures,0,1,1.0,9,0.4,1
I need help understanding Advanced Computer Networks.,Advanced Computer Networks,MCA,Lecturer,Algorithms|Python|Software Engineering|Data Science|Java,0,1,0.55,13,0.1333,1
Please clarify the Computer Networks topic related to my course.,Computer Networks,IT,Associate Professor,Advanced Computer Networks,0,1,0.85,10,0.3333,0
I need guidance with my Artificial Intelligence assignment.,Artificial Intelligence,CSE,Professor,DBMS|Software Engineering|Web Development,0,1,1.0,11,0.2667,0
I have a question about Advanced Computer Networks.,Advanced Computer Networks,CSE,Lecturer,Software Engineering|Machine Learning|Operating Systems|Web Development,0,1,0.55,4,0.7333,0
I am facing difficulty in Machine Learning and need clarification.,Machine Learning,MCA,Professor,Computer Networks|Web Development|Data Structures|Statistics|Java,0,1,1.0,0,1.0,1
I need guidance with my Artificial Intelligence assignment.,Artificial Intelligence,CSE,Associate Professor,Advanced DBMS,0,1,0.85,8,0.4667,0
I have an academic query regarding Machine Learning.,Machine Learning,CSE,Associate Professor,Deep Learning|Algorithms|Python|Software Engineering,0,1,0.85,4,0.7333,0
I am facing difficulty in Java and need clarification.,Java,IT,Professor,Advanced Computer Networks,0,1,1.0,0,1.0,0
I need guidance with my Computer Networks assignment.,Computer Networks,CSE,Assistant Professor,Algorithms|DBMS,0,1,0.7,6,0.6,1
Please clarify the Deep Learning topic related to my course.,Deep Learning,MCA,Professor,Statistics|Data Science|Java,0,0,1.0,11,0.2667,0
Could you help me with the Java syllabus?,Java,CSE,Associate Professor,Statistics,0,0,0.85,5,0.6667,0
Can you explain an issue related to Cloud Computing?,Cloud Computing,IT,Assistant Professor,Statistics|Artificial Intelligence|Data Structures|Operating Systems|DBMS,0,1,0.7,11,0.2667,0
Can you explain an issue related to DBMS?,DBMS,CSE,Professor,Data Science|Java|Algorithms,0,1,1.0,6,0.6,0
I have a question about Deep Learning.,Deep Learning,MCA,Associate Professor,DBMS|Software Engineering|Computer Networks,0,1,0.85,1,0.9333,0
I need help understanding Algorithms.,Algorithms,MCA,Lecturer,Statistics,0,1,0.55,0,1.0,0
I need help understanding Computer Networks.,Computer Networks,CSE,Associate Professor,Advanced Computer Networks|Python|Algorithms|Statistics|Java,0,0,0.85,7,0.5333,0
I need help understanding Data Science.,Data Science,CSE,Professor,Software Engineering|Deep Learning|Artificial Intelligence,0,0,1.0,13,0.1333,0
I need guidance with my Cloud Computing assignment.,Cloud Computing,IT,Assistant Professor,DBMS|Software Engineering|Python|Data Structures|Machine Learning,0,1,0.7,12,0.2,0
I need help understanding Software Engineering.,Software Engineering,IT,Professor,Data Science|Algorithms,0,1,1.0,3,0.8,0
Can you explain an issue related to Computer Networks?,Computer Networks,IT,Assistant Professor,Python|Deep Learning|DBMS|Software Engineering|Algorithms,0,1,0.7,12,0.2,0
Can you explain an issue related to Java?,Java,IT,Assistant Professor,Data Science,0,0,0.7,5,0.6667,0
Please clarify the Data Science topic related to my course.,Data Science,MCA,Lecturer,Cloud Computing|Data Structures|Machine Learning|Data Science|Statistics,1,0,0.55,12,0.2,1
Please clarify the Artificial Intelligence topic related to my course.,Artificial Intelligence,IT,Associate Professor,Python|Data Science|Algorithms|Machine Learning|Computer Networks,0,1,0.85,8,0.4667,1
I have a question about Python.,Python,MCA,Lecturer,Advanced DBMS|Computer Networks|Software Engineering|Java,0,0,0.55,13,0.1333,0
I have a question about Web Development.,Web Development,MCA,Assistant Professor,Data Science|Algorithms|Advanced Computer Networks,0,1,0.7,9,0.4,0
I am facing difficulty in Statistics and need clarification.,Statistics,MCA,Lecturer,DBMS|Data Structures|Advanced DBMS|Data Science,0,1,0.55,2,0.8667,0
Can you explain an issue related to Algorithms?,Algorithms,CSE,Professor,Artificial Intelligence|Operating Systems,0,1,1.0,8,0.4667,1
I need help understanding Computer Networks.,Computer Networks,MCA,Lecturer,Artificial Intelligence|DBMS,0,0,0.55,10,0.3333,0
Can you explain an issue related to Computer Networks?,Computer Networks,CSE,Lecturer,Statistics,0,1,0.55,2,0.8667,0
Could you help me with the Advanced DBMS syllabus?,Advanced DBMS,IT,Professor,Advanced DBMS,1,1,1.0,3,0.8,1
Can you explain an issue related to Advanced Computer Networks?,Advanced Computer Networks,IT,Assistant Professor,Statistics|Algorithms,0,1,0.7,11,0.2667,0
I need guidance with my Computer Networks assignment.,Computer Networks,CSE,Professor,Java|Data Structures|DBMS|Algorithms|Data Science,0,1,1.0,5,0.6667,0
I have a question about Machine Learning.,Machine Learning,MCA,Lecturer,Data Structures|Machine Learning|Software Engineering,1,1,0.55,8,0.4667,1
I am facing difficulty in Advanced Computer Networks and need clarification.,Advanced Computer Networks,CSE,Associate Professor,Deep Learning|Cloud Computing|Advanced Computer Networks,1,1,0.85,4,0.7333,1
I need help understanding Data Structures.,Data Structures,MCA,Associate Professor,Data Science,0,0,0.85,2,0.8667,0
I am facing difficulty in Deep Learning and need clarification.,Deep Learning,IT,Associate Professor,Data Structures|Software Engineering|Artificial Intelligence,0,1,0.85,10,0.3333,0
I need guidance with my Statistics assignment.,Statistics,MCA,Lecturer,Advanced Computer Networks|Deep Learning,0,0,0.55,5,0.6667,0
Please clarify the Software Engineering topic related to my course.,Software Engineering,MCA,Assistant Professor,Statistics|Data Science,0,1,0.7,13,0.1333,0
I have a question about Statistics.,Statistics,CSE,Professor,Algorithms|Advanced Computer Networks|Statistics|Computer Networks,1,1,1.0,4,0.7333,1
I need help understanding Web Development.,Web Development,MCA,Lecturer,DBMS|Artificial Intelligence|Python|Software Engineering|Algorithms,0,1,0.55,11,0.2667,0
I have an academic query regarding Artificial Intelligence.,Artificial Intelligence,CSE,Assistant Professor,Python,0,1,0.7,14,0.0667,0
I need help understanding Cloud Computing.,Cloud Computing,IT,Associate Professor,Data Structures,0,1,0.85,5,0.6667,1
I have a question about Python.,Python,IT,Lecturer,Machine Learning|Operating Systems|Deep Learning|Computer Networks,0,1,0.55,9,0.4,0
I have an academic query regarding Advanced DBMS.,Advanced DBMS,MCA,Professor,Machine Learning|Advanced Computer Networks|Python,0,0,1.0,13,0.1333,0
I am facing difficulty in Data Structures and need clarification.,Data Structures,CSE,Associate Professor,Python|Artificial Intelligence|Data Structures,1,1,0.85,11,0.2667,1
Could you help me with the Machine Learning syllabus?,Machine Learning,IT,Lecturer,Web Development,0,0,0.55,7,0.5333,0
Please clarify the Statistics topic related to my course.,Statistics,CSE,Lecturer,Advanced DBMS|Data Science,0,0,0.55,14,0.0667,0
I need help understanding Artificial Intelligence.,Artificial Intelligence,IT,Lecturer,Algorithms|Cloud Computing|Operating Systems|Artificial Intelligence,1,0,0.55,13,0.1333,1
Can you explain an issue related to DBMS?,DBMS,CSE,Associate Professor,Machine Learning|Python|Algorithms|Operating Systems,0,1,0.85,5,0.6667,0
I need guidance with my Web Development assignment.,Web Development,MCA,Assistant Professor,Web Development,1,1,0.7,12,0.2,1
I need guidance with my Statistics assignment.,Statistics,IT,Professor,Deep Learning,0,1,1.0,5,0.6667,0
I need guidance with my Web Development assignment.,Web Development,CSE,Assistant Professor,Data Structures|Cloud Computing,0,1,0.7,12,0.2,1
Can you explain an issue related to Java?,Java,MCA,Associate Professor,Operating Systems|Cloud Computing,0,0,0.85,7,0.5333,0
I need guidance with my Deep Learning assignment.,Deep Learning,CSE,Lecturer,Operating Systems|Artificial Intelligence,0,1,0.55,10,0.3333,1
I need guidance with my Algorithms assignment.,Algorithms,MCA,Assistant Professor,Advanced DBMS|Data Structures|Computer Networks|Java,0,1,0.7,7,0.5333,0
I need guidance with my Deep Learning assignment.,Deep Learning,MCA,Professor,Cloud Computing|Web Development|Advanced DBMS|Data Science|Python,0,1,1.0,8,0.4667,0
Please clarify the Data Science topic related to my course.,Data Science,IT,Assistant Professor,Java|Operating Systems|Deep Learning|Data Science,1,1,0.7,3,0.8,1
I have an academic query regarding Deep Learning.,Deep Learning,CSE,Lecturer,Machine Learning|Computer Networks,0,1,0.55,10,0.3333,0
I need guidance with my Machine Learning assignment.,Machine Learning,MCA,Assistant Professor,Cloud Computing|Java,0,1,0.7,9,0.4,0
I am facing difficulty in Python and need clarification.,Python,MCA,Professor,Advanced DBMS|Web Development,0,1,1.0,6,0.6,0
I need help understanding Data Structures.,Data Structures,MCA,Associate Professor,Statistics|Python|Data Science|Data Structures,1,0,0.85,8,0.4667,0
Please clarify the Deep Learning topic related to my course.,Deep Learning,CSE,Professor,Web Development,0,1,1.0,12,0.2,0
I need help understanding Data Structures.,Data Structures,CSE,Professor,DBMS|Algorithms|Data Science|Data Structures|Advanced DBMS,1,1,1.0,11,0.2667,1
I am facing difficulty in Python and need clarification.,Python,IT,Lecturer,Machine Learning|Python|Software Engineering|Cloud Computing,1,1,0.55,13,0.1333,1
I have an academic query regarding Statistics.,Statistics,CSE,Assistant Professor,DBMS|Algorithms,0,1,0.7,10,0.3333,0
Please clarify the Python topic related to my course.,Python,IT,Lecturer,Python|Java|Artificial Intelligence,1,1,0.55,9,0.4,0
I have an academic query regarding Artificial Intelligence.,Artificial Intelligence,IT,Lecturer,Data Science|DBMS|Statistics,0,0,0.55,1,0.9333,1
I need guidance with my Web Development assignment.,Web Development,IT,Associate Professor,Advanced Computer Networks|Artificial Intelligence|Deep Learning|Algorithms|Python,0,0,0.85,3,0.8,0
I need help understanding Artificial Intelligence.,Artificial Intelligence,MCA,Professor,Python|Algorithms|Data Science,0,1,1.0,13,0.1333,0
Can you explain an issue related to Deep Learning?,Deep Learning,CSE,Assistant Professor,Data Structures|Cloud Computing|Computer Networks,0,1,0.7,15,0.0,1
I need help understanding Software Engineering.,Software Engineering,CSE,Lecturer,Software Engineering|DBMS|Web Development,1,1,0.55,11,0.2667,1
Please clarify the Web Development topic related to my course.,Web Development,CSE,Associate Professor,Data Structures,0,1,0.85,5,0.6667,0
Please clarify the DBMS topic related to my course.,DBMS,MCA,Professor,Computer Networks|DBMS,1,0,1.0,0,1.0,1
Can you explain an issue related to Machine Learning?,Machine Learning,CSE,Professor,Data Structures,0,1,1.0,8,0.4667,0
I need help understanding Statistics.,Statistics,CSE,Professor,Advanced DBMS|Algorithms|Computer Networks|Operating Systems|Web Development,0,1,1.0,14,0.0667,1
I need help understanding Web Development.,Web Development,CSE,Lecturer,Operating Systems|Web Development|Data Structures,1,1,0.55,15,0.0,1
I need help understanding Machine Learning.,Machine Learning,CSE,Associate Professor,Artificial Intelligence|Statistics|Computer Networks|Python|Operating Systems,0,1,0.85,3,0.8,0
Can you explain an issue related to Statistics?,Statistics,MCA,Lecturer,Artificial Intelligence|Statistics,1,1,0.55,6,0.6,1
I need help understanding Advanced DBMS.,Advanced DBMS,MCA,Assistant Professor,Advanced DBMS|DBMS,1,1,0.7,6,0.6,1
I need help understanding Deep Learning.,Deep Learning,IT,Lecturer,Artificial Intelligence|Java|Deep Learning,1,1,0.55,4,0.7333,1
Please clarify the Python topic related to my course.,Python,IT,Assistant Professor,Computer Networks|Python,1,1,0.7,9,0.4,1
I have an academic query regarding Algorithms.,Algorithms,IT,Lecturer,Advanced Computer Networks|Advanced DBMS|Cloud Computing|Computer Networks,0,1,0.55,0,1.0,0
I need help understanding Operating Systems.,Operating Systems,IT,Lecturer,Deep Learning|Advanced DBMS|Statistics|Advanced Computer Networks|Java,0,0,0.55,14,0.0667,1
I am facing difficulty in Statistics and need clarification.,Statistics,MCA,Associate Professor,Python,0,1,0.85,14,0.0667,0
I need guidance with my Deep Learning assignment.,Deep Learning,MCA,Lecturer,DBMS|Advanced Computer Networks|Artificial Intelligence,0,1,0.55,3,0.8,1
I am facing difficulty in Cloud Computing and need clarification.,Cloud Computing,IT,Professor,Computer Networks|Advanced DBMS|Data Science|Statistics|DBMS,0,1,1.0,15,0.0,0
Could you help me with the Data Structures syllabus?,Data Structures,IT,Lecturer,Computer Networks|Web Development|Python,0,1,0.55,5,0.6667,1
Please clarify the Machine Learning topic related to my course.,Machine Learning,MCA,Associate Professor,Operating Systems,0,0,0.85,7,0.5333,0
Please clarify the Python topic related to my course.,Python,MCA,Lecturer,Web Development,0,0,0.55,5,0.6667,0
Can you explain an issue related to Data Science?,Data Science,MCA,Associate Professor,Web Development|Data Science|Machine Learning|DBMS|Deep Learning,1,1,0.85,6,0.6,1
I have a question about Data Science.,Data Science,IT,Lecturer,Artificial Intelligence|Computer Networks|Python|Java,0,1,0.55,3,0.8,1
I need help understanding DBMS.,DBMS,IT,Associate Professor,Computer Networks,0,1,0.85,14,0.0667,0
I need help understanding Machine Learning.,Machine Learning,MCA,Professor,Deep Learning,0,1,1.0,3,0.8,1
Can you explain an issue related to Machine Learning?,Machine Learning,MCA,Professor,DBMS|Python|Algorithms|Web Development,0,0,1.0,14,0.0667,0
I have an academic query regarding Computer Networks.,Computer Networks,MCA,Assistant Professor,Computer Networks|Software Engineering|Data Structures|Advanced DBMS|Deep Learning,1,1,0.7,5,0.6667,1
I need help understanding Data Structures.,Data Structures,MCA,Associate Professor,Advanced DBMS|Deep Learning|Machine Learning,0,1,0.85,12,0.2,0
Can you explain an issue related to Python?,Python,MCA,Assistant Professor,DBMS|Java,0,1,0.7,0,1.0,0
I need guidance with my Web Development assignment.,Web Development,CSE,Lecturer,Data Science,0,1,0.55,6,0.6,0
I have an academic query regarding DBMS.,DBMS,IT,Lecturer,Deep Learning,0,1,0.55,14,0.0667,1
I have an academic query regarding Computer Networks.,Computer Networks,CSE,Assistant Professor,Python|Web Development|Computer Networks|DBMS|Cloud Computing,1,0,0.7,6,0.6,0
I need guidance with my Artificial Intelligence assignment.,Artificial Intelligence,IT,Associate Professor,DBMS,0,0,0.85,1,0.9333,0
Please clarify the Advanced DBMS topic related to my course.,Advanced DBMS,CSE,Associate Professor,Algorithms|Operating Systems|Data Science|Artificial Intelligence|Java,0,1,0.85,14,0.0667,0
I have an academic query regarding Software Engineering.,Software Engineering,CSE,Professor,Advanced Computer Networks|DBMS|Artificial Intelligence|Software Engineering,1,1,1.0,3,0.8,1
I need guidance with my Advanced DBMS assignment.,Advanced DBMS,IT,Professor,Java|Machine Learning,0,1,1.0,3,0.8,1
I need guidance with my Cloud Computing assignment.,Cloud Computing,CSE,Lecturer,Software Engineering|Java|Algorithms,0,1,0.55,14,0.0667,0
I have an academic query regarding Web Development.,Web Development,CSE,Lecturer,Advanced Computer Networks|Operating Systems,0,1,0.55,3,0.8,1
Please clarify the Statistics topic related to my course.,Statistics,CSE,Professor,Machine Learning,0,1,1.0,3,0.8,0
Could you help me with the Machine Learning syllabus?,Machine Learning,MCA,Professor,Advanced Computer Networks|Deep Learning|Data Structures|Computer Networks,0,1,1.0,2,0.8667,0
I have a question about Data Structures.,Data Structures,MCA,Professor,Deep Learning|Web Development|Advanced Computer Networks|Machine Learning|Artificial Intelligence,0,1,1.0,3,0.8,0
I have a question about Statistics.,Statistics,MCA,Associate Professor,Machine Learning|Software Engineering|Advanced Computer Networks|Data Structures|Deep Learning,0,1,0.85,7,0.5333,0
Could you help me with the Java syllabus?,Java,CSE,Assistant Professor,Java|Computer Networks|Cloud Computing|Algorithms,1,1,0.7,6,0.6,1
I have a question about Advanced DBMS.,Advanced DBMS,CSE,Assistant Professor,Software Engineering|Data Structures|Java|DBMS,0,1,0.7,6,0.6,1
Could you help me with the Python syllabus?,Python,MCA,Associate Professor,Cloud Computing|Advanced DBMS|Software Engineering|Data Structures|Advanced Computer Networks,0,0,0.85,13,0.1333,0
I have an academic query regarding DBMS.,DBMS,MCA,Assistant Professor,Artificial Intelligence|Advanced Computer Networks|Software Engineering|Data Structures|Web Development,0,0,0.7,0,1.0,1
Please clarify the Cloud Computing topic related to my course.,Cloud Computing,CSE,Lecturer,Java,0,0,0.55,0,1.0,0
Please clarify the Machine Learning topic related to my course.,Machine Learning,CSE,Lecturer,Deep Learning|Operating Systems|Data Science|Statistics,0,1,0.55,8,0.4667,0
I have a question about Operating Systems.,Operating Systems,IT,Professor,Advanced Computer Networks|Artificial Intelligence|Advanced DBMS,0,1,1.0,1,0.9333,1
I am facing difficulty in Java and need clarification.,Java,IT,Lecturer,Data Structures|Algorithms|Python|Deep Learning,0,1,0.55,6,0.6,0
I have a question about Deep Learning.,Deep Learning,CSE,Lecturer,Java|Deep Learning|Computer Networks|Statistics|Machine Learning,1,1,0.55,15,0.0,1
I have an academic query regarding Algorithms.,Algorithms,CSE,Assistant Professor,Advanced Computer Networks|Advanced DBMS,0,1,0.7,13,0.1333,1
Could you help me with the Deep Learning syllabus?,Deep Learning,IT,Lecturer,Artificial Intelligence,0,1,0.55,8,0.4667,1
I have a question about DBMS.,DBMS,MCA,Associate Professor,Machine Learning|Statistics|Software Engineering|Operating Systems,0,0,0.85,3,0.8,1
Please clarify the Advanced DBMS topic related to my course.,Advanced DBMS,IT,Professor,Deep Learning|Artificial Intelligence|Data Structures,0,1,1.0,14,0.0667,0
Could you help me with the Artificial Intelligence syllabus?,Artificial Intelligence,CSE,Professor,Data Structures|Java|Statistics|Python|Operating Systems,0,1,1.0,2,0.8667,0
Can you explain an issue related to Operating Systems?,Operating Systems,CSE,Associate Professor,Deep Learning|Statistics,0,0,0.85,11,0.2667,0
I need guidance with my Statistics assignment.,Statistics,IT,Assistant Professor,Data Science|Advanced DBMS|Data Structures|Cloud Computing,0,1,0.7,1,0.9333,0
Please clarify the Algorithms topic related to my course.,Algorithms,IT,Professor,Computer Networks|Cloud Computing,0,1,1.0,9,0.4,0
Could you help me with the Artificial Intelligence syllabus?,Artificial Intelligence,MCA,Lecturer,Operating Systems|Advanced DBMS|Java|Python|Computer Networks,0,1,0.55,4,0.7333,0
Please clarify the Algorithms topic related to my course.,Algorithms,IT,Professor,Machine Learning|Web Development|Deep Learning,0,1,1.0,8,0.4667,0
Can you explain an issue related to Software Engineering?,Software Engineering,MCA,Assistant Professor,Machine Learning|Algorithms|Statistics|Operating Systems,0,1,0.7,5,0.6667,0
I have a question about Python.,Python,IT,Lecturer,Deep Learning|Statistics|Java,0,1,0.55,12,0.2,1
I am facing difficulty in Software Engineering and need clarification.,Software Engineering,IT,Assistant Professor,Cloud Computing|Data Structures|Operating Systems|Deep Learning|Web Development,0,1,0.7,13,0.1333,1
I need help understanding Data Structures.,Data Structures,CSE,Associate Professor,Statistics,0,1,0.85,10,0.3333,1
Could you help me with the Advanced DBMS syllabus?,Advanced DBMS,CSE,Associate Professor,Operating Systems|DBMS|Data Science|Data Structures,0,0,0.85,7,0.5333,0
Please clarify the Data Structures topic related to my course.,Data Structures,MCA,Professor,DBMS|Operating Systems|Computer Networks|Advanced Computer Networks,0,1,1.0,14,0.0667,0
Can you explain an issue related to Software Engineering?,Software Engineering,MCA,Professor,Java,0,1,1.0,3,0.8,0
I have a question about Web Development.,Web Development,IT,Associate Professor,Software Engineering|Deep Learning,0,1,0.85,15,0.0,0
I have a question about Python.,Python,MCA,Associate Professor,Operating Systems,0,1,0.85,3,0.8,0
I have a question about Advanced DBMS.,Advanced DBMS,CSE,Assistant Professor,Algorithms|DBMS|Data Structures,0,1,0.7,3,0.8,0
I am facing difficulty in Computer Networks and need clarification.,Computer Networks,IT,Assistant Professor,Data Science|Software Engineering|Computer Networks,1,0,0.7,15,0.0,0
Please clarify the Artificial Intelligence topic related to my course.,Artificial Intelligence,IT,Associate Professor,Machine Learning|Data Science|Software Engineering,0,1,0.85,4,0.7333,1
I have an academic query regarding Statistics.,Statistics,CSE,Lecturer,Deep Learning|Advanced Computer Networks|Software Engineering|Advanced DBMS|Java,0,1,0.55,12,0.2,0
I have an academic query regarding Software Engineering.,Software Engineering,IT,Associate Professor,Cloud Computing|Statistics|DBMS|Operating Systems|Computer Networks,0,1,0.85,2,0.8667,1
I am facing difficulty in Python and need clarification.,Python,IT,Professor,Deep Learning,0,1,1.0,5,0.6667,1
I have a question about Web Development.,Web Development,MCA,Lecturer,Web Development,1,1,0.55,15,0.0,1
I have an academic query regarding Advanced Computer Networks.,Advanced Computer Networks,IT,Lecturer,Software Engineering|Python,0,1,0.55,4,0.7333,1
I have an academic query regarding Python.,Python,CSE,Professor,Algorithms|Data Science|Data Structures|Statistics,0,1,1.0,9,0.4,0
I have an academic query regarding Data Structures.,Data Structures,IT,Assistant Professor,Machine Learning|Java,0,0,0.7,12,0.2,0
I have an academic query regarding Software Engineering.,Software Engineering,CSE,Lecturer,Machine Learning|Python|Cloud Computing|Computer Networks,0,1,0.55,0,1.0,0
Can you explain an issue related to Python?,Python,CSE,Assistant Professor,Statistics|Python|Operating Systems|Data Science,1,1,0.7,9,0.4,1
I need help understanding Computer Networks.,Computer Networks,IT,Professor,DBMS|Advanced Computer Networks|Software Engineering|Cloud Computing,0,1,1.0,12,0.2,0
I have a question about Advanced DBMS.,Advanced DBMS,CSE,Assistant Professor,Machine Learning|Deep Learning|Computer Networks,0,1,0.7,11,0.2667,1
I am facing difficulty in Data Science and need clarification.,Data Science,IT,Lecturer,Advanced DBMS|Deep Learning,0,1,0.55,9,0.4,1
Please clarify the Software Engineering topic related to my course.,Software Engineering,CSE,Lecturer,Cloud Computing|DBMS|Data Structures,0,1,0.55,2,0.8667,0
Could you help me with the Artificial Intelligence syllabus?,Artificial Intelligence,MCA,Assistant Professor,Artificial Intelligence,1,1,0.7,8,0.4667,1
I am facing difficulty in Machine Learning and need clarification.,Machine Learning,MCA,Professor,Algorithms,0,1,1.0,12,0.2,0
I have an academic query regarding DBMS.,DBMS,MCA,Professor,Web Development|Statistics,0,0,1.0,0,1.0,0
I have a question about Statistics.,Statistics,MCA,Lecturer,Advanced DBMS|Software Engineering|Machine Learning,0,1,0.55,3,0.8,0
Could you help me with the Computer Networks syllabus?,Computer Networks,IT,Assistant Professor,Algorithms|Python,0,1,0.7,11,0.2667,0
Please clarify the Machine Learning topic related to my course.,Machine Learning,CSE,Assistant Professor,Web Development|Operating Systems,0,0,0.7,5,0.6667,0
I need guidance with my Advanced Computer Networks assignment.,Advanced Computer Networks,IT,Assistant Professor,Web Development|Operating Systems|Data Science,0,1,0.7,13,0.1333,1
Can you explain an issue related to Java?,Java,IT,Lecturer,DBMS|Computer Networks|Software Engineering,0,0,0.55,3,0.8,1
Can you explain an issue related to DBMS?,DBMS,IT,Lecturer,Algorithms|Artificial Intelligence|Advanced Computer Networks,0,1,0.55,12,0.2,0
Please clarify the Java topic related to my course.,Java,IT,Associate Professor,Advanced DBMS|Data Science|Deep Learning|Software Engineering,0,0,0.85,12,0.2,0
Can you explain an issue related to Algorithms?,Algorithms,CSE,Professor,Machine Learning|Artificial Intelligence|Java|Cloud Computing|Computer Networks,0,0,1.0,1,0.9333,0
Can you explain an issue related to Machine Learning?,Machine Learning,CSE,Associate Professor,Data Structures|DBMS|Algorithms,0,1,0.85,7,0.5333,1
I have an academic query regarding Java.,Java,MCA,Professor,Data Structures,0,1,1.0,12,0.2,0
Could you help me with the Data Structures syllabus?,Data Structures,MCA,Lecturer,Advanced DBMS|Operating Systems|DBMS,0,1,0.55,11,0.2667,1
I need guidance with my Machine Learning assignment.,Machine Learning,IT,Associate Professor,Web Development|Artificial Intelligence|Advanced Computer Networks|Java|Software Engineering,0,1,0.85,3,0.8,1
Could you help me with the Advanced Computer Networks syllabus?,Advanced Computer Networks,IT,Professor,Statistics|Operating Systems,0,0,1.0,12,0.2,0
I am facing difficulty in Data Structures and need clarification.,Data Structures,IT,Associate Professor,Machine Learning|Java|Advanced DBMS|Advanced Computer Networks|Algorithms,0,1,0.85,15,0.0,1
I need help understanding DBMS.,DBMS,CSE,Lecturer,Machine Learning|Artificial Intelligence,0,0,0.55,12,0.2,0
Please clarify the Operating Systems topic related to my course.,Operating Systems,MCA,Associate Professor,Advanced Computer Networks|Statistics|Artificial Intelligence|Operating Systems|Deep Learning,1,1,0.85,3,0.8,1
Can you explain an issue related to Algorithms?,Algorithms,MCA,Lecturer,Computer Networks|Advanced DBMS,0,1,0.55,1,0.9333,0
I have a question about Advanced DBMS.,Advanced DBMS,MCA,Professor,Deep Learning,0,1,1.0,7,0.5333,1
Please clarify the Data Science topic related to my course.,Data Science,MCA,Lecturer,Software Engineering|Cloud Computing|Machine Learning|Data Science,1,0,0.55,15,0.0,0
Can you explain an issue related to Data Science?,Data Science,IT,Professor,Computer Networks|Web Development|Data Structures,0,1,1.0,9,0.4,1
I need help understanding Java.,Java,CSE,Associate Professor,Data Structures,0,1,0.85,15,0.0,0
Could you help me with the Computer Networks syllabus?,Computer Networks,CSE,Assistant Professor,Python|Deep Learning|Data Science|Statistics,0,1,0.7,0,1.0,0
I have a question about Advanced DBMS.,Advanced DBMS,MCA,Assistant Professor,Python|Cloud Computing|Advanced Computer Networks,0,0,0.7,10,0.3333,1
I have an academic query regarding Software Engineering.,Software Engineering,CSE,Lecturer,Operating Systems|Artificial Intelligence|Machine Learning|Data Science,0,0,0.55,12,0.2,0
I have an academic query regarding Artificial Intelligence.,Artificial Intelligence,IT,Professor,Java|Data Science,0,1,1.0,10,0.3333,1
Could you help me with the Algorithms syllabus?,Algorithms,MCA,Professor,Computer Networks|Software Engineering|Data Structures,0,1,1.0,9,0.4,0
I am facing difficulty in Cloud Computing and need clarification.,Cloud Computing,MCA,Lecturer,Statistics|Data Science|Operating Systems|Deep Learning|Data Structures,0,1,0.55,3,0.8,0
Could you help me with the Artificial Intelligence syllabus?,Artificial Intelligence,CSE,Professor,Software Engineering|Advanced DBMS|Algorithms,0,1,1.0,2,0.8667,0
I need help understanding Data Science.,Data Science,IT,Associate Professor,Data Science|Artificial Intelligence,1,1,0.85,11,0.2667,1
Please clarify the Cloud Computing topic related to my course.,Cloud Computing,MCA,Assistant Professor,Data Science,0,1,0.7,11,0.2667,0
I need help understanding Statistics.,Statistics,CSE,Assistant Professor,Python|Deep Learning|Advanced Computer Networks|Statistics|Software Engineering,1,1,0.7,2,0.8667,1
Could you help me with the Algorithms syllabus?,Algorithms,CSE,Lecturer,Advanced DBMS|Artificial Intelligence|Machine Learning|Operating Systems|Python,0,1,0.55,4,0.7333,1
Please clarify the DBMS topic related to my course.,DBMS,CSE,Assistant Professor,Advanced DBMS|DBMS,1,1,0.7,15,0.0,1
I need guidance with my Statistics assignment.,Statistics,MCA,Assistant Professor,Operating Systems|DBMS|Machine Learning,0,0,0.7,11,0.2667,0
I need guidance with my Algorithms assignment.,Algorithms,MCA,Assistant Professor,Data Structures|DBMS|Data Science|Software Engineering,0,1,0.7,4,0.7333,0
I need guidance with my Algorithms assignment.,Algorithms,MCA,Professor,Artificial Intelligence,0,1,1.0,7,0.5333,0
I need help understanding Software Engineering.,Software Engineering,CSE,Professor,Advanced DBMS|Computer Networks|Software Engineering|Artificial Intelligence,1,1,1.0,15,0.0,0
I have an academic query regarding Python.,Python,IT,Assistant Professor,Machine Learning,0,1,0.7,5,0.6667,1
Please clarify the Statistics topic related to my course.,Statistics,MCA,Professor,Software Engineering|Artificial Intelligence,0,1,1.0,11,0.2667,1
I am facing difficulty in Machine Learning and need clarification.,Machine Learning,CSE,Professor,Deep Learning,0,1,1.0,0,1.0,0
Can you explain an issue related to Deep Learning?,Deep Learning,IT,Professor,Advanced DBMS|Software Engineering|Machine Learning,0,1,1.0,1,0.9333,0
I have a question about Statistics.,Statistics,MCA,Associate Professor,Machine Learning|Data Structures,0,1,0.85,13,0.1333,0
I need guidance with my Data Science assignment.,Data Science,CSE,Assistant Professor,Data Structures,0,1,0.7,9,0.4,0
I have an academic query regarding Java.,Java,MCA,Associate Professor,Data Structures|Statistics|Computer Networks|Java|Operating Systems,1,1,0.85,13,0.1333,1
Please clarify the Operating Systems topic related to my course.,Operating Systems,CSE,Professor,Artificial Intelligence|DBMS|Advanced Computer Networks|Deep Learning,0,1,1.0,2,0.8667,1
I need help understanding Machine Learning.,Machine Learning,CSE,Assistant Professor,DBMS,0,1,0.7,12,0.2,1
I need help understanding Artificial Intelligence.,Artificial Intelligence,CSE,Assistant Professor,Web Development|Statistics,0,1,0.7,7,0.5333,0
Can you explain an issue related to Software Engineering?,Software Engineering,IT,Professor,Operating Systems|Software Engineering|Data Science|Web Development,1,1,1.0,6,0.6,1
I need help understanding Operating Systems.,Operating Systems,CSE,Associate Professor,Java|Advanced DBMS|Algorithms|Cloud Computing|Deep Learning,0,1,0.85,9,0.4,0
Could you help me with the Machine Learning syllabus?,Machine Learning,CSE,Assistant Professor,Statistics,0,1,0.7,8,0.4667,0
I have a question about Web Development.,Web Development,CSE,Assistant Professor,Artificial Intelligence|Web Development|Computer Networks,1,1,0.7,5,0.6667,1
Please clarify the Machine Learning topic related to my course.,Machine Learning,IT,Assistant Professor,Deep Learning|Machine Learning|Advanced Computer Networks,1,1,0.7,9,0.4,1
I have a question about Advanced Computer Networks.,Advanced Computer Networks,MCA,Professor,Statistics,0,1,1.0,12,0.2,1
I need guidance with my DBMS assignment.,DBMS,CSE,Assistant Professor,Cloud Computing|Machine Learning|Python|Web Development,0,1,0.7,0,1.0,0
I need help understanding Advanced Computer Networks.,Advanced Computer Networks,CSE,Assistant Professor,Advanced DBMS,0,0,0.7,2,0.8667,0
I have a question about Statistics.,Statistics,CSE,Assistant Professor,Data Science,0,1,0.7,13,0.1333,0
I need guidance with my Artificial Intelligence assignment.,Artificial Intelligence,CSE,Professor,Computer Networks|Advanced DBMS|Statistics,0,0,1.0,8,0.4667,0
I need help understanding Machine Learning.,Machine Learning,CSE,Assistant Professor,Algorithms,0,1,0.7,14,0.0667,0
Could you help me with the Statistics syllabus?,Statistics,IT,Professor,Web Development|Data Science|Statistics,1,1,1.0,2,0.8667,1
I need guidance with my Java assignment.,Java,IT,Associate Professor,Data Science|Computer Networks|Web Development,0,0,0.85,3,0.8,1
I need guidance with my DBMS assignment.,DBMS,MCA,Associate Professor,Machine Learning|Java|Data Structures|Statistics,0,1,0.85,3,0.8,0
Could you help me with the Advanced DBMS syllabus?,Advanced DBMS,IT,Assistant Professor,Advanced Computer Networks|Web Development|Python,0,1,0.7,4,0.7333,1
I have a question about Artificial Intelligence.,Artificial Intelligence,MCA,Professor,Algorithms|Data Science|Python|Data Structures,0,1,1.0,13,0.1333,0
I have an academic query regarding Artificial Intelligence.,Artificial Intelligence,IT,Lecturer,Algorithms|Operating Systems|Data Science|Cloud Computing,0,1,0.55,7,0.5333,0
I have a question about DBMS.,DBMS,IT,Associate Professor,Java|Data Structures,0,1,0.85,11,0.2667,0
I have a question about Data Science.,Data Science,CSE,Lecturer,Cloud Computing|Advanced DBMS|Algorithms|Statistics,0,1,0.55,5,0.6667,0
I have an academic query regarding Artificial Intelligence.,Artificial Intelligence,CSE,Associate Professor,Python|Operating Systems|Artificial Intelligence|Computer Networks,1,1,0.85,3,0.8,1
Please clarify the Advanced DBMS topic related to my course.,Advanced DBMS,IT,Professor,DBMS|Advanced Computer Networks,0,1,1.0,9,0.4,0
Could you help me with the Artificial Intelligence syllabus?,Artificial Intelligence,MCA,Professor,Machine Learning|Software Engineering|Algorithms|Python|Data Science,0,1,1.0,0,1.0,0
Could you help me with the Data Structures syllabus?,Data Structures,CSE,Associate Professor,DBMS,0,0,0.85,3,0.8,1
I am facing difficulty in Statistics and need clarification.,Statistics,MCA,Associate Professor,Data Science|Java|Statistics|Python|Advanced DBMS,1,0,0.85,14,0.0667,1
Could you help me with the Python syllabus?,Python,IT,Associate Professor,Advanced DBMS,0,1,0.85,13,0.1333,0
I need help understanding Machine Learning.,Machine Learning,MCA,Associate Professor,Advanced DBMS|Data Science|Statistics|Web Development,0,1,0.85,11,0.2667,0
Can you explain an issue related to Artificial Intelligence?,Artificial Intelligence,CSE,Lecturer,Data Science|DBMS|Data Structures|Advanced Computer Networks,0,1,0.55,11,0.2667,0
Please clarify the Data Science topic related to my course.,Data Science,MCA,Associate Professor,Advanced DBMS|Deep Learning|Python|Cloud Computing,0,1,0.85,5,0.6667,1
Please clarify the Data Structures topic related to my course.,Data Structures,IT,Lecturer,Web Development,0,1,0.55,13,0.1333,1
I am facing difficulty in Data Structures and need clarification.,Data Structures,CSE,Associate Professor,Web Development|Python|Operating Systems|Statistics|Machine Learning,0,1,0.85,10,0.3333,0
I am facing difficulty in Algorithms and need clarification.,Algorithms,MCA,Professor,Data Structures|Machine Learning|Web Development|Data Science,0,1,1.0,10,0.3333,0
I have an academic query regarding Computer Networks.,Computer Networks,MCA,Lecturer,DBMS|Algorithms|Statistics|Artificial Intelligence|Cloud Computing,0,1,0.55,10,0.3333,0
Can you explain an issue related to Machine Learning?,Machine Learning,IT,Professor,DBMS|Advanced DBMS|Web Development|Cloud Computing|Advanced Computer Networks,0,1,1.0,1,0.9333,1
I am facing difficulty in Java and need clarification.,Java,IT,Associate Professor,DBMS|Data Structures,0,1,0.85,2,0.8667,1
Can you explain an issue related to Operating Systems?,Operating Systems,IT,Associate Professor,Data Structures|Deep Learning,0,1,0.85,11,0.2667,0
I have an academic query regarding Data Science.,Data Science,IT,Associate Professor,DBMS,0,1,0.85,6,0.6,0
Please clarify the DBMS topic related to my course.,DBMS,MCA,Associate Professor,Statistics|Algorithms,0,1,0.85,4,0.7333,0
I have a question about Advanced Computer Networks.,Advanced Computer Networks,CSE,Associate Professor,DBMS,0,1,0.85,13,0.1333,0
I am facing difficulty in Software Engineering and need clarification.,Software Engineering,CSE,Lecturer,Data Science|Machine Learning,0,1,0.55,7,0.5333,0
Please clarify the Statistics topic related to my course.,Statistics,CSE,Assistant Professor,Deep Learning|Advanced Computer Networks|Artificial Intelligence|Cloud Computing,0,1,0.7,0,1.0,0
Can you explain an issue related to Software Engineering?,Software Engineering,IT,Professor,Java|Cloud Computing|Software Engineering|Data Structures,1,1,1.0,5,0.6667,1
Please clarify the Deep Learning topic related to my course.,Deep Learning,MCA,Assistant Professor,Operating Systems|Artificial Intelligence,0,1,0.7,12,0.2,1
Could you help me with the Computer Networks syllabus?,Computer Networks,MCA,Lecturer,Data Science|Machine Learning|Advanced DBMS|Computer Networks,1,1,0.55,11,0.2667,0
I have a question about Cloud Computing.,Cloud Computing,CSE,Professor,Advanced Computer Networks|Cloud Computing|Statistics|Artificial Intelligence,1,1,1.0,12,0.2,1
I have an academic query regarding Java.,Java,IT,Assistant Professor,Java|Machine Learning|Advanced Computer Networks,1,0,0.7,12,0.2,0
I need help understanding Computer Networks.,Computer Networks,IT,Associate Professor,Software Engineering|Web Development|Data Science|DBMS|Python,0,1,0.85,5,0.6667,0
I need guidance with my Advanced DBMS assignment.,Advanced DBMS,CSE,Associate Professor,Deep Learning|Artificial Intelligence|DBMS|Algorithms,0,1,0.85,13,0.1333,0
I am facing difficulty in Python and need clarification.,Python,CSE,Associate Professor,Data Structures,0,0,0.85,1,0.9333,0
Could you help me with the Deep Learning syllabus?,Deep Learning,IT,Lecturer,Advanced Computer Networks|Java,0,0,0.55,2,0.8667,0
I need help understanding Operating Systems.,Operating Systems,MCA,Associate Professor,Python|Advanced Computer Networks|Statistics|Artificial Intelligence|Web Development,0,0,0.85,9,0.4,0
I have a question about Web Development.,Web Development,IT,Professor,Advanced Computer Networks|Data Structures|Deep Learning,0,1,1.0,6,0.6,0
I am facing difficulty in Advanced Computer Networks and need clarification.,Advanced Computer Networks,MCA,Professor,Data Structures|Algorithms|Computer Networks,0,1,1.0,8,0.4667,0
I need guidance with my Cloud Computing assignment.,Cloud Computing,IT,Assistant Professor,Python|Statistics|Computer Networks|Java,0,1,0.7,8,0.4667,0
Please clarify the Computer Networks topic related to my course.,Computer Networks,CSE,Associate Professor,Web Development|Algorithms|Software Engineering|DBMS,0,1,0.85,12,0.2,0
I have a question about Software Engineering.,Software Engineering,MCA,Assistant Professor,Artificial Intelligence|Advanced DBMS,0,1,0.7,11,0.2667,1
I need guidance with my Python assignment.,Python,IT,Assistant Professor,Artificial Intelligence|Python|Data Structures|Cloud Computing|Computer Networks,1,1,0.7,10,0.3333,1
I need guidance with my Cloud Computing assignment.,Cloud Computing,CSE,Assistant Professor,Advanced DBMS|Deep Learning|Software Engineering|Algorithms,0,1,0.7,8,0.4667,1
I need help understanding Deep Learning.,Deep Learning,CSE,Associate Professor,Deep Learning|Java|Data Science|Python,1,0,0.85,6,0.6,1
Can you explain an issue related to Software Engineering?,Software Engineering,MCA,Assistant Professor,Java|Computer Networks|Web Development,0,1,0.7,14,0.0667,0
I need guidance with my Statistics assignment.,Statistics,MCA,Professor,Data Science,0,1,1.0,3,0.8,0
I have an academic query regarding Advanced DBMS.,Advanced DBMS,MCA,Professor,Web Development,0,1,1.0,14,0.0667,1
I am facing difficulty in Python and need clarification.,Python,MCA,Associate Professor,Operating Systems|Advanced DBMS|Computer Networks,0,0,0.85,14,0.0667,0
I need help understanding Machine Learning.,Machine Learning,MCA,Lecturer,Advanced DBMS|Data Science,0,1,0.55,13,0.1333,0
I have a question about Advanced Computer Networks.,Advanced Computer Networks,CSE,Lecturer,DBMS|Software Engineering|Computer Networks|Python,0,1,0.55,6,0.6,1
Please clarify the Deep Learning topic related to my course.,Deep Learning,CSE,Professor,Web Development,0,1,1.0,14,0.0667,0
Please clarify the Data Science topic related to my course.,Data Science,CSE,Assistant Professor,Machine Learning|Data Structures|Data Science|Artificial Intelligence|Advanced Computer Networks,1,0,0.7,5,0.6667,1
Please clarify the Java topic related to my course.,Java,MCA,Assistant Professor,Computer Networks|Deep Learning|Data Structures|Data Science,0,1,0.7,7,0.5333,0
I need help understanding Computer Networks.,Computer Networks,CSE,Professor,Advanced DBMS|Machine Learning|Deep Learning|Algorithms,0,1,1.0,11,0.2667,0
I need guidance with my Data Structures assignment.,Data Structures,CSE,Associate Professor,Advanced DBMS,0,1,0.85,15,0.0,0
Can you explain an issue related to DBMS?,DBMS,IT,Assistant Professor,Web Development|Computer Networks|Statistics|Deep Learning|Artificial Intelligence,0,1,0.7,14,0.0667,1
Can you explain an issue related to Data Structures?,Data Structures,IT,Associate Professor,Java,0,1,0.85,15,0.0,0
I am facing difficulty in Web Development and need clarification.,Web Development,MCA,Associate Professor,Software Engineering|Data Structures,0,1,0.85,11,0.2667,0
I need help understanding Cloud Computing.,Cloud Computing,MCA,Professor,Statistics|Machine Learning|Operating Systems|Artificial Intelligence|Computer Networks,0,1,1.0,3,0.8,0
I need guidance with my Computer Networks assignment.,Computer Networks,CSE,Professor,Data Science,0,1,1.0,4,0.7333,0
I have an academic query regarding Advanced Computer Networks.,Advanced Computer Networks,IT,Associate Professor,Algorithms,0,1,0.85,13,0.1333,0
Can you explain an issue related to Operating Systems?,Operating Systems,CSE,Lecturer,Python|Statistics,0,1,0.55,4,0.7333,1
I need help understanding DBMS.,DBMS,MCA,Associate Professor,Data Science|Deep Learning|Cloud Computing|Java|DBMS,1,1,0.85,4,0.7333,1
I have a question about Advanced DBMS.,Advanced DBMS,MCA,Assistant Professor,Machine Learning|Cloud Computing|Artificial Intelligence|Software Engineering,0,0,0.7,10,0.3333,0
I am facing difficulty in Cloud Computing and need clarification.,Cloud Computing,MCA,Lecturer,Artificial Intelligence|Deep Learning,0,1,0.55,8,0.4667,0
I have an academic query regarding Operating Systems.,Operating Systems,MCA,Associate Professor,Algorithms,0,1,0.85,7,0.5333,0
I have a question about Deep Learning.,Deep Learning,IT,Assistant Professor,Data Science|Artificial Intelligence,0,1,0.7,12,0.2,1
I am facing difficulty in Data Structures and need clarification.,Data Structures,CSE,Lecturer,Algorithms|Web Development,0,1,0.55,10,0.3333,0
Could you help me with the Machine Learning syllabus?,Machine Learning,CSE,Assistant Professor,Artificial Intelligence|Advanced DBMS|Statistics,0,1,0.7,2,0.8667,0
Could you help me with the Operating Systems syllabus?,Operating Systems,MCA,Professor,Python|Data Structures|Computer Networks|DBMS|Data Science,0,1,1.0,2,0.8667,0
I have a question about Computer Networks.,Computer Networks,IT,Assistant Professor,Algorithms|Web Development|Cloud Computing|Artificial Intelligence,0,1,0.7,0,1.0,0
Please clarify the Operating Systems topic related to my course.,Operating Systems,MCA,Lecturer,Data Science|Artificial Intelligence,0,1,0.55,15,0.0,1
I am facing difficulty in DBMS and need clarification.,DBMS,CSE,Professor,Advanced Computer Networks|Software Engineering,0,0,1.0,12,0.2,0
I need help understanding Cloud Computing.,Cloud Computing,MCA,Lecturer,Artificial Intelligence|Advanced DBMS,0,1,0.55,15,0.0,1
Could you help me with the DBMS syllabus?,DBMS,CSE,Lecturer,Statistics,0,0,0.55,15,0.0,0
Can you explain an issue related to Web Development?,Web Development,MCA,Associate Professor,Java|Computer Networks|Machine Learning|Data Structures|Statistics,0,1,0.85,12,0.2,0
Please clarify the Data Science topic related to my course.,Data Science,IT,Assistant Professor,Advanced Computer Networks|Deep Learning,0,1,0.7,5,0.6667,1
I have a question about Web Development.,Web Development,MCA,Assistant Professor,Cloud Computing|Operating Systems|DBMS|Java,0,1,0.7,9,0.4,0
I have an academic query regarding Data Science.,Data Science,MCA,Lecturer,Statistics|Cloud Computing|DBMS|Data Structures|Operating Systems,0,1,0.55,13,0.1333,0
I have a question about Statistics.,Statistics,IT,Lecturer,Artificial Intelligence|Software Engineering|Algorithms,0,1,0.55,11,0.2667,0
I am facing difficulty in Operating Systems and need clarification.,Operating Systems,CSE,Professor,Software Engineering,0,1,1.0,10,0.3333,0
I need guidance with my Computer Networks assignment.,Computer Networks,MCA,Lecturer,Software Engineering|Advanced DBMS|Advanced Computer Networks,0,1,0.55,3,0.8,0
I have a question about DBMS.,DBMS,IT,Lecturer,Python|Computer Networks,0,1,0.55,11,0.2667,0
Can you explain an issue related to Advanced DBMS?,Advanced DBMS,CSE,Assistant Professor,Advanced DBMS,1,1,0.7,14,0.0667,1
I need guidance with my Software Engineering assignment.,Software Engineering,CSE,Associate Professor,Python,0,1,0.85,10,0.3333,0
I have an academic query regarding Java.,Java,CSE,Lecturer,Java|Python,1,1,0.55,9,0.4,1
I have an academic query regarding Operating Systems.,Operating Systems,MCA,Assistant Professor,Deep Learning|Cloud Computing|Java|Statistics|Software Engineering,0,1,0.7,7,0.5333,0
I need help understanding Operating Systems.,Operating Systems,IT,Lecturer,Advanced Computer Networks|Operating Systems|Statistics,1,1,0.55,0,1.0,1
I have an academic query regarding DBMS.,DBMS,MCA,Professor,Python|Software Engineering|Artificial Intelligence|Java|Web Development,0,1,1.0,6,0.6,0
I need help understanding Deep Learning.,Deep Learning,MCA,Associate Professor,Data Science,0,0,0.85,14,0.0667,0
Could you help me with the Deep Learning syllabus?,Deep Learning,CSE,Professor,Python|Java|Statistics|Software Engineering,0,1,1.0,6,0.6,1
I have an academic query regarding Web Development.,Web Development,CSE,Lecturer,DBMS|Data Structures|Data Science|Deep Learning|Statistics,0,1,0.55,8,0.4667,0
Please clarify the Cloud Computing topic related to my course.,Cloud Computing,MCA,Associate Professor,Advanced Computer Networks|Machine Learning|Software Engineering|Data Science|Artificial Intelligence,0,0,0.85,11,0.2667,0
I need guidance with my Computer Networks assignment.,Computer Networks,IT,Lecturer,Cloud Computing|Web Development|Operating Systems,0,1,0.55,12,0.2,1
I have an academic query regarding Algorithms.,Algorithms,MCA,Lecturer,Computer Networks,0,0,0.55,8,0.4667,0
Can you explain an issue related to Computer Networks?,Computer Networks,CSE,Assistant Professor,Cloud Computing|Advanced Computer Networks|Machine Learning|Statistics,0,1,0.7,11,0.2667,1
I need help understanding Java.,Java,MCA,Associate Professor,Advanced DBMS|DBMS|Data Science|Software Engineering,0,1,0.85,9,0.4,0
Could you help me with the Operating Systems syllabus?,Operating Systems,CSE,Associate Professor,Data Science,0,1,0.85,14,0.0667,0
I have an academic query regarding Data Structures.,Data Structures,IT,Lecturer,Data Science|Machine Learning|Operating Systems|Cloud Computing|Python,0,1,0.55,4,0.7333,0
I have an academic query regarding Cloud Computing.,Cloud Computing,IT,Professor,Artificial Intelligence|Algorithms,0,1,1.0,9,0.4,1
I need help understanding Computer Networks.,Computer Networks,MCA,Assistant Professor,Python|Machine Learning,0,1,0.7,11,0.2667,0
I need help understanding Advanced DBMS.,Advanced DBMS,IT,Assistant Professor,Cloud Computing|Python|Artificial Intelligence|Advanced Computer Networks,0,1,0.7,5,0.6667,1
Please clarify the Data Structures topic related to my course.,Data Structures,MCA,Associate Professor,DBMS,0,1,0.85,10,0.3333,0
Please clarify the Computer Networks topic related to my course.,Computer Networks,MCA,Professor,Data Science|Advanced Computer Networks,0,1,1.0,13,0.1333,0
I need guidance with my Deep Learning assignment.,Deep Learning,IT,Lecturer,Web Development|Data Science|Advanced Computer Networks|Software Engineering,0,1,0.55,15,0.0,0
I need help understanding Python.,Python,MCA,Professor,Operating Systems|Web Development,0,1,1.0,2,0.8667,0
I have an academic query regarding Advanced Computer Networks.,Advanced Computer Networks,IT,Assistant Professor,Advanced DBMS|Advanced Computer Networks|Data Science|Deep Learning,1,1,0.7,4,0.7333,1
I need help understanding Statistics.,Statistics,MCA,Professor,Statistics,1,1,1.0,5,0.6667,1
I have an academic query regarding Java.,Java,MCA,Assistant Professor,Statistics,0,1,0.7,13,0.1333,0
I have a question about Statistics.,Statistics,IT,Professor,Algorithms|Python|Software Engineering|DBMS,0,1,1.0,5,0.6667,0
Please clarify the Cloud Computing topic related to my course.,Cloud Computing,CSE,Associate Professor,Statistics|DBMS|Cloud Computing|Python|Advanced Computer Networks,1,1,0.85,10,0.3333,1
I need help understanding Advanced DBMS.,Advanced DBMS,MCA,Assistant Professor,Machine Learning|Python|Computer Networks|Statistics|Cloud Computing,0,1,0.7,8,0.4667,0
Please clarify the Advanced Computer Networks topic related to my course.,Advanced Computer Networks,CSE,Associate Professor,Statistics|Artificial Intelligence,0,1,0.85,3,0.8,1
Please clarify the Machine Learning topic related to my course.,Machine Learning,MCA,Lecturer,Machine Learning|Advanced Computer Networks|Web Development|Advanced DBMS|Statistics,1,1,0.55,1,0.9333,1
I have an academic query regarding Statistics.,Statistics,MCA,Lecturer,Machine Learning|Advanced Computer Networks|Java,0,1,0.55,3,0.8,0
I am facing difficulty in Web Development and need clarification.,Web Development,MCA,Assistant Professor,Algorithms,0,1,0.7,5,0.6667,1
I have an academic query regarding Cloud Computing.,Cloud Computing,IT,Assistant Professor,Advanced Computer Networks|Statistics,0,1,0.7,0,1.0,1
Could you help me with the DBMS syllabus?,DBMS,MCA,Professor,Advanced DBMS|Cloud Computing|Python|Data Structures,0,1,1.0,8,0.4667,0
I am facing difficulty in Computer Networks and need clarification.,Computer Networks,MCA,Professor,Computer Networks|Data Structures|DBMS|Statistics|Software Engineering,1,1,1.0,0,1.0,1
I need guidance with my Data Structures assignment.,Data Structures,IT,Assistant Professor,Operating Systems,0,1,0.7,5,0.6667,1
I need help understanding Cloud Computing.,Cloud Computing,IT,Assistant Professor,Python,0,1,0.7,14,0.0667,0
I am facing difficulty in Cloud Computing and need clarification.,Cloud Computing,CSE,Associate Professor,Python|Software Engineering,0,1,0.85,5,0.6667,0
I need guidance with my Algorithms assignment.,Algorithms,CSE,Associate Professor,Web Development|DBMS,0,1,0.85,2,0.8667,0
I have an academic query regarding Artificial Intelligence.,Artificial Intelligence,MCA,Associate Professor,Web Development,0,1,0.85,5,0.6667,1
Can you explain an issue related to Deep Learning?,Deep Learning,MCA,Assistant Professor,Computer Networks|Machine Learning|Artificial Intelligence|Java,0,1,0.7,12,0.2,1
Please clarify the Statistics topic related to my course.,Statistics,IT,Associate Professor,Advanced DBMS|Java|Python|Cloud Computing,0,0,0.85,1,0.9333,0
Please clarify the Python topic related to my course.,Python,IT,Assistant Professor,Data Structures|Data Science|Python|Statistics|Operating Systems,1,1,0.7,6,0.6,1
I need help understanding Advanced Computer Networks.,Advanced Computer Networks,IT,Professor,Operating Systems,0,1,1.0,7,0.5333,0
I need guidance with my Artificial Intelligence assignment.,Artificial Intelligence,IT,Professor,DBMS|Deep Learning,0,0,1.0,5,0.6667,0
I have an academic query regarding Java.,Java,IT,Professor,DBMS|Software Engineering|Operating Systems,0,1,1.0,15,0.0,0
I have a question about Data Science.,Data Science,MCA,Professor,Python|Operating Systems|Algorithms|Statistics|Data Science,1,1,1.0,9,0.4,1
Could you help me with the Machine Learning syllabus?,Machine Learning,CSE,Associate Professor,Data Structures|Algorithms|Advanced Computer Networks|Python|Operating Systems,0,1,0.85,10,0.3333,0
Please clarify the Cloud Computing topic related to my course.,Cloud Computing,CSE,Lecturer,Deep Learning|Software Engineering|Web Development,0,1,0.55,9,0.4,0
Please clarify the DBMS topic related to my course.,DBMS,IT,Lecturer,Advanced DBMS|Artificial Intelligence,0,1,0.55,0,1.0,1
I am facing difficulty in Machine Learning and need clarification.,Machine Learning,CSE,Associate Professor,Operating Systems|Computer Networks|Cloud Computing|Machine Learning|DBMS,1,1,0.85,3,0.8,1
I have a question about DBMS.,DBMS,CSE,Assistant Professor,Data Structures|Deep Learning|Python|Artificial Intelligence|Operating Systems,0,1,0.7,3,0.8,0
I need guidance with my Machine Learning assignment.,Machine Learning,MCA,Lecturer,Software Engineering|Data Science|Web Development|Statistics,0,1,0.55,0,1.0,1
I have a question about Computer Networks.,Computer Networks,IT,Associate Professor,Python|Computer Networks|Operating Systems|Algorithms|Deep Learning,1,0,0.85,0,1.0,1
I need help understanding Python.,Python,MCA,Assistant Professor,Data Structures|Advanced Computer Networks,0,1,0.7,0,1.0,0
Could you help me with the Software Engineering syllabus?,Software Engineering,IT,Associate Professor,Machine Learning|Data Structures|Advanced Computer Networks|Computer Networks|Operating Systems,0,1,0.85,5,0.6667,0
Please clarify the Advanced Computer Networks topic related to my course.,Advanced Computer Networks,MCA,Associate Professor,Computer Networks|Cloud Computing|Python|Algorithms|Deep Learning,0,1,0.85,15,0.0,0
Please clarify the Data Structures topic related to my course.,Data Structures,CSE,Professor,Cloud Computing|Advanced DBMS|Computer Networks|Advanced Computer Networks|Machine Learning,0,1,1.0,9,0.4,0
I need help understanding Data Science.,Data Science,MCA,Associate Professor,Data Structures|Advanced DBMS,0,1,0.85,7,0.5333,0
I need guidance with my Deep Learning assignment.,Deep Learning,IT,Associate Professor,Advanced DBMS|Statistics|Web Development,0,1,0.85,2,0.8667,0
I need help understanding Data Science.,Data Science,CSE,Lecturer,Cloud Computing|Deep Learning|Python|Data Science,1,1,0.55,11,0.2667,1
Please clarify the Data Science topic related to my course.,Data Science,IT,Professor,Advanced Computer Networks|Artificial Intelligence|Java,0,1,1.0,14,0.0667,0
I need help understanding Statistics.,Statistics,IT,Professor,Software Engineering|Advanced Computer Networks|Operating Systems,0,1,1.0,11,0.2667,0
I need guidance with my Data Science assignment.,Data Science,IT,Associate Professor,Cloud Computing|Web Development|Algorithms|Software Engineering,0,1,0.85,12,0.2,0
Can you explain an issue related to Deep Learning?,Deep Learning,MCA,Assistant Professor,Computer Networks|Java|Algorithms|Operating Systems,0,1,0.7,5,0.6667,0
I have a question about Operating Systems.,Operating Systems,IT,Lecturer,Statistics,0,1,0.55,4,0.7333,0
I am facing difficulty in Statistics and need clarification.,Statistics,CSE,Lecturer,Software Engineering|Data Structures,0,1,0.55,9,0.4,1
I have an academic query regarding Cloud Computing.,Cloud Computing,CSE,Professor,Data Science|Statistics|DBMS|Python|Software Engineering,0,1,1.0,11,0.2667,0
I need guidance with my Cloud Computing assignment.,Cloud Computing,CSE,Professor,Computer Networks|Java|Machine Learning|Data Structures|Advanced Computer Networks,0,1,1.0,14,0.0667,0
Could you help me with the Computer Networks syllabus?,Computer Networks,CSE,Professor,Java|Data Science|DBMS|Statistics,0,1,1.0,5,0.6667,0
I have a question about Data Science.,Data Science,CSE,Associate Professor,Machine Learning,0,1,0.85,4,0.7333,0
Please clarify the Cloud Computing topic related to my course.,Cloud Computing,CSE,Assistant Professor,Machine Learning|Data Science|Software Engineering|Operating Systems|Artificial Intelligence,0,1,0.7,8,0.4667,0
I am facing difficulty in Advanced Computer Networks and need clarification.,Advanced Computer Networks,MCA,Associate Professor,Python,0,1,0.85,7,0.5333,0
I have a question about Operating Systems.,Operating Systems,IT,Professor,Web Development|Software Engineering|Algorithms|Deep Learning|Data Science,0,1,1.0,14,0.0667,0
I need guidance with my Machine Learning assignment.,Machine Learning,MCA,Associate Professor,Web Development,0,1,0.85,12,0.2,1
I have an academic query regarding Computer Networks.,Computer Networks,MCA,Assistant Professor,Java|Deep Learning|Operating Systems|DBMS,0,1,0.7,6,0.6,0
I have a question about Software Engineering.,Software Engineering,CSE,Professor,Algorithms|Data Science|Python|Machine Learning|Operating Systems,0,1,1.0,13,0.1333,0
I have an academic query regarding Data Science.,Data Science,MCA,Associate Professor,Web Development|Deep Learning|Data Science|Algorithms,1,1,0.85,9,0.4,1
I need guidance with my DBMS assignment.,DBMS,IT,Professor,Algorithms|Operating Systems|Python|Advanced DBMS,0,0,1.0,12,0.2,0
I need help understanding Advanced DBMS.,Advanced DBMS,CSE,Professor,DBMS|Data Structures|Machine Learning|Advanced DBMS,1,0,1.0,13,0.1333,0
I have an academic query regarding Python.,Python,CSE,Associate Professor,Advanced DBMS|Deep Learning,0,1,0.85,10,0.3333,1
I need guidance with my Statistics assignment.,Statistics,MCA,Assistant Professor,Java|Algorithms|Statistics|Computer Networks,1,1,0.7,9,0.4,1
Please clarify the Web Development topic related to my course.,Web Development,IT,Associate Professor,Software Engineering|Python|Artificial Intelligence|Machine Learning|Deep Learning,0,1,0.85,10,0.3333,1
Can you explain an issue related to DBMS?,DBMS,CSE,Assistant Professor,Computer Networks|Deep Learning|Artificial Intelligence,0,1,0.7,1,0.9333,1
I need help understanding Cloud Computing.,Cloud Computing,MCA,Associate Professor,Artificial Intelligence,0,0,0.85,15,0.0,0
I need help understanding Statistics.,Statistics,CSE,Associate Professor,Operating Systems|Advanced Computer Networks|Java|Advanced DBMS,0,1,0.85,10,0.3333,0
Please clarify the Advanced DBMS topic related to my course.,Advanced DBMS,IT,Assistant Professor,Web Development|DBMS,0,1,0.7,10,0.3333,1
I have a question about Data Structures.,Data Structures,CSE,Lecturer,Artificial Intelligence|Statistics|Machine Learning,0,1,0.55,1,0.9333,0
Can you explain an issue related to Web Development?,Web Development,CSE,Professor,Statistics|Data Structures|DBMS,0,1,1.0,7,0.5333,0
I have an academic query regarding Web Development.,Web Development,MCA,Assistant Professor,Data Structures|Java|Machine Learning|Software Engineering,0,1,0.7,14,0.0667,1
Please clarify the Statistics topic related to my course.,Statistics,MCA,Assistant Professor,Computer Networks|Machine Learning|Advanced DBMS,0,1,0.7,0,1.0,1
I need help understanding Data Structures.,Data Structures,MCA,Lecturer,Artificial Intelligence,0,1,0.55,7,0.5333,0
I have an academic query regarding Software Engineering.,Software Engineering,MCA,Lecturer,Advanced DBMS|Artificial Intelligence|Data Structures|Cloud Computing|Algorithms,0,1,0.55,15,0.0,1
Could you help me with the Software Engineering syllabus?,Software Engineering,MCA,Assistant Professor,Python,0,1,0.7,14,0.0667,0
Please clarify the Python topic related to my course.,Python,IT,Associate Professor,Advanced Computer Networks|Algorithms|Cloud Computing,0,1,0.85,1,0.9333,1
I am facing difficulty in Web Development and need clarification.,Web Development,CSE,Lecturer,Java|Operating Systems,0,0,0.55,15,0.0,0
Could you help me with the Statistics syllabus?,Statistics,IT,Lecturer,Cloud Computing|Artificial Intelligence,0,0,0.55,7,0.5333,0
Please clarify the DBMS topic related to my course.,DBMS,IT,Assistant Professor,Software Engineering|Operating Systems|Statistics|Advanced DBMS,0,1,0.7,0,1.0,0
Please clarify the Machine Learning topic related to my course.,Machine Learning,IT,Assistant Professor,Advanced Computer Networks|Data Science|Operating Systems|Deep Learning,0,0,0.7,10,0.3333,0
I am facing difficulty in Software Engineering and need clarification.,Software Engineering,IT,Assistant Professor,Advanced DBMS|Java|Computer Networks,0,1,0.7,9,0.4,0
Please clarify the Web Development topic related to my course.,Web Development,CSE,Associate Professor,Web Development|Algorithms|Advanced DBMS|Python|Data Structures,1,1,0.85,4,0.7333,1
Please clarify the Machine Learning topic related to my course.,Machine Learning,MCA,Associate Professor,Statistics,0,1,0.85,14,0.0667,0
I have an academic query regarding DBMS.,DBMS,CSE,Associate Professor,Statistics|Artificial Intelligence|Advanced Computer Networks|Data Science|Advanced DBMS,0,1,0.85,9,0.4,0
Could you help me with the Python syllabus?,Python,MCA,Assistant Professor,Software Engineering|Algorithms,0,1,0.7,5,0.6667,0
Please clarify the Data Structures topic related to my course.,Data Structures,MCA,Professor,Computer Networks|Data Science,0,1,1.0,10,0.3333,0
I need help understanding Artificial Intelligence.,Artificial Intelligence,IT,Associate Professor,Algorithms|Artificial Intelligence|DBMS|Advanced DBMS|Java,1,1,0.85,0,1.0,1
Can you explain an issue related to Deep Learning?,Deep Learning,CSE,Lecturer,Machine Learning|Web Development|Advanced DBMS|Artificial Intelligence|Operating Systems,0,0,0.55,13,0.1333,0
Could you help me with the Web Development syllabus?,Web Development,MCA,Assistant Professor,Data Science|Statistics|Web Development|Data Structures|Cloud Computing,1,0,0.7,10,0.3333,1
I need help understanding Data Science.,Data Science,IT,Professor,Advanced Computer Networks,0,1,1.0,2,0.8667,1
I need guidance with my Algorithms assignment.,Algorithms,CSE,Associate Professor,Web Development|Deep Learning|Algorithms,1,1,0.85,1,0.9333,1
I am facing difficulty in Deep Learning and need clarification.,Deep Learning,IT,Professor,Java,0,1,1.0,4,0.7333,1
I am facing difficulty in Computer Networks and need clarification.,Computer Networks,CSE,Professor,Data Structures|Algorithms|Deep Learning,0,1,1.0,12,0.2,1
I need guidance with my Artificial Intelligence assignment.,Artificial Intelligence,MCA,Assistant Professor,Cloud Computing|Advanced Computer Networks|Deep Learning|Advanced DBMS|Statistics,0,1,0.7,1,0.9333,0
Could you help me with the Python syllabus?,Python,CSE,Professor,Java|Statistics|Python,1,1,1.0,10,0.3333,1
I have a question about Advanced Computer Networks.,Advanced Computer Networks,IT,Lecturer,Advanced DBMS|Web Development|Data Structures|Cloud Computing|Machine Learning,0,1,0.55,9,0.4,1
Could you help me with the DBMS syllabus?,DBMS,IT,Associate Professor,Algorithms|Advanced DBMS|Advanced Computer Networks|Data Science,0,0,0.85,13,0.1333,0
I have an academic query regarding Software Engineering.,Software Engineering,MCA,Assistant Professor,Java|Advanced DBMS,0,1,0.7,12,0.2,0
I need guidance with my Artificial Intelligence assignment.,Artificial Intelligence,IT,Lecturer,Machine Learning,0,0,0.55,14,0.0667,0
Can you explain an issue related to Computer Networks?,Computer Networks,CSE,Assistant Professor,Operating Systems|Machine Learning|Advanced DBMS|Algorithms,0,1,0.7,0,1.0,1
I have an academic query regarding Data Science.,Data Science,CSE,Associate Professor,Software Engineering|Computer Networks|Algorithms|Artificial Intelligence,0,0,0.85,3,0.8,0
Could you help me with the Operating Systems syllabus?,Operating Systems,CSE,Professor,Advanced Computer Networks|Python|Cloud Computing|Deep Learning|Data Science,0,1,1.0,1,0.9333,0
I need guidance with my Operating Systems assignment.,Operating Systems,IT,Professor,Advanced DBMS|Data Structures|Operating Systems|Statistics|Cloud Computing,1,0,1.0,14,0.0667,0
Can you explain an issue related to Web Development?,Web Development,MCA,Associate Professor,Statistics|DBMS|Software Engineering,0,1,0.85,14,0.0667,1
Can you explain an issue related to Data Science?,Data Science,IT,Lecturer,Deep Learning|Data Structures|Cloud Computing|Computer Networks|DBMS,0,1,0.55,1,0.9333,1
Can you explain an issue related to Data Structures?,Data Structures,IT,Professor,Algorithms|Computer Networks|Operating Systems|Advanced Computer Networks|Software Engineering,0,1,1.0,11,0.2667,0
I have a question about Advanced Computer Networks.,Advanced Computer Networks,MCA,Lecturer,Algorithms|Statistics|Data Science,0,0,0.55,3,0.8,0
I need guidance with my Data Science assignment.,Data Science,IT,Professor,Computer Networks|Software Engineering|Data Science,1,1,1.0,4,0.7333,1
I need guidance with my Operating Systems assignment.,Operating Systems,MCA,Professor,Artificial Intelligence|Advanced DBMS|Software Engineering,0,0,1.0,2,0.8667,0
I am facing difficulty in Statistics and need clarification.,Statistics,CSE,Associate Professor,Operating Systems,0,1,0.85,2,0.8667,1
Please clarify the Operating Systems topic related to my course.,Operating Systems,MCA,Associate Professor,Operating Systems|Web Development,1,0,0.85,7,0.5333,0
I am facing difficulty in Machine Learning and need clarification.,Machine Learning,IT,Lecturer,Java|Deep Learning|Python|Artificial Intelligence|Software Engineering,0,1,0.55,14,0.0667,1
I have an academic query regarding DBMS.,DBMS,IT,Lecturer,Software Engineering|Computer Networks|Artificial Intelligence,0,1,0.55,2,0.8667,0
Please clarify the DBMS topic related to my course.,DBMS,MCA,Assistant Professor,Operating Systems,0,0,0.7,6,0.6,0
Could you help me with the Deep Learning syllabus?,Deep Learning,IT,Professor,Computer Networks,0,1,1.0,13,0.1333,1
I need help understanding Computer Networks.,Computer Networks,MCA,Lecturer,DBMS,0,1,0.55,14,0.0667,0
Could you help me with the Machine Learning syllabus?,Machine Learning,MCA,Professor,Python,0,1,1.0,7,0.5333,0
I need guidance with my DBMS assignment.,DBMS,MCA,Assistant Professor,Software Engineering|Data Science,0,1,0.7,14,0.0667,0
I am facing difficulty in Data Science and need clarification.,Data Science,MCA,Professor,Advanced Computer Networks|DBMS|Advanced DBMS|Cloud Computing,0,1,1.0,0,1.0,1
I need help understanding Computer Networks.,Computer Networks,IT,Lecturer,Computer Networks,1,1,0.55,1,0.9333,1
Could you help me with the Advanced DBMS syllabus?,Advanced DBMS,MCA,Professor,Cloud Computing|Machine Learning,0,1,1.0,15,0.0,0
I have an academic query regarding Algorithms.,Algorithms,MCA,Associate Professor,Data Science,0,1,0.85,8,0.4667,1
I have a question about Software Engineering.,Software Engineering,MCA,Lecturer,Advanced DBMS,0,1,0.55,2,0.8667,0
I have an academic query regarding Statistics.,Statistics,CSE,Assistant Professor,Software Engineering|Machine Learning,0,0,0.7,4,0.7333,0
Can you explain an issue related to Java?,Java,MCA,Associate Professor,DBMS|Artificial Intelligence|Python,0,1,0.85,4,0.7333,1
I am facing difficulty in Operating Systems and need clarification.,Operating Systems,MCA,Associate Professor,Operating Systems,1,1,0.85,14,0.0667,1
Can you explain an issue related to Advanced DBMS?,Advanced DBMS,CSE,Professor,Advanced DBMS|Software Engineering,1,1,1.0,11,0.2667,1
I have a question about DBMS.,DBMS,CSE,Lecturer,Statistics,0,1,0.55,9,0.4,0
Please clarify the DBMS topic related to my course.,DBMS,CSE,Assistant Professor,Web Development|Deep Learning|Computer Networks,0,1,0.7,3,0.8,1
Could you help me with the Python syllabus?,Python,IT,Professor,Software Engineering|Cloud Computing,0,0,1.0,9,0.4,0
I have an academic query regarding Operating Systems.,Operating Systems,CSE,Lecturer,Software Engineering|DBMS|Deep Learning|Advanced Computer Networks|Computer Networks,0,0,0.55,0,1.0,0
Please clarify the Java topic related to my course.,Java,CSE,Assistant Professor,Data Structures,0,1,0.7,14,0.0667,0
Can you explain an issue related to Deep Learning?,Deep Learning,IT,Professor,Java|DBMS|Machine Learning|Computer Networks,0,1,1.0,1,0.9333,0
I have an academic query regarding Cloud Computing.,Cloud Computing,IT,Associate Professor,Python|Advanced Computer Networks,0,1,0.85,8,0.4667,0
Could you help me with the Statistics syllabus?,Statistics,MCA,Associate Professor,Advanced Computer Networks,0,1,0.85,13,0.1333,0
I need help understanding Advanced DBMS.,Advanced DBMS,MCA,Professor,Artificial Intelligence|Advanced DBMS,1,1,1.0,15,0.0,1
I have a question about Data Science.,Data Science,CSE,Assistant Professor,Computer Networks,0,1,0.7,0,1.0,1
Please clarify the Data Structures topic related to my course.,Data Structures,CSE,Associate Professor,Cloud Computing|Statistics|Deep Learning,0,1,0.85,0,1.0,1
I need help understanding Deep Learning.,Deep Learning,CSE,Professor,Data Science|Data Structures|Java|Software Engineering,0,0,1.0,12,0.2,0
I need guidance with my Advanced Computer Networks assignment.,Advanced Computer Networks,MCA,Lecturer,Statistics|Data Structures,0,1,0.55,1,0.9333,0
I have an academic query regarding Java.,Java,IT,Professor,Software Engineering|Algorithms|DBMS|Computer Networks|Deep Learning,0,1,1.0,0,1.0,0
Please clarify the Advanced Computer Networks topic related to my course.,Advanced Computer Networks,MCA,Lecturer,Deep Learning,0,1,0.55,7,0.5333,0
I have an academic query regarding Deep Learning.,Deep Learning,IT,Professor,Artificial Intelligence|Web Development|Algorithms,0,1,1.0,4,0.7333,0
Could you help me with the DBMS syllabus?,DBMS,MCA,Associate Professor,Data Science|Artificial Intelligence|Advanced DBMS,0,1,0.85,7,0.5333,1
I need help understanding Data Science.,Data Science,CSE,Assistant Professor,Operating Systems|Java|Algorithms|Web Development,0,1,0.7,12,0.2,0
Please clarify the Machine Learning topic related to my course.,Machine Learning,MCA,Professor,DBMS|Operating Systems|Statistics|Python|Web Development,0,1,1.0,4,0.7333,0
I need help understanding Data Structures.,Data Structures,MCA,Associate Professor,Data Structures|Statistics,1,1,0.85,9,0.4,0
I need guidance with my Cloud Computing assignment.,Cloud Computing,MCA,Professor,Web Development|Artificial Intelligence|Advanced Computer Networks|DBMS|Data Structures,0,1,1.0,4,0.7333,0
Please clarify the Computer Networks topic related to my course.,Computer Networks,CSE,Assistant Professor,Advanced Computer Networks|Web Development,0,0,0.7,0,1.0,1
I need guidance with my Advanced DBMS assignment.,Advanced DBMS,IT,Professor,DBMS|Python|Machine Learning|Operating Systems|Statistics,0,1,1.0,2,0.8667,0
Can you explain an issue related to Web Development?,Web Development,IT,Professor,Cloud Computing|Deep Learning|Statistics,0,1,1.0,14,0.0667,0
I have a question about Machine Learning.,Machine Learning,CSE,Lecturer,Data Science|Machine Learning|Algorithms|Artificial Intelligence,1,1,0.55,4,0.7333,1
I have an academic query regarding Artificial Intelligence.,Artificial Intelligence,IT,Associate Professor,DBMS|Software Engineering,0,1,0.85,2,0.8667,1
I have a question about Web Development.,Web Development,MCA,Lecturer,Software Engineering|Python|Deep Learning|Data Structures,0,1,0.55,8,0.4667,0
I have a question about Java.,Java,IT,Associate Professor,Statistics|Software Engineering,0,0,0.85,9,0.4,0
I have an academic query regarding Deep Learning.,Deep Learning,IT,Professor,Advanced Computer Networks|Data Science|Advanced DBMS,0,1,1.0,6,0.6,0
I need help understanding Algorithms.,Algorithms,MCA,Assistant Professor,Web Development|Software Engineering,0,1,0.7,13,0.1333,0
Could you help me with the Python syllabus?,Python,MCA,Associate Professor,Advanced DBMS|Cloud Computing|Advanced Computer Networks|Data Science,0,1,0.85,13,0.1333,0
Could you help me with the Web Development syllabus?,Web Development,IT,Lecturer,DBMS|Operating Systems,0,0,0.55,14,0.0667,0
I need guidance with my Statistics assignment.,Statistics,IT,Assistant Professor,Java|Algorithms|Advanced Computer Networks|Software Engineering|Machine Learning,0,1,0.7,1,0.9333,0
I need help understanding Data Science.,Data Science,MCA,Lecturer,Data Structures,0,1,0.55,15,0.0,0
Could you help me with the DBMS syllabus?,DBMS,MCA,Assistant Professor,Computer Networks|Java|Data Science,0,1,0.7,13,0.1333,0
I need guidance with my DBMS assignment.,DBMS,MCA,Associate Professor,Python,0,1,0.85,13,0.1333,0
Please clarify the Advanced DBMS topic related to my course.,Advanced DBMS,CSE,Assistant Professor,Advanced DBMS|Data Science|Computer Networks|Python|Web Development,1,1,0.7,9,0.4,1
Could you help me with the Deep Learning syllabus?,Deep Learning,MCA,Lecturer,Artificial Intelligence|DBMS,0,1,0.55,0,1.0,0
Could you help me with the Advanced Computer Networks syllabus?,Advanced Computer Networks,CSE,Associate Professor,Java|Advanced DBMS|Web Development,0,1,0.85,8,0.4667,0
I need help understanding Data Science.,Data Science,CSE,Lecturer,Data Science|Web Development|Software Engineering,1,1,0.55,3,0.8,0
I have a question about Artificial Intelligence.,Artificial Intelligence,MCA,Assistant Professor,Computer Networks|Operating Systems|Machine Learning,0,1,0.7,5,0.6667,1
Can you explain an issue related to Deep Learning?,Deep Learning,IT,Lecturer,Java,0,1,0.55,13,0.1333,1
I am facing difficulty in Algorithms and need clarification.,Algorithms,MCA,Professor,Cloud Computing|Machine Learning|Data Science|Deep Learning|Artificial Intelligence,0,1,1.0,6,0.6,1
Can you explain an issue related to Machine Learning?,Machine Learning,MCA,Professor,Machine Learning|Data Science|Deep Learning,1,1,1.0,15,0.0,1
Please clarify the Deep Learning topic related to my course.,Deep Learning,IT,Lecturer,Statistics,0,1,0.55,13,0.1333,1
I need guidance with my Cloud Computing assignment.,Cloud Computing,MCA,Assistant Professor,Machine Learning|Operating Systems|Data Structures|Java|Python,0,1,0.7,14,0.0667,0
I need help understanding Web Development.,Web Development,MCA,Professor,Computer Networks,0,0,1.0,10,0.3333,0
I am facing difficulty in Deep Learning and need clarification.,Deep Learning,MCA,Lecturer,Data Structures|Statistics,0,1,0.55,0,1.0,0
I am facing difficulty in Machine Learning and need clarification.,Machine Learning,IT,Associate Professor,Deep Learning|Software Engineering|Machine Learning|Computer Networks,1,1,0.85,3,0.8,1
Can you explain an issue related to DBMS?,DBMS,MCA,Associate Professor,Cloud Computing|Operating Systems|Advanced Computer Networks|Statistics|Data Structures,0,1,0.85,6,0.6,0
I am facing difficulty in Machine Learning and need clarification.,Machine Learning,CSE,Lecturer,Deep Learning|Data Science|Artificial Intelligence|Cloud Computing|DBMS,0,1,0.55,11,0.2667,0
Could you help me with the Data Structures syllabus?,Data Structures,MCA,Professor,Operating Systems|Java,0,1,1.0,4,0.7333,1
I have an academic query regarding Advanced DBMS.,Advanced DBMS,MCA,Professor,Machine Learning|Cloud Computing|Java|Python,0,1,1.0,11,0.2667,0
Please clarify the Cloud Computing topic related to my course.,Cloud Computing,IT,Lecturer,Cloud Computing,1,1,0.55,11,0.2667,1
I have an academic query regarding Advanced Computer Networks.,Advanced Computer Networks,IT,Assistant Professor,Artificial Intelligence|Python,0,1,0.7,3,0.8,0
I have a question about DBMS.,DBMS,CSE,Professor,Algorithms,0,0,1.0,6,0.6,0
I have an academic query regarding Data Structures.,Data Structures,CSE,Associate Professor,Computer Networks|Deep Learning|Java,0,1,0.85,7,0.5333,0
Please clarify the Java topic related to my course.,Java,IT,Professor,Data Science|Data Structures,0,1,1.0,3,0.8,0
I need guidance with my Data Science assignment.,Data Science,CSE,Associate Professor,DBMS,0,1,0.85,2,0.8667,0
Please clarify the Cloud Computing topic related to my course.,Cloud Computing,IT,Assistant Professor,Advanced Computer Networks|Data Structures|Python|Software Engineering,0,0,0.7,10,0.3333,0
Could you help me with the Artificial Intelligence syllabus?,Artificial Intelligence,MCA,Assistant Professor,Deep Learning,0,0,0.7,8,0.4667,0
Please clarify the Operating Systems topic related to my course.,Operating Systems,MCA,Lecturer,Software Engineering|Deep Learning|Advanced DBMS|Advanced Computer Networks|Algorithms,0,1,0.55,10,0.3333,0
I am facing difficulty in DBMS and need clarification.,DBMS,IT,Professor,Algorithms|Python|Cloud Computing|Machine Learning,0,1,1.0,11,0.2667,0
I am facing difficulty in Data Structures and need clarification.,Data Structures,MCA,Assistant Professor,Operating Systems|DBMS|Computer Networks,0,0,0.7,1,0.9333,0
I need guidance with my Advanced DBMS assignment.,Advanced DBMS,MCA,Lecturer,DBMS,0,1,0.55,9,0.4,0
I have a question about Operating Systems.,Operating Systems,CSE,Lecturer,DBMS|Machine Learning|Advanced DBMS|Algorithms,0,1,0.55,0,1.0,0
I have a question about Data Structures.,Data Structures,CSE,Professor,Cloud Computing|Operating Systems|Data Structures,1,1,1.0,7,0.5333,1
I have an academic query regarding Computer Networks.,Computer Networks,MCA,Lecturer,Java|Advanced Computer Networks|Operating Systems,0,1,0.55,5,0.6667,0
Could you help me with the Artificial Intelligence syllabus?,Artificial Intelligence,CSE,Assistant Professor,Advanced DBMS|Cloud Computing|Data Science|Artificial Intelligence,1,1,0.7,10,0.3333,1
I am facing difficulty in Data Structures and need clarification.,Data Structures,CSE,Associate Professor,Advanced DBMS|Java|Data Science|Advanced Computer Networks,0,1,0.85,8,0.4667,1
Can you explain an issue related to Cloud Computing?,Cloud Computing,IT,Associate Professor,Algorithms|Artificial Intelligence,0,0,0.85,6,0.6,0
I am facing difficulty in Cloud Computing and need clarification.,Cloud Computing,CSE,Lecturer,Web Development|DBMS,0,1,0.55,13,0.1333,0
I need guidance with my Machine Learning assignment.,Machine Learning,CSE,Professor,Data Structures|Cloud Computing|Java,0,1,1.0,5,0.6667,1
Could you help me with the Web Development syllabus?,Web Development,MCA,Assistant Professor,Web Development,1,1,0.7,4,0.7333,1
I have a question about Artificial Intelligence.,Artificial Intelligence,CSE,Lecturer,Operating Systems|Data Science|Advanced DBMS|Deep Learning,0,1,0.55,10,0.3333,0
I have a question about Algorithms.,Algorithms,IT,Lecturer,Python|Web Development|DBMS|Artificial Intelligence,0,1,0.55,2,0.8667,0
I need help understanding Advanced Computer Networks.,Advanced Computer Networks,IT,Assistant Professor,Advanced DBMS|Algorithms,0,1,0.7,12,0.2,0
Please clarify the Statistics topic related to my course.,Statistics,IT,Associate Professor,Machine Learning|Advanced DBMS,0,1,0.85,4,0.7333,0
I need help understanding Artificial Intelligence.,Artificial Intelligence,CSE,Assistant Professor,Software Engineering|Deep Learning|Advanced Computer Networks|Machine Learning,0,1,0.7,1,0.9333,0
I have a question about Web Development.,Web Development,MCA,Assistant Professor,Cloud Computing|Advanced Computer Networks|Data Science,0,1,0.7,3,0.8,0
I have an academic query regarding Computer Networks.,Computer Networks,IT,Associate Professor,Data Science|Advanced DBMS,0,1,0.85,0,1.0,1
I am facing difficulty in Advanced DBMS and need clarification.,Advanced DBMS,IT,Lecturer,Algorithms|Artificial Intelligence|Data Science,0,1,0.55,0,1.0,0
I have a question about Statistics.,Statistics,MCA,Associate Professor,Cloud Computing,0,0,0.85,14,0.0667,0
I am facing difficulty in Python and need clarification.,Python,IT,Professor,Java,0,1,1.0,6,0.6,1
Could you help me with the Advanced DBMS syllabus?,Advanced DBMS,CSE,Assistant Professor,Advanced Computer Networks|Deep Learning|Software Engineering|Cloud Computing,0,1,0.7,8,0.4667,0
I need guidance with my Advanced Computer Networks assignment.,Advanced Computer Networks,IT,Professor,Advanced Computer Networks|Machine Learning|Web Development|Computer Networks|Cloud Computing,1,0,1.0,8,0.4667,1
Please clarify the Python topic related to my course.,Python,MCA,Associate Professor,Advanced Computer Networks|DBMS|Data Structures|Web Development|Artificial Intelligence,0,0,0.85,15,0.0,0
Could you help me with the Advanced DBMS syllabus?,Advanced DBMS,IT,Professor,Advanced Computer Networks|Web Development|Python|Data Science,0,1,1.0,13,0.1333,1
Can you explain an issue related to Software Engineering?,Software Engineering,CSE,Lecturer,Advanced DBMS|Statistics|Software Engineering,1,1,0.55,9,0.4,1
I have a question about Algorithms.,Algorithms,CSE,Assistant Professor,Statistics,0,1,0.7,13,0.1333,0
Please clarify the Software Engineering topic related to my course.,Software Engineering,IT,Lecturer,Software Engineering|Data Science|Artificial Intelligence,1,1,0.55,0,1.0,1
Can you explain an issue related to Advanced DBMS?,Advanced DBMS,IT,Professor,Advanced DBMS|Artificial Intelligence,1,0,1.0,9,0.4,0
I have a question about Machine Learning.,Machine Learning,CSE,Assistant Professor,Machine Learning|Advanced Computer Networks|Artificial Intelligence|Statistics|Advanced DBMS,1,0,0.7,7,0.5333,1
I need guidance with my Advanced DBMS assignment.,Advanced DBMS,MCA,Assistant Professor,Machine Learning,0,1,0.7,11,0.2667,0
Could you help me with the Web Development syllabus?,Web Development,MCA,Professor,Advanced Computer Networks|Python|DBMS|Advanced DBMS|Cloud Computing,0,1,1.0,1,0.9333,1
Can you explain an issue related to Data Structures?,Data Structures,IT,Assistant Professor,Computer Networks|Advanced Computer Networks,0,1,0.7,5,0.6667,1
I have an academic query regarding Cloud Computing.,Cloud Computing,MCA,Lecturer,Data Science|Data Structures,0,1,0.55,7,0.5333,1
I need help understanding Operating Systems.,Operating Systems,MCA,Associate Professor,Machine Learning|Statistics|Cloud Computing|Advanced DBMS|Algorithms,0,1,0.85,10,0.3333,0
I need guidance with my Machine Learning assignment.,Machine Learning,MCA,Associate Professor,Algorithms|Cloud Computing,0,1,0.85,15,0.0,0
Can you explain an issue related to Operating Systems?,Operating Systems,MCA,Professor,Cloud Computing,0,1,1.0,8,0.4667,0
Can you explain an issue related to Statistics?,Statistics,CSE,Professor,DBMS|Advanced DBMS|Computer Networks|Advanced Computer Networks|Machine Learning,0,1,1.0,3,0.8,0
Please clarify the Cloud Computing topic related to my course.,Cloud Computing,MCA,Lecturer,Algorithms|Python|Artificial Intelligence,0,1,0.55,12,0.2,1
I need help understanding DBMS.,DBMS,IT,Professor,Software Engineering|Deep Learning|Advanced Computer Networks|Cloud Computing|Data Structures,0,1,1.0,0,1.0,0
Can you explain an issue related to Operating Systems?,Operating Systems,CSE,Associate Professor,Machine Learning|Computer Networks|Artificial Intelligence,0,1,0.85,2,0.8667,1
Please clarify the Python topic related to my course.,Python,CSE,Professor,Deep Learning|Operating Systems|Data Structures,0,1,1.0,4,0.7333,1
I need help understanding Java.,Java,MCA,Professor,Statistics|Algorithms|Data Structures|Java|Advanced Computer Networks,1,1,1.0,8,0.4667,1
I have an academic query regarding Web Development.,Web Development,IT,Assistant Professor,DBMS|Artificial Intelligence,0,1,0.7,7,0.5333,0
Could you help me with the Python syllabus?,Python,IT,Professor,Advanced DBMS|Data Science|DBMS|Cloud Computing|Operating Systems,0,1,1.0,1,0.9333,0
I am facing difficulty in Computer Networks and need clarification.,Computer Networks,MCA,Associate Professor,Software Engineering|Web Development,0,1,0.85,1,0.9333,1
Can you explain an issue related to Java?,Java,CSE,Assistant Professor,Data Structures,0,1,0.7,11,0.2667,0
I need help understanding Advanced DBMS.,Advanced DBMS,CSE,Lecturer,DBMS|Cloud Computing|Algorithms|Artificial Intelligence,0,1,0.55,8,0.4667,0
I need help understanding Advanced DBMS.,Advanced DBMS,CSE,Assistant Professor,Python|Web Development,0,1,0.7,12,0.2,1
Could you help me with the Advanced DBMS syllabus?,Advanced DBMS,MCA,Assistant Professor,Deep Learning,0,1,0.7,11,0.2667,0
I have a question about Advanced DBMS.,Advanced DBMS,CSE,Lecturer,Software Engineering|Computer Networks,0,1,0.55,8,0.4667,0
I have a question about Artificial Intelligence.,Artificial Intelligence,MCA,Associate Professor,Operating Systems|Artificial Intelligence,1,1,0.85,5,0.6667,1
I have a question about Software Engineering.,Software Engineering,CSE,Associate Professor,Machine Learning|DBMS|Computer Networks|Statistics,0,1,0.85,10,0.3333,0
Can you explain an issue related to Web Development?,Web Development,CSE,Associate Professor,Artificial Intelligence|Algorithms,0,0,0.85,1,0.9333,1
I have an academic query regarding Artificial Intelligence.,Artificial Intelligence,MCA,Professor,Advanced Computer Networks|Data Structures|Advanced DBMS|Cloud Computing|Deep Learning,0,1,1.0,5,0.6667,1
I need help understanding Statistics.,Statistics,MCA,Professor,Advanced Computer Networks|Cloud Computing|Software Engineering|Data Science|Web Development,0,1,1.0,0,1.0,0
I have a question about Statistics.,Statistics,CSE,Professor,Cloud Computing|Operating Systems|Computer Networks,0,1,1.0,13,0.1333,0
I need guidance with my Algorithms assignment.,Algorithms,CSE,Associate Professor,Java|Computer Networks|Web Development|Operating Systems,0,1,0.85,11,0.2667,1
Can you explain an issue related to Advanced Computer Networks?,Advanced Computer Networks,CSE,Associate Professor,Operating Systems|Software Engineering,0,1,0.85,13,0.1333,0
Could you help me with the Deep Learning syllabus?,Deep Learning,MCA,Associate Professor,Deep Learning|Data Science|Python|Cloud Computing,1,1,0.85,9,0.4,1
Can you explain an issue related to Java?,Java,MCA,Associate Professor,Cloud Computing,0,1,0.85,9,0.4,1
Can you explain an issue related to Statistics?,Statistics,MCA,Lecturer,Cloud Computing|Web Development|Advanced Computer Networks|Computer Networks,0,0,0.55,1,0.9333,0
I need guidance with my Operating Systems assignment.,Operating Systems,IT,Assistant Professor,Machine Learning|Operating Systems,1,0,0.7,2,0.8667,1
Can you explain an issue related to Deep Learning?,Deep Learning,IT,Lecturer,Artificial Intelligence,0,0,0.55,15,0.0,0
I have an academic query regarding Advanced DBMS.,Advanced DBMS,CSE,Associate Professor,Advanced DBMS,1,1,0.85,7,0.5333,1
Could you help me with the Operating Systems syllabus?,Operating Systems,MCA,Lecturer,Advanced Computer Networks|Operating Systems,1,1,0.55,10,0.3333,1
Could you help me with the Operating Systems syllabus?,Operating Systems,CSE,Professor,Web Development|Java,0,1,1.0,11,0.2667,0
I have a question about DBMS.,DBMS,CSE,Professor,Statistics|Advanced DBMS|Deep Learning,0,1,1.0,8,0.4667,1
I have an academic query regarding Data Science.,Data Science,IT,Assistant Professor,Data Structures|Python,0,1,0.7,10,0.3333,0
I have a question about Advanced DBMS.,Advanced DBMS,MCA,Lecturer,Advanced Computer Networks|Python|Cloud Computing,0,1,0.55,0,1.0,0
I have an academic query regarding Advanced Computer Networks.,Advanced Computer Networks,CSE,Professor,Software Engineering|Machine Learning|DBMS,0,1,1.0,13,0.1333,0
I am facing difficulty in Advanced Computer Networks and need clarification.,Advanced Computer Networks,CSE,Assistant Professor,Computer Networks|Statistics|Data Science,0,1,0.7,12,0.2,1
Please clarify the Web Development topic related to my course.,Web Development,CSE,Assistant Professor,Statistics|DBMS|Python|Computer Networks,0,1,0.7,12,0.2,0
I need help understanding Web Development.,Web Development,IT,Assistant Professor,Data Structures,0,1,0.7,1,0.9333,0
Could you help me with the Statistics syllabus?,Statistics,CSE,Associate Professor,Deep Learning|Data Science|Cloud Computing|Operating Systems|DBMS,0,1,0.85,14,0.0667,0
Can you explain an issue related to Data Science?,Data Science,CSE,Associate Professor,Software Engineering|Data Structures|Data Science,1,1,0.85,1,0.9333,1
I have a question about Statistics.,Statistics,CSE,Lecturer,Data Structures|Advanced Computer Networks|Deep Learning|Data Science|Computer Networks,0,1,0.55,14,0.0667,0
I have an academic query regarding Cloud Computing.,Cloud Computing,CSE,Professor,DBMS|Advanced DBMS|Web Development|Artificial Intelligence|Computer Networks,0,1,1.0,15,0.0,0
Can you explain an issue related to Artificial Intelligence?,Artificial Intelligence,IT,Professor,Statistics|Software Engineering|Advanced DBMS|Deep Learning|Operating Systems,0,1,1.0,1,0.9333,1
I need guidance with my Software Engineering assignment.,Software Engineering,MCA,Assistant Professor,Data Structures|Algorithms,0,0,0.7,0,1.0,0
Could you help me with the Python syllabus?,Python,MCA,Assistant Professor,DBMS|Data Structures|Software Engineering|Machine Learning|Web Development,0,1,0.7,8,0.4667,0
Could you help me with the Artificial Intelligence syllabus?,Artificial Intelligence,IT,Lecturer,Data Science|Software Engineering|Computer Networks|Deep Learning,0,1,0.55,1,0.9333,0
I need help understanding Advanced DBMS.,Advanced DBMS,IT,Professor,Computer Networks|Advanced DBMS|Cloud Computing|Software Engineering,1,1,1.0,2,0.8667,1
I have a question about Algorithms.,Algorithms,MCA,Associate Professor,Python|Computer Networks|Cloud Computing|Statistics,0,1,0.85,2,0.8667,0
Can you explain an issue related to Software Engineering?,Software Engineering,CSE,Assistant Professor,Cloud Computing|Java,0,1,0.7,6,0.6,0
Could you help me with the Artificial Intelligence syllabus?,Artificial Intelligence,IT,Associate Professor,Java|Data Science|Machine Learning,0,1,0.85,13,0.1333,0
I have an academic query regarding Advanced DBMS.,Advanced DBMS,MCA,Assistant Professor,Statistics|Computer Networks|Data Science|Advanced DBMS|DBMS,1,0,0.7,5,0.6667,0
Please clarify the Advanced Computer Networks topic related to my course.,Advanced Computer Networks,IT,Assistant Professor,Machine Learning|DBMS,0,1,0.7,2,0.8667,0
I have a question about Software Engineering.,Software Engineering,CSE,Professor,Cloud Computing|Operating Systems|Python|Deep Learning,0,1,1.0,10,0.3333,0
I have a question about Deep Learning.,Deep Learning,CSE,Assistant Professor,DBMS|Artificial Intelligence|Advanced DBMS|Data Science|Deep Learning,1,0,0.7,1,0.9333,1
I have a question about DBMS.,DBMS,CSE,Assistant Professor,Statistics,0,0,0.7,6,0.6,1
I have an academic query regarding Data Structures.,Data Structures,IT,Professor,Advanced DBMS|Cloud Computing|Artificial Intelligence|Operating Systems,0,1,1.0,13,0.1333,0
I need help understanding Java.,Java,IT,Assistant Professor,Data Science,0,1,0.7,10,0.3333,0
Please clarify the Statistics topic related to my course.,Statistics,IT,Assistant Professor,Artificial Intelligence,0,1,0.7,0,1.0,0
Can you explain an issue related to Cloud Computing?,Cloud Computing,MCA,Associate Professor,Cloud Computing|Data Structures|Artificial Intelligence|Data Science,1,1,0.85,4,0.7333,1
Can you explain an issue related to Deep Learning?,Deep Learning,CSE,Professor,Software Engineering|Computer Networks,0,1,1.0,8,0.4667,1
Please clarify the Python topic related to my course.,Python,IT,Lecturer,Operating Systems|Python,1,0,0.55,15,0.0,0
I have a question about Advanced DBMS.,Advanced DBMS,MCA,Assistant Professor,Java|Advanced DBMS,1,1,0.7,11,0.2667,1
Could you help me with the Artificial Intelligence syllabus?,Artificial Intelligence,MCA,Associate Professor,Web Development|Advanced Computer Networks|Data Science|Artificial Intelligence,1,1,0.85,8,0.4667,1
I have an academic query regarding Machine Learning.,Machine Learning,MCA,Lecturer,Data Science|DBMS|Statistics|Cloud Computing,0,1,0.55,12,0.2,0
I am facing difficulty in Machine Learning and need clarification.,Machine Learning,CSE,Assistant Professor,Software Engineering|Operating Systems,0,1,0.7,2,0.8667,0
I am facing difficulty in Web Development and need clarification.,Web Development,CSE,Professor,Cloud Computing|Operating Systems,0,0,1.0,4,0.7333,1
I have a question about Algorithms.,Algorithms,MCA,Assistant Professor,Cloud Computing|Software Engineering|Artificial Intelligence,0,0,0.7,4,0.7333,0
I am facing difficulty in Cloud Computing and need clarification.,Cloud Computing,CSE,Lecturer,Data Structures|Software Engineering|DBMS|Java|Machine Learning,0,1,0.55,9,0.4,0
I need help understanding Advanced DBMS.,Advanced DBMS,MCA,Professor,Advanced DBMS|Cloud Computing|Artificial Intelligence,1,1,1.0,13,0.1333,1
I need guidance with my Data Science assignment.,Data Science,CSE,Lecturer,Artificial Intelligence|Statistics|Algorithms|Java,0,1,0.55,5,0.6667,1
I am facing difficulty in Cloud Computing and need clarification.,Cloud Computing,IT,Associate Professor,Advanced Computer Networks|Computer Networks|Advanced DBMS|Cloud Computing|Operating Systems,1,1,0.85,12,0.2,1
I have a question about Algorithms.,Algorithms,CSE,Associate Professor,Software Engineering|Data Science|DBMS,0,1,0.85,8,0.4667,0
Please clarify the Data Structures topic related to my course.,Data Structures,CSE,Associate Professor,Python,0,1,0.85,6,0.6,0
I have a question about DBMS.,DBMS,MCA,Lecturer,Data Science,0,1,0.55,2,0.8667,1
Please clarify the Statistics topic related to my course.,Statistics,CSE,Associate Professor,Artificial Intelligence|Java|Web Development|Python|Software Engineering,0,1,0.85,1,0.9333,0
I am facing difficulty in Computer Networks and need clarification.,Computer Networks,CSE,Professor,Computer Networks,1,1,1.0,15,0.0,1
I have a question about DBMS.,DBMS,MCA,Lecturer,Cloud Computing|Java|Artificial Intelligence,0,1,0.55,4,0.7333,1
I have a question about Python.,Python,IT,Associate Professor,Data Structures,0,1,0.85,10,0.3333,0
I need guidance with my Algorithms assignment.,Algorithms,CSE,Lecturer,Deep Learning|Operating Systems|Algorithms|Java|Computer Networks,1,1,0.55,1,0.9333,1
I have a question about Cloud Computing.,Cloud Computing,IT,Associate Professor,Artificial Intelligence,0,1,0.85,11,0.2667,1
I have an academic query regarding Statistics.,Statistics,IT,Lecturer,Deep Learning|Software Engineering|Java|Advanced DBMS,0,0,0.55,4,0.7333,0
Please clarify the Data Science topic related to my course.,Data Science,CSE,Associate Professor,Algorithms|Operating Systems|Machine Learning,0,1,0.85,10,0.3333,1
Please clarify the Computer Networks topic related to my course.,Computer Networks,CSE,Assistant Professor,Deep Learning|Data Science|Algorithms|Advanced Computer Networks,0,1,0.7,6,0.6,0
I need help understanding Algorithms.,Algorithms,CSE,Professor,Software Engineering|Artificial Intelligence,0,1,1.0,5,0.6667,0
I have an academic query regarding Python.,Python,IT,Professor,Computer Networks|Algorithms|Deep Learning|Statistics|Advanced Computer Networks,0,1,1.0,9,0.4,0
Could you help me with the Java syllabus?,Java,CSE,Lecturer,Data Science|Operating Systems|Advanced Computer Networks,0,1,0.55,14,0.0667,0
Please clarify the DBMS topic related to my course.,DBMS,MCA,Assistant Professor,Data Science,0,1,0.7,15,0.0,0
I need guidance with my Artificial Intelligence assignment.,Artificial Intelligence,CSE,Professor,Web Development|Artificial Intelligence|Advanced Computer Networks|Data Structures|Deep Learning,1,0,1.0,5,0.6667,0
I need guidance with my Artificial Intelligence assignment.,Artificial Intelligence,CSE,Assistant Professor,Computer Networks|Operating Systems|Data Science|Java,0,1,0.7,11,0.2667,0
Could you help me with the Web Development syllabus?,Web Development,IT,Professor,Python,0,0,1.0,14,0.0667,0
Can you explain an issue related to Web Development?,Web Development,MCA,Professor,Machine Learning|Algorithms|Software Engineering|Advanced Computer Networks,0,1,1.0,9,0.4,1
Can you explain an issue related to Data Science?,Data Science,IT,Assistant Professor,Java|Deep Learning|Operating Systems,0,1,0.7,0,1.0,0
I need guidance with my DBMS assignment.,DBMS,MCA,Professor,Data Science|Computer Networks|Java|Algorithms|Software Engineering,0,1,1.0,1,0.9333,1
I need guidance with my Cloud Computing assignment.,Cloud Computing,IT,Assistant Professor,Statistics,0,1,0.7,0,1.0,1
Can you explain an issue related to Advanced DBMS?,Advanced DBMS,IT,Assistant Professor,Cloud Computing,0,1,0.7,13,0.1333,0
I am facing difficulty in Computer Networks and need clarification.,Computer Networks,IT,Associate Professor,Software Engineering|DBMS|Deep Learning,0,1,0.85,6,0.6,0
I have a question about Java.,Java,CSE,Professor,Data Structures|Machine Learning|Cloud Computing|Statistics|Computer Networks,0,1,1.0,15,0.0,0
Could you help me with the Advanced DBMS syllabus?,Advanced DBMS,MCA,Professor,Artificial Intelligence|Java|Software Engineering|Deep Learning|Machine Learning,0,1,1.0,4,0.7333,0
Please clarify the Deep Learning topic related to my course.,Deep Learning,MCA,Assistant Professor,Operating Systems|Python|Data Structures|Data Science|Advanced DBMS,0,1,0.7,12,0.2,1
I need guidance with my Deep Learning assignment.,Deep Learning,IT,Lecturer,Java,0,0,0.55,5,0.6667,0
I have an academic query regarding Advanced Computer Networks.,Advanced Computer Networks,IT,Lecturer,Algorithms,0,1,0.55,8,0.4667,0
I need guidance with my Java assignment.,Java,CSE,Professor,DBMS|Computer Networks|Machine Learning|Advanced Computer Networks|Cloud Computing,0,1,1.0,12,0.2,0
Could you help me with the Advanced Computer Networks syllabus?,Advanced Computer Networks,IT,Assistant Professor,Algorithms|Cloud Computing|Computer Networks|Artificial Intelligence,0,0,0.7,5,0.6667,0
I have an academic query regarding Data Science.,Data Science,CSE,Associate Professor,DBMS,0,1,0.85,2,0.8667,0
I have a question about Data Science.,Data Science,MCA,Assistant Professor,Statistics|Data Science|Deep Learning|Computer Networks,1,1,0.7,1,0.9333,1
Please clarify the Cloud Computing topic related to my course.,Cloud Computing,MCA,Professor,Cloud Computing|Advanced Computer Networks|Computer Networks|Software Engineering,1,1,1.0,1,0.9333,1
I have a question about Software Engineering.,Software Engineering,CSE,Professor,Deep Learning|Data Science|Software Engineering|Data Structures|Java,1,1,1.0,3,0.8,0
Can you explain an issue related to Advanced Computer Networks?,Advanced Computer Networks,IT,Professor,Web Development|DBMS,0,1,1.0,8,0.4667,0
I have a question about Statistics.,Statistics,CSE,Lecturer,Web Development|Advanced Computer Networks|Software Engineering|Machine Learning|Java,0,1,0.55,5,0.6667,0
I am facing difficulty in Machine Learning and need clarification.,Machine Learning,IT,Lecturer,DBMS,0,0,0.55,14,0.0667,0
I need guidance with my Java assignment.,Java,IT,Assistant Professor,Operating Systems|DBMS|Data Science,0,1,0.7,9,0.4,0
Could you help me with the Advanced Computer Networks syllabus?,Advanced Computer Networks,IT,Professor,Data Science,0,1,1.0,3,0.8,0
I need help understanding Web Development.,Web Development,IT,Assistant Professor,Computer Networks|Java|Statistics|Software Engineering|DBMS,0,1,0.7,12,0.2,0
Could you help me with the Advanced DBMS syllabus?,Advanced DBMS,IT,Assistant Professor,Deep Learning|Algorithms,0,1,0.7,1,0.9333,1
I have a question about Cloud Computing.,Cloud Computing,MCA,Associate Professor,Deep Learning|Software Engineering|Algorithms|Artificial Intelligence,0,1,0.85,13,0.1333,1
I need guidance with my Java assignment.,Java,CSE,Associate Professor,Cloud Computing|Data Science|Artificial Intelligence|Deep Learning,0,1,0.85,2,0.8667,1
Please clarify the Data Science topic related to my course.,Data Science,MCA,Assistant Professor,Data Science|Artificial Intelligence,1,1,0.7,2,0.8667,1
I have an academic query regarding Python.,Python,CSE,Professor,Data Structures|Statistics|Java,0,1,1.0,4,0.7333,1
I need guidance with my Artificial Intelligence assignment.,Artificial Intelligence,MCA,Associate Professor,Python|Java|Advanced Computer Networks|Algorithms|DBMS,0,1,0.85,12,0.2,0
Could you help me with the Computer Networks syllabus?,Computer Networks,MCA,Assistant Professor,Machine Learning|Python|Web Development|Advanced Computer Networks,0,1,0.7,2,0.8667,0
I need guidance with my Software Engineering assignment.,Software Engineering,IT,Assistant Professor,Computer Networks|Software Engineering|Advanced DBMS|Data Structures,1,0,0.7,7,0.5333,1
I am facing difficulty in Algorithms and need clarification.,Algorithms,CSE,Lecturer,Data Science|Web Development|Python|Advanced Computer Networks,0,1,0.55,5,0.6667,0
I need guidance with my Algorithms assignment.,Algorithms,IT,Professor,Operating Systems|Advanced Computer Networks|Software Engineering|Data Science|Cloud Computing,0,1,1.0,5,0.6667,1
I need help understanding Software Engineering.,Software Engineering,CSE,Associate Professor,Computer Networks|DBMS,0,1,0.85,15,0.0,1
I need help understanding Computer Networks.,Computer Networks,IT,Lecturer,Operating Systems|Machine Learning|Artificial Intelligence,0,0,0.55,4,0.7333,0
I need guidance with my Cloud Computing assignment.,Cloud Computing,CSE,Lecturer,Advanced DBMS|Operating Systems|Artificial Intelligence|Advanced Computer Networks|Software Engineering,0,0,0.55,5,0.6667,0
I have a question about DBMS.,DBMS,MCA,Associate Professor,Advanced DBMS|Data Science,0,1,0.85,8,0.4667,0
I am facing difficulty in Artificial Intelligence and need clarification.,Artificial Intelligence,CSE,Associate Professor,Advanced DBMS|Operating Systems,0,1,0.85,6,0.6,0
I need guidance with my Artificial Intelligence assignment.,Artificial Intelligence,IT,Associate Professor,Data Science|Algorithms|Advanced DBMS|Software Engineering|Statistics,0,0,0.85,10,0.3333,0
Can you explain an issue related to DBMS?,DBMS,CSE,Professor,Python|Software Engineering|Java|Web Development,0,1,1.0,2,0.8667,1
I need help understanding Deep Learning.,Deep Learning,MCA,Professor,Java|Advanced Computer Networks|Deep Learning|Python,1,1,1.0,13,0.1333,0
Could you help me with the DBMS syllabus?,DBMS,CSE,Lecturer,Statistics|Computer Networks|Deep Learning|Machine Learning,0,1,0.55,1,0.9333,0
Could you help me with the Java syllabus?,Java,IT,Lecturer,Statistics,0,1,0.55,11,0.2667,1
I have a question about Machine Learning.,Machine Learning,CSE,Assistant Professor,Data Structures|Java,0,1,0.7,9,0.4,1
Could you help me with the Algorithms syllabus?,Algorithms,IT,Assistant Professor,DBMS,0,0,0.7,8,0.4667,1
Could you help me with the Algorithms syllabus?,Algorithms,CSE,Associate Professor,Statistics|Software Engineering|Artificial Intelligence|Advanced DBMS,0,1,0.85,0,1.0,0
Could you help me with the Advanced DBMS syllabus?,Advanced DBMS,MCA,Professor,Cloud Computing|Computer Networks,0,1,1.0,11,0.2667,0
Can you explain an issue related to Operating Systems?,Operating Systems,CSE,Professor,Statistics|Operating Systems|Advanced DBMS,1,1,1.0,6,0.6,1
I have a question about Algorithms.,Algorithms,IT,Assistant Professor,Artificial Intelligence|Operating Systems|Java|Web Development|Algorithms,1,1,0.7,10,0.3333,1
Can you explain an issue related to Java?,Java,IT,Associate Professor,Software Engineering|Data Structures,0,1,0.85,4,0.7333,1
Please clarify the Operating Systems topic related to my course.,Operating Systems,CSE,Professor,Deep Learning|Advanced DBMS,0,1,1.0,2,0.8667,0
Could you help me with the Python syllabus?,Python,IT,Assistant Professor,Python|Advanced Computer Networks|DBMS|Data Science|Software Engineering,1,1,0.7,5,0.6667,1
I am facing difficulty in Advanced DBMS and need clarification.,Advanced DBMS,MCA,Associate Professor,Data Structures|Java|Advanced Computer Networks|DBMS|Artificial Intelligence,0,0,0.85,5,0.6667,0
I need help understanding Data Structures.,Data Structures,IT,Lecturer,Data Structures,1,1,0.55,4,0.7333,1
I have a question about Computer Networks.,Computer Networks,CSE,Lecturer,Python,0,1,0.55,9,0.4,1
I have an academic query regarding Cloud Computing.,Cloud Computing,IT,Professor,Operating Systems|Web Development,0,1,1.0,14,0.0667,0
Can you explain an issue related to Cloud Computing?,Cloud Computing,MCA,Assistant Professor,Software Engineering|Statistics|Java|DBMS|Algorithms,0,1,0.7,12,0.2,1
I have a question about Data Science.,Data Science,IT,Lecturer,Computer Networks|Cloud Computing,0,1,0.55,1,0.9333,0
I am facing difficulty in DBMS and need clarification.,DBMS,CSE,Professor,Cloud Computing|DBMS|Data Science|Machine Learning,1,1,1.0,11,0.2667,1
I need guidance with my Data Structures assignment.,Data Structures,CSE,Assistant Professor,Algorithms|Cloud Computing|Advanced DBMS,0,1,0.7,11,0.2667,0
Could you help me with the Deep Learning syllabus?,Deep Learning,MCA,Assistant Professor,Software Engineering|Operating Systems|Data Science|Statistics,0,1,0.7,14,0.0667,0
I need guidance with my Data Structures assignment.,Data Structures,MCA,Assistant Professor,Web Development,0,1,0.7,12,0.2,0
I have a question about Deep Learning.,Deep Learning,MCA,Associate Professor,Java|Operating Systems|Machine Learning,0,1,0.85,15,0.0,0
I have a question about DBMS.,DBMS,MCA,Associate Professor,Software Engineering|Data Structures|Data Science|Operating Systems|Cloud Computing,0,1,0.85,10,0.3333,0
I have an academic query regarding Artificial Intelligence.,Artificial Intelligence,CSE,Professor,Software Engineering|Computer Networks,0,1,1.0,9,0.4,0
Can you explain an issue related to DBMS?,DBMS,MCA,Lecturer,Advanced DBMS,0,1,0.55,10,0.3333,0
Could you help me with the Data Science syllabus?,Data Science,IT,Assistant Professor,Computer Networks,0,1,0.7,0,1.0,0
Please clarify the Artificial Intelligence topic related to my course.,Artificial Intelligence,IT,Lecturer,Algorithms|Data Structures|Artificial Intelligence|Software Engineering|DBMS,1,1,0.55,4,0.7333,1
Could you help me with the Computer Networks syllabus?,Computer Networks,CSE,Lecturer,Operating Systems|Data Science|DBMS|Advanced DBMS|Algorithms,0,1,0.55,11,0.2667,0
I have a question about Algorithms.,Algorithms,CSE,Professor,Python|Algorithms|Data Structures|Statistics|Deep Learning,1,1,1.0,0,1.0,1
I have a question about DBMS.,DBMS,IT,Lecturer,Advanced DBMS,0,1,0.55,8,0.4667,1
I have an academic query regarding Advanced Computer Networks.,Advanced Computer Networks,MCA,Assistant Professor,DBMS|Python|Operating Systems|Data Structures|Java,0,0,0.7,0,1.0,0
Could you help me with the DBMS syllabus?,DBMS,MCA,Associate Professor,Statistics,0,1,0.85,15,0.0,0
I need help understanding Statistics.,Statistics,CSE,Assistant Professor,Java,0,1,0.7,13,0.1333,0
I need help understanding Computer Networks.,Computer Networks,MCA,Associate Professor,Python|Cloud Computing|Web Development|Operating Systems|Algorithms,0,0,0.85,3,0.8,0
Could you help me with the Advanced Computer Networks syllabus?,Advanced Computer Networks,IT,Associate Professor,Software Engineering|Data Science,0,1,0.85,11,0.2667,0
I have a question about Operating Systems.,Operating Systems,MCA,Lecturer,Algorithms|Java|Statistics|Operating Systems,1,1,0.55,14,0.0667,1
I need help understanding Cloud Computing.,Cloud Computing,CSE,Associate Professor,Computer Networks|Artificial Intelligence|Advanced DBMS|Machine Learning|Cloud Computing,1,1,0.85,2,0.8667,1
I need help understanding Java.,Java,MCA,Lecturer,Python|Java|Computer Networks,1,1,0.55,0,1.0,1
I need help understanding Advanced Computer Networks.,Advanced Computer Networks,MCA,Lecturer,Advanced Computer Networks|Algorithms,1,1,0.55,0,1.0,0
I am facing difficulty in Advanced Computer Networks and need clarification.,Advanced Computer Networks,CSE,Professor,Software Engineering,0,1,1.0,8,0.4667,0
I need guidance with my Machine Learning assignment.,Machine Learning,IT,Assistant Professor,Statistics|Python|Web Development|DBMS,0,1,0.7,14,0.0667,0
I need guidance with my Python assignment.,Python,MCA,Professor,Machine Learning|Statistics|Web Development|Deep Learning|Advanced Computer Networks,0,1,1.0,11,0.2667,0
Can you explain an issue related to Algorithms?,Algorithms,IT,Professor,Java|Web Development|Operating Systems|Data Structures|Cloud Computing,0,1,1.0,12,0.2,1
I need help understanding Data Structures.,Data Structures,CSE,Lecturer,Computer Networks|Data Science|Software Engineering|Artificial Intelligence,0,0,0.55,15,0.0,0
I need guidance with my Advanced Computer Networks assignment.,Advanced Computer Networks,IT,Lecturer,Advanced DBMS,0,1,0.55,0,1.0,0
I need help understanding Artificial Intelligence.,Artificial Intelligence,IT,Professor,Data Structures|Cloud Computing,0,0,1.0,3,0.8,0
I have a question about Data Science.,Data Science,IT,Lecturer,Cloud Computing,0,1,0.55,1,0.9333,0
Can you explain an issue related to Statistics?,Statistics,IT,Associate Professor,Algorithms|DBMS,0,1,0.85,4,0.7333,0
I need guidance with my Advanced Computer Networks assignment.,Advanced Computer Networks,CSE,Lecturer,Statistics|Machine Learning|Deep Learning,0,1,0.55,1,0.9333,0
Please clarify the Statistics topic related to my course.,Statistics,IT,Lecturer,Advanced Computer Networks|Computer Networks|Advanced DBMS|Statistics|Web Development,1,1,0.55,15,0.0,1
I need guidance with my Advanced DBMS assignment.,Advanced DBMS,IT,Associate Professor,Python,0,1,0.85,1,0.9333,0
I have an academic query regarding Statistics.,Statistics,IT,Professor,DBMS|Artificial Intelligence|Operating Systems,0,1,1.0,7,0.5333,0
I am facing difficulty in Operating Systems and need clarification.,Operating Systems,MCA,Assistant Professor,Data Structures|Computer Networks|Machine Learning,0,0,0.7,9,0.4,1
I am facing difficulty in Machine Learning and need clarification.,Machine Learning,IT,Professor,Advanced Computer Networks|Python,0,0,1.0,6,0.6,0
I have a question about Deep Learning.,Deep Learning,CSE,Lecturer,Artificial Intelligence|Machine Learning|Java|Python|Advanced Computer Networks,0,0,0.55,14,0.0667,0
I have an academic query regarding DBMS.,DBMS,MCA,Assistant Professor,Web Development|Software Engineering|Operating Systems,0,1,0.7,13,0.1333,0
I am facing difficulty in Data Science and need clarification.,Data Science,MCA,Lecturer,Java|Data Science|Machine Learning|Computer Networks,1,1,0.55,4,0.7333,1
I need help understanding Computer Networks.,Computer Networks,CSE,Associate Professor,Web Development,0,1,0.85,15,0.0,0
I need help understanding DBMS.,DBMS,IT,Lecturer,Deep Learning|Cloud Computing,0,0,0.55,6,0.6,0
I need guidance with my Artificial Intelligence assignment.,Artificial Intelligence,CSE,Assistant Professor,Advanced DBMS|Advanced Computer Networks|Deep Learning,0,1,0.7,2,0.8667,0
I have an academic query regarding Artificial Intelligence.,Artificial Intelligence,IT,Assistant Professor,Advanced Computer Networks|Software Engineering|Cloud Computing,0,1,0.7,14,0.0667,0
Please clarify the Java topic related to my course.,Java,CSE,Lecturer,Cloud Computing|Advanced DBMS|Web Development,0,1,0.55,11,0.2667,0
Please clarify the Algorithms topic related to my course.,Algorithms,CSE,Professor,Artificial Intelligence|Statistics|Data Science|Advanced DBMS,0,1,1.0,5,0.6667,0
I am facing difficulty in Data Structures and need clarification.,Data Structures,IT,Professor,Artificial Intelligence|Java|Statistics|Machine Learning,0,1,1.0,9,0.4,0
I need help understanding Cloud Computing.,Cloud Computing,IT,Professor,Operating Systems|Computer Networks|Web Development|Advanced Computer Networks|Cloud Computing,1,1,1.0,0,1.0,1
I need guidance with my DBMS assignment.,DBMS,IT,Lecturer,Advanced Computer Networks|Computer Networks|Cloud Computing,0,0,0.55,4,0.7333,0
Could you help me with the Data Science syllabus?,Data Science,IT,Lecturer,Deep Learning|Computer Networks,0,1,0.55,14,0.0667,0
Can you explain an issue related to Software Engineering?,Software Engineering,CSE,Lecturer,Data Science,0,1,0.55,10,0.3333,0
I have a question about Operating Systems.,Operating Systems,MCA,Professor,DBMS|Data Structures,0,1,1.0,7,0.5333,1
I am facing difficulty in Artificial Intelligence and need clarification.,Artificial Intelligence,MCA,Lecturer,Advanced Computer Networks|Software Engineering|Data Structures|Advanced DBMS,0,1,0.55,0,1.0,1
Can you explain an issue related to Artificial Intelligence?,Artificial Intelligence,CSE,Associate Professor,Operating Systems|Cloud Computing|Machine Learning,0,1,0.85,0,1.0,0
Could you help me with the Advanced Computer Networks syllabus?,Advanced Computer Networks,CSE,Professor,Java|Cloud Computing|Statistics|Advanced DBMS,0,1,1.0,9,0.4,1
I need guidance with my Machine Learning assignment.,Machine Learning,MCA,Lecturer,Algorithms|DBMS,0,1,0.55,2,0.8667,0
I have an academic query regarding Cloud Computing.,Cloud Computing,IT,Assistant Professor,Advanced DBMS|Data Structures|Advanced Computer Networks,0,1,0.7,12,0.2,0
I need help understanding Artificial Intelligence.,Artificial Intelligence,CSE,Professor,Computer Networks,0,0,1.0,10,0.3333,1
Could you help me with the Python syllabus?,Python,CSE,Professor,Operating Systems|Java,0,0,1.0,8,0.4667,0
I need guidance with my Algorithms assignment.,Algorithms,MCA,Associate Professor,Advanced Computer Networks|Data Science|DBMS|Data Structures|Cloud Computing,0,1,0.85,7,0.5333,1
Please clarify the Operating Systems topic related to my course.,Operating Systems,CSE,Professor,Algorithms|Java|Data Structures,0,0,1.0,4,0.7333,0
I have a question about Operating Systems.,Operating Systems,IT,Lecturer,Data Structures|Statistics|Java|Software Engineering|Advanced DBMS,0,1,0.55,4,0.7333,0
Can you explain an issue related to Java?,Java,MCA,Assistant Professor,Advanced Computer Networks|Statistics|Data Structures,0,1,0.7,13,0.1333,1
Can you explain an issue related to Machine Learning?,Machine Learning,IT,Assistant Professor,Machine Learning|Data Structures|Algorithms|Web Development|Software Engineering,1,1,0.7,7,0.5333,1
I need help understanding Artificial Intelligence.,Artificial Intelligence,CSE,Professor,Operating Systems,0,1,1.0,15,0.0,0
I need help understanding Deep Learning.,Deep Learning,MCA,Lecturer,Artificial Intelligence|Statistics|Machine Learning|Data Science|Java,0,1,0.55,10,0.3333,0
Please clarify the Python topic related to my course.,Python,CSE,Professor,Data Science|DBMS|Software Engineering|Computer Networks,0,0,1.0,6,0.6,0
I need help understanding Web Development.,Web Development,CSE,Associate Professor,Data Science|Cloud Computing,0,1,0.85,5,0.6667,1
Please clarify the Data Structures topic related to my course.,Data Structures,CSE,Assistant Professor,Data Science|Python|Statistics,0,0,0.7,5,0.6667,0
Please clarify the Deep Learning topic related to my course.,Deep Learning,CSE,Associate Professor,Cloud Computing,0,1,0.85,1,0.9333,1
Can you explain an issue related to Operating Systems?,Operating Systems,CSE,Associate Professor,Deep Learning,0,0,0.85,12,0.2,0
Can you explain an issue related to Computer Networks?,Computer Networks,IT,Associate Professor,DBMS|Data Structures,0,1,0.85,1,0.9333,0
I have a question about DBMS.,DBMS,MCA,Associate Professor,Web Development,0,1,0.85,0,1.0,1
I need help understanding Artificial Intelligence.,Artificial Intelligence,MCA,Associate Professor,Java|Computer Networks|Deep Learning,0,1,0.85,6,0.6,1
Could you help me with the Web Development syllabus?,Web Development,MCA,Lecturer,Computer Networks,0,1,0.55,8,0.4667,0
I have an academic query regarding Java.,Java,CSE,Associate Professor,Java|Advanced DBMS,1,1,0.85,9,0.4,1
I have a question about Statistics.,Statistics,CSE,Professor,Operating Systems|Software Engineering,0,1,1.0,8,0.4667,1
I am facing difficulty in Web Development and need clarification.,Web Development,MCA,Lecturer,Algorithms|Advanced Computer Networks|DBMS|Python,0,1,0.55,11,0.2667,1
Could you help me with the Advanced Computer Networks syllabus?,Advanced Computer Networks,CSE,Lecturer,Python,0,1,0.55,12,0.2,0
I have a question about Web Development.,Web Development,CSE,Professor,Algorithms|Cloud Computing|Artificial Intelligence,0,1,1.0,7,0.5333,0
Could you help me with the Software Engineering syllabus?,Software Engineering,CSE,Assistant Professor,Operating Systems,0,1,0.7,11,0.2667,1
Could you help me with the Web Development syllabus?,Web Development,MCA,Assistant Professor,Operating Systems|Cloud Computing|Computer Networks|Web Development,1,1,0.7,7,0.5333,1
I need help understanding DBMS.,DBMS,IT,Assistant Professor,DBMS|Java,1,1,0.7,12,0.2,1
Can you explain an issue related to Java?,Java,MCA,Assistant Professor,Artificial Intelligence|Advanced DBMS|Python|Advanced Computer Networks,0,0,0.7,13,0.1333,0
I have a question about Python.,Python,CSE,Associate Professor,Software Engineering|Python|Operating Systems,1,1,0.85,7,0.5333,1
I need guidance with my Software Engineering assignment.,Software Engineering,MCA,Lecturer,DBMS|Java|Algorithms|Advanced Computer Networks|Statistics,0,1,0.55,2,0.8667,0
Please clarify the Advanced Computer Networks topic related to my course.,Advanced Computer Networks,IT,Professor,Cloud Computing,0,0,1.0,6,0.6,0
I have a question about Data Science.,Data Science,MCA,Professor,Computer Networks|Algorithms|Artificial Intelligence|Data Structures,0,1,1.0,5,0.6667,0
Please clarify the Deep Learning topic related to my course.,Deep Learning,CSE,Lecturer,Data Science|DBMS|Computer Networks|Web Development,0,1,0.55,6,0.6,1
I need help understanding Java.,Java,CSE,Associate Professor,Java|Statistics|Computer Networks|Artificial Intelligence|Advanced DBMS,1,1,0.85,4,0.7333,1
I have an academic query regarding Cloud Computing.,Cloud Computing,IT,Assistant Professor,Cloud Computing|Computer Networks|Statistics,1,1,0.7,3,0.8,1
I am facing difficulty in Data Science and need clarification.,Data Science,MCA,Lecturer,Operating Systems|Artificial Intelligence|Python|Machine Learning|Algorithms,0,1,0.55,12,0.2,0
Please clarify the Artificial Intelligence topic related to my course.,Artificial Intelligence,IT,Lecturer,Data Science|Software Engineering|Python|Operating Systems,0,1,0.55,10,0.3333,1
Can you explain an issue related to Machine Learning?,Machine Learning,MCA,Lecturer,Advanced DBMS,0,1,0.55,0,1.0,1
Can you explain an issue related to Operating Systems?,Operating Systems,IT,Professor,Computer Networks,0,1,1.0,8,0.4667,0
I have an academic query regarding Algorithms.,Algorithms,IT,Lecturer,Computer Networks|Operating Systems|Algorithms|Cloud Computing,1,1,0.55,1,0.9333,1
I have an academic query regarding Artificial Intelligence.,Artificial Intelligence,IT,Professor,Software Engineering,0,1,1.0,6,0.6,1
I have a question about Artificial Intelligence.,Artificial Intelligence,MCA,Lecturer,Java,0,1,0.55,2,0.8667,0
Please clarify the Java topic related to my course.,Java,IT,Associate Professor,DBMS,0,1,0.85,13,0.1333,0
Can you explain an issue related to Cloud Computing?,Cloud Computing,IT,Professor,Machine Learning,0,1,1.0,4,0.7333,1
I have a question about Operating Systems.,Operating Systems,IT,Assistant Professor,Operating Systems|DBMS|Data Science,1,1,0.7,6,0.6,1
I am facing difficulty in Algorithms and need clarification.,Algorithms,IT,Professor,Deep Learning|Computer Networks|Statistics|Operating Systems,0,1,1.0,2,0.8667,1
I have an academic query regarding Deep Learning.,Deep Learning,IT,Professor,Deep Learning|Computer Networks|Statistics|Artificial Intelligence,1,1,1.0,3,0.8,1
Please clarify the Data Science topic related to my course.,Data Science,MCA,Assistant Professor,Data Science|Advanced DBMS|Statistics|Operating Systems,1,1,0.7,2,0.8667,1
Can you explain an issue related to DBMS?,DBMS,IT,Lecturer,Python|DBMS|Statistics,1,1,0.55,2,0.8667,1
Please clarify the Software Engineering topic related to my course.,Software Engineering,CSE,Assistant Professor,Cloud Computing|Java|Software Engineering|Computer Networks,1,1,0.7,2,0.8667,1
I need help understanding Machine Learning.,Machine Learning,IT,Lecturer,Deep Learning|Cloud Computing|Machine Learning,1,1,0.55,9,0.4,1
Can you explain an issue related to Deep Learning?,Deep Learning,CSE,Assistant Professor,Artificial Intelligence,0,1,0.7,2,0.8667,0
I need guidance with my Python assignment.,Python,MCA,Lecturer,Software Engineering|Advanced DBMS|Computer Networks|Machine Learning|Statistics,0,1,0.55,11,0.2667,0
Please clarify the Advanced DBMS topic related to my course.,Advanced DBMS,IT,Lecturer,Artificial Intelligence|Data Science|Data Structures,0,1,0.55,9,0.4,0
I have a question about Statistics.,Statistics,IT,Assistant Professor,Data Structures|Web Development|Computer Networks|Statistics|Java,1,1,0.7,7,0.5333,0
I have an academic query regarding Web Development.,Web Development,MCA,Assistant Professor,Statistics|Web Development|Python|Computer Networks,1,1,0.7,11,0.2667,1
I need guidance with my DBMS assignment.,DBMS,MCA,Lecturer,Statistics,0,1,0.55,12,0.2,1
I have an academic query regarding Cloud Computing.,Cloud Computing,CSE,Professor,Cloud Computing|Data Science|Advanced Computer Networks,1,1,1.0,1,0.9333,1
Please clarify the Deep Learning topic related to my course.,Deep Learning,MCA,Professor,Data Structures|Software Engineering|Algorithms|Artificial Intelligence,0,1,1.0,14,0.0667,0
I have a question about Data Science.,Data Science,MCA,Lecturer,Machine Learning|Operating Systems|Cloud Computing|Statistics,0,1,0.55,4,0.7333,0
I need help understanding Algorithms.,Algorithms,CSE,Associate Professor,Data Structures|Deep Learning,0,1,0.85,5,0.6667,1
I need guidance with my DBMS assignment.,DBMS,MCA,Associate Professor,DBMS|Java|Data Science|Operating Systems|Data Structures,1,1,0.85,4,0.7333,1
Please clarify the Java topic related to my course.,Java,MCA,Professor,Artificial Intelligence|Machine Learning|Web Development,0,1,1.0,8,0.4667,0
I need guidance with my Advanced Computer Networks assignment.,Advanced Computer Networks,CSE,Professor,Advanced Computer Networks,1,1,1.0,0,1.0,1
Could you help me with the Computer Networks syllabus?,Computer Networks,CSE,Lecturer,Advanced DBMS|DBMS,0,0,0.55,0,1.0,0
I have a question about Java.,Java,MCA,Assistant Professor,Machine Learning|Statistics|Operating Systems|Deep Learning,0,1,0.7,0,1.0,0
Please clarify the Java topic related to my course.,Java,MCA,Assistant Professor,Advanced Computer Networks|Java|Machine Learning,1,1,0.7,4,0.7333,1
Can you explain an issue related to Operating Systems?,Operating Systems,CSE,Lecturer,Software Engineering|Statistics|DBMS|Web Development|Python,0,1,0.55,1,0.9333,1
Please clarify the Data Science topic related to my course.,Data Science,CSE,Associate Professor,Algorithms|Data Science|Python,1,0,0.85,14,0.0667,1
I need guidance with my DBMS assignment.,DBMS,MCA,Associate Professor,Statistics|Operating Systems|Data Structures|Deep Learning|Web Development,0,1,0.85,0,1.0,1
I have a question about Python.,Python,CSE,Lecturer,Java|Data Science|Operating Systems,0,1,0.55,5,0.6667,0
Please clarify the Software Engineering topic related to my course.,Software Engineering,IT,Lecturer,Machine Learning|Java|Advanced DBMS|Artificial Intelligence|Operating Systems,0,1,0.55,13,0.1333,1
I have a question about Machine Learning.,Machine Learning,CSE,Assistant Professor,Statistics|Advanced Computer Networks|Deep Learning|Algorithms,0,1,0.7,11,0.2667,0
Please clarify the Artificial Intelligence topic related to my course.,Artificial Intelligence,CSE,Assistant Professor,Statistics|Software Engineering,0,1,0.7,7,0.5333,0
Could you help me with the Java syllabus?,Java,IT,Professor,Web Development|Advanced Computer Networks,0,1,1.0,8,0.4667,1
I need help understanding Advanced DBMS.,Advanced DBMS,IT,Lecturer,Operating Systems|Java|Advanced Computer Networks,0,1,0.55,15,0.0,0
I have a question about Python.,Python,MCA,Assistant Professor,Advanced Computer Networks|DBMS,0,0,0.7,5,0.6667,0
Could you help me with the Machine Learning syllabus?,Machine Learning,CSE,Professor,DBMS|Java|Machine Learning|Web Development,1,1,1.0,7,0.5333,1
I am facing difficulty in Deep Learning and need clarification.,Deep Learning,CSE,Assistant Professor,Statistics|Java|Software Engineering,0,0,0.7,0,1.0,0
I need help understanding Cloud Computing.,Cloud Computing,MCA,Associate Professor,Advanced DBMS|Web Development|Advanced Computer Networks,0,1,0.85,6,0.6,1
Can you explain an issue related to Python?,Python,IT,Assistant Professor,Advanced DBMS|Advanced Computer Networks|Software Engineering,0,1,0.7,4,0.7333,0
Please clarify the Machine Learning topic related to my course.,Machine Learning,CSE,Professor,Software Engineering|Cloud Computing,0,1,1.0,2,0.8667,0
I need guidance with my Algorithms assignment.,Algorithms,CSE,Associate Professor,DBMS|Data Structures|Data Science|Algorithms|Machine Learning,1,1,0.85,5,0.6667,1
I need help understanding Advanced Computer Networks.,Advanced Computer Networks,IT,Associate Professor,Cloud Computing|Computer Networks|Advanced Computer Networks|Software Engineering,1,0,0.85,0,1.0,1
I need guidance with my Web Development assignment.,Web Development,MCA,Associate Professor,Advanced Computer Networks,0,1,0.85,1,0.9333,1
Can you explain an issue related to Data Science?,Data Science,MCA,Associate Professor,Software Engineering,0,1,0.85,1,0.9333,1
I have a question about Advanced Computer Networks.,Advanced Computer Networks,MCA,Assistant Professor,Advanced Computer Networks|Algorithms|Java|Data Structures|Machine Learning,1,1,0.7,0,1.0,1
I have an academic query regarding Advanced DBMS.,Advanced DBMS,IT,Assistant Professor,Deep Learning|Cloud Computing|Artificial Intelligence|Statistics,0,0,0.7,12,0.2,0
I have an academic query regarding Algorithms.,Algorithms,MCA,Assistant Professor,Java|Data Science|Web Development,0,1,0.7,4,0.7333,1
Please clarify the Web Development topic related to my course.,Web Development,IT,Associate Professor,Advanced Computer Networks|Artificial Intelligence,0,0,0.85,14,0.0667,0
Please clarify the Java topic related to my course.,Java,CSE,Lecturer,Statistics|Java|Software Engineering,1,1,0.55,0,1.0,1
I need guidance with my Java assignment.,Java,CSE,Associate Professor,Deep Learning|Artificial Intelligence|Python|Advanced Computer Networks|Software Engineering,0,1,0.85,13,0.1333,0
I need guidance with my Machine Learning assignment.,Machine Learning,CSE,Associate Professor,Software Engineering|Artificial Intelligence|Algorithms|Data Science,0,1,0.85,5,0.6667,0
I am facing difficulty in Algorithms and need clarification.,Algorithms,IT,Professor,Artificial Intelligence|Machine Learning|Data Structures|Statistics,0,1,1.0,3,0.8,0
I need guidance with my Data Science assignment.,Data Science,CSE,Lecturer,Computer Networks|Python|Deep Learning|Artificial Intelligence,0,1,0.55,15,0.0,1
Please clarify the DBMS topic related to my course.,DBMS,MCA,Associate Professor,Data Structures|Java|Python|Operating Systems,0,1,0.85,7,0.5333,0
I need guidance with my Artificial Intelligence assignment.,Artificial Intelligence,CSE,Associate Professor,Java|Computer Networks|Data Science|Statistics|Software Engineering,0,0,0.85,7,0.5333,0
Could you help me with the Advanced Computer Networks syllabus?,Advanced Computer Networks,IT,Associate Professor,Artificial Intelligence|Computer Networks,0,1,0.85,13,0.1333,0
I am facing difficulty in Cloud Computing and need clarification.,Cloud Computing,IT,Associate Professor,Algorithms|Operating Systems,0,1,0.85,6,0.6,0
I have a question about Software Engineering.,Software Engineering,CSE,Professor,Computer Networks|DBMS|Data Science,0,1,1.0,8,0.4667,0
I need guidance with my Cloud Computing assignment.,Cloud Computing,CSE,Associate Professor,Cloud Computing|Java|Artificial Intelligence|Computer Networks,1,1,0.85,7,0.5333,1
Can you explain an issue related to Artificial Intelligence?,Artificial Intelligence,MCA,Lecturer,Operating Systems|Python,0,0,0.55,7,0.5333,0
Could you help me with the Algorithms syllabus?,Algorithms,CSE,Lecturer,Cloud Computing|Algorithms|Computer Networks,1,1,0.55,14,0.0667,1
Could you help me with the Advanced DBMS syllabus?,Advanced DBMS,MCA,Assistant Professor,Java|Web Development|Software Engineering|Machine Learning|Data Science,0,1,0.7,4,0.7333,1
I need help understanding DBMS.,DBMS,IT,Lecturer,Cloud Computing|Python|Software Engineering,0,1,0.55,1,0.9333,0
Can you explain an issue related to Statistics?,Statistics,CSE,Lecturer,Advanced Computer Networks|Python,0,1,0.55,14,0.0667,0
I need guidance with my Operating Systems assignment.,Operating Systems,IT,Assistant Professor,Artificial Intelligence|DBMS,0,1,0.7,9,0.4,0
I need guidance with my Data Science assignment.,Data Science,MCA,Associate Professor,Java|Algorithms,0,1,0.85,0,1.0,1
I have a question about Algorithms.,Algorithms,IT,Lecturer,Web Development|Deep Learning,0,0,0.55,9,0.4,0
I need help understanding Statistics.,Statistics,MCA,Associate Professor,Data Structures|DBMS,0,1,0.85,14,0.0667,0
I am facing difficulty in Advanced Computer Networks and need clarification.,Advanced Computer Networks,MCA,Lecturer,Machine Learning|Operating Systems,0,1,0.55,12,0.2,0
Please clarify the Data Science topic related to my course.,Data Science,CSE,Associate Professor,Advanced Computer Networks|DBMS|Software Engineering|Statistics,0,1,0.85,13,0.1333,1
I have an academic query regarding Artificial Intelligence.,Artificial Intelligence,MCA,Associate Professor,Machine Learning,0,0,0.85,9,0.4,0
I need help understanding DBMS.,DBMS,CSE,Assistant Professor,Computer Networks|Data Structures|Cloud Computing|Deep Learning|Algorithms,0,0,0.7,12,0.2,1
I have an academic query regarding Cloud Computing.,Cloud Computing,CSE,Professor,Cloud Computing|Data Science,1,0,1.0,8,0.4667,1
I have a question about Software Engineering.,Software Engineering,IT,Associate Professor,Web Development,0,0,0.85,8,0.4667,0
I have a question about Deep Learning.,Deep Learning,MCA,Associate Professor,Web Development|Artificial Intelligence|Statistics,0,1,0.85,6,0.6,0
I have a question about Artificial Intelligence.,Artificial Intelligence,MCA,Assistant Professor,Cloud Computing|Deep Learning|Advanced Computer Networks,0,1,0.7,1,0.9333,0
I need guidance with my Computer Networks assignment.,Computer Networks,IT,Professor,Operating Systems|Artificial Intelligence|Data Science,0,1,1.0,8,0.4667,1
Please clarify the Cloud Computing topic related to my course.,Cloud Computing,CSE,Assistant Professor,Computer Networks,0,0,0.7,6,0.6,0
I have a question about Operating Systems.,Operating Systems,IT,Associate Professor,Java|Statistics|Advanced DBMS|Algorithms,0,1,0.85,6,0.6,1
I have a question about Deep Learning.,Deep Learning,CSE,Assistant Professor,Java|Statistics|Machine Learning|Advanced Computer Networks,0,0,0.7,14,0.0667,0
Please clarify the Artificial Intelligence topic related to my course.,Artificial Intelligence,IT,Professor,Statistics|Deep Learning,0,1,1.0,6,0.6,0
I am facing difficulty in Software Engineering and need clarification.,Software Engineering,MCA,Professor,Data Structures|Cloud Computing|Computer Networks,0,0,1.0,13,0.1333,0
I need guidance with my Cloud Computing assignment.,Cloud Computing,CSE,Assistant Professor,Data Structures|Computer Networks|Python|Deep Learning|Artificial Intelligence,0,1,0.7,15,0.0,0
Could you help me with the Data Science syllabus?,Data Science,CSE,Associate Professor,Computer Networks|Operating Systems|Advanced DBMS,0,1,0.85,2,0.8667,0
Could you help me with the Python syllabus?,Python,CSE,Associate Professor,Web Development|Advanced Computer Networks|Advanced DBMS|Deep Learning|Software Engineering,0,1,0.85,5,0.6667,1
I have a question about Cloud Computing.,Cloud Computing,IT,Associate Professor,Statistics,0,0,0.85,15,0.0,0
Can you explain an issue related to Artificial Intelligence?,Artificial Intelligence,IT,Assistant Professor,Operating Systems|Software Engineering|Computer Networks|Data Structures|Advanced Computer Networks,0,1,0.7,6,0.6,1
Can you explain an issue related to Data Science?,Data Science,MCA,Assistant Professor,Advanced DBMS|Statistics,0,1,0.7,12,0.2,0
Could you help me with the Operating Systems syllabus?,Operating Systems,CSE,Professor,Machine Learning|Advanced DBMS|Algorithms,0,1,1.0,11,0.2667,0
I have a question about Deep Learning.,Deep Learning,MCA,Professor,Statistics|Computer Networks|Data Structures|Data Science|Operating Systems,0,0,1.0,15,0.0,0
I have an academic query regarding Statistics.,Statistics,MCA,Associate Professor,Algorithms|Data Structures|Advanced Computer Networks|Web Development,0,0,0.85,3,0.8,1
Please clarify the DBMS topic related to my course.,DBMS,CSE,Associate Professor,Data Structures|Cloud Computing|Deep Learning|Data Science,0,1,0.85,1,0.9333,1
I have a question about DBMS.,DBMS,MCA,Professor,Operating Systems|DBMS,1,1,1.0,9,0.4,1
I am facing difficulty in Web Development and need clarification.,Web Development,IT,Lecturer,Algorithms|Deep Learning|Cloud Computing|Java,0,0,0.55,13,0.1333,0
Could you help me with the Deep Learning syllabus?,Deep Learning,CSE,Assistant Professor,Software Engineering|Web Development|Cloud Computing|Computer Networks|Data Structures,0,1,0.7,13,0.1333,0
I have an academic query regarding Data Structures.,Data Structures,MCA,Associate Professor,Operating Systems|Data Science|Algorithms,0,1,0.85,11,0.2667,1
Please clarify the DBMS topic related to my course.,DBMS,IT,Lecturer,Computer Networks|Statistics|Java,0,1,0.55,5,0.6667,1
Please clarify the Artificial Intelligence topic related to my course.,Artificial Intelligence,CSE,Associate Professor,Data Science|Statistics|Data Structures|Advanced DBMS|Web Development,0,1,0.85,7,0.5333,0
Could you help me with the Python syllabus?,Python,CSE,Professor,Python,1,1,1.0,3,0.8,1
Can you explain an issue related to DBMS?,DBMS,CSE,Professor,Data Structures,0,1,1.0,12,0.2,0
Please clarify the Operating Systems topic related to my course.,Operating Systems,CSE,Assistant Professor,Statistics|Computer Networks|Deep Learning|Advanced DBMS|DBMS,0,1,0.7,6,0.6,0
Could you help me with the Advanced DBMS syllabus?,Advanced DBMS,MCA,Assistant Professor,Cloud Computing|Algorithms|Java|Machine Learning|DBMS,0,1,0.7,13,0.1333,0
Could you help me with the Java syllabus?,Java,IT,Associate Professor,Data Science|Computer Networks,0,1,0.85,15,0.0,0
I am facing difficulty in Software Engineering and need clarification.,Software Engineering,CSE,Associate Professor,DBMS|Java|Computer Networks|Operating Systems|Advanced DBMS,0,1,0.85,5,0.6667,0
Could you help me with the DBMS syllabus?,DBMS,CSE,Professor,Machine Learning,0,1,1.0,4,0.7333,1
I need help understanding Machine Learning.,Machine Learning,MCA,Assistant Professor,Data Science|Python|Machine Learning|Java,1,1,0.7,10,0.3333,1
Can you explain an issue related to Algorithms?,Algorithms,MCA,Lecturer,Machine Learning|Computer Networks,0,0,0.55,10,0.3333,0
I have a question about Cloud Computing.,Cloud Computing,IT,Associate Professor,Artificial Intelligence,0,0,0.85,1,0.9333,0
I have an academic query regarding Data Structures.,Data Structures,IT,Associate Professor,Statistics,0,1,0.85,0,1.0,0
I have a question about Machine Learning.,Machine Learning,MCA,Associate Professor,Operating Systems|Artificial Intelligence|Advanced DBMS,0,1,0.85,5,0.6667,0
Could you help me with the Advanced Computer Networks syllabus?,Advanced Computer Networks,MCA,Assistant Professor,Statistics|Software Engineering,0,1,0.7,7,0.5333,0
I have an academic query regarding Advanced DBMS.,Advanced DBMS,IT,Professor,Artificial Intelligence|DBMS|Data Structures|Python|Software Engineering,0,1,1.0,2,0.8667,1
I need guidance with my Statistics assignment.,Statistics,IT,Assistant Professor,Data Science|Web Development|Statistics|Algorithms,1,1,0.7,2,0.8667,1
I have an academic query regarding Computer Networks.,Computer Networks,IT,Associate Professor,Software Engineering,0,1,0.85,6,0.6,0
I need guidance with my DBMS assignment.,DBMS,MCA,Professor,DBMS|Software Engineering|Java,1,1,1.0,13,0.1333,1
I need help understanding Data Science.,Data Science,IT,Professor,Algorithms|Software Engineering|Advanced Computer Networks|Web Development,0,0,1.0,15,0.0,0
Could you help me with the Data Structures syllabus?,Data Structures,IT,Associate Professor,Advanced Computer Networks|Software Engineering|Operating Systems|Statistics,0,0,0.85,11,0.2667,1
I have a question about Advanced DBMS.,Advanced DBMS,CSE,Lecturer,Advanced DBMS|Data Structures,1,1,0.55,13,0.1333,1
I have a question about Computer Networks.,Computer Networks,CSE,Lecturer,Cloud Computing,0,0,0.55,10,0.3333,0
I need help understanding Statistics.,Statistics,CSE,Associate Professor,Deep Learning|DBMS|Advanced DBMS,0,1,0.85,15,0.0,0
I have a question about Software Engineering.,Software Engineering,CSE,Lecturer,Java|Data Science|Operating Systems|Software Engineering,1,1,0.55,11,0.2667,0
Can you explain an issue related to Python?,Python,MCA,Professor,Deep Learning|Statistics|Machine Learning,0,0,1.0,12,0.2,0
I have an academic query regarding Artificial Intelligence.,Artificial Intelligence,MCA,Assistant Professor,Web Development|Artificial Intelligence|Operating Systems|Statistics,1,1,0.7,3,0.8,1
I need help understanding Data Structures.,Data Structures,CSE,Professor,Web Development,0,1,1.0,0,1.0,0
I need help understanding Operating Systems.,Operating Systems,CSE,Associate Professor,Statistics|Algorithms|Advanced DBMS|Python|Advanced Computer Networks,0,0,0.85,7,0.5333,0
Could you help me with the Computer Networks syllabus?,Computer Networks,MCA,Professor,DBMS,0,1,1.0,0,1.0,1
I need help understanding Machine Learning.,Machine Learning,CSE,Assistant Professor,Data Science|Cloud Computing,0,1,0.7,11,0.2667,1
I have a question about Advanced DBMS.,Advanced DBMS,MCA,Associate Professor,Computer Networks|Deep Learning|Python|Operating Systems,0,1,0.85,5,0.6667,0
Could you help me with the Algorithms syllabus?,Algorithms,IT,Associate Professor,DBMS,0,1,0.85,5,0.6667,0
I need guidance with my DBMS assignment.,DBMS,CSE,Lecturer,Advanced Computer Networks|Algorithms|Cloud Computing,0,1,0.55,9,0.4,0
I am facing difficulty in Algorithms and need clarification.,Algorithms,IT,Professor,Java|Cloud Computing|Python,0,0,1.0,11,0.2667,0
I need guidance with my Operating Systems assignment.,Operating Systems,MCA,Lecturer,Algorithms|Computer Networks|Advanced DBMS|Python|DBMS,0,1,0.55,11,0.2667,1
I have an academic query regarding Artificial Intelligence.,Artificial Intelligence,CSE,Lecturer,Software Engineering|Web Development|Statistics|Data Structures,0,1,0.55,8,0.4667,0
I need guidance with my Advanced Computer Networks assignment.,Advanced Computer Networks,IT,Assistant Professor,Software Engineering|Advanced DBMS|Data Structures|Computer Networks|Advanced Computer Networks,1,1,0.7,12,0.2,1
Could you help me with the Advanced Computer Networks syllabus?,Advanced Computer Networks,MCA,Professor,Algorithms|Web Development|Operating Systems|Advanced Computer Networks,1,1,1.0,9,0.4,1
I have an academic query regarding Computer Networks.,Computer Networks,IT,Assistant Professor,Advanced Computer Networks|Software Engineering|Java,0,1,0.7,1,0.9333,1
I have a question about Python.,Python,MCA,Assistant Professor,Advanced DBMS,0,1,0.7,12,0.2,0
I am facing difficulty in Machine Learning and need clarification.,Machine Learning,CSE,Associate Professor,Advanced DBMS|Computer Networks|Java,0,1,0.85,14,0.0667,0
I need help understanding DBMS.,DBMS,IT,Assistant Professor,Web Development|Data Science|Deep Learning,0,1,0.7,0,1.0,1
I have a question about Python.,Python,IT,Assistant Professor,Web Development,0,1,0.7,4,0.7333,0
I need help understanding Java.,Java,CSE,Professor,Deep Learning|Java,1,1,1.0,7,0.5333,1
Please clarify the Statistics topic related to my course.,Statistics,IT,Assistant Professor,Advanced Computer Networks|Algorithms,0,1,0.7,10,0.3333,1
I am facing difficulty in Deep Learning and need clarification.,Deep Learning,MCA,Associate Professor,Data Science|Operating Systems|Software Engineering,0,1,0.85,11,0.2667,1
Can you explain an issue related to Operating Systems?,Operating Systems,MCA,Lecturer,Advanced DBMS|Web Development|Machine Learning|Algorithms,0,1,0.55,11,0.2667,0
Please clarify the Web Development topic related to my course.,Web Development,CSE,Assistant Professor,Artificial Intelligence|Operating Systems|Python,0,1,0.7,1,0.9333,0
I need guidance with my Advanced Computer Networks assignment.,Advanced Computer Networks,CSE,Professor,Algorithms,0,1,1.0,9,0.4,0
Can you explain an issue related to Python?,Python,IT,Associate Professor,Machine Learning|Software Engineering|Artificial Intelligence|Advanced Computer Networks,0,1,0.85,3,0.8,0
Could you help me with the Advanced Computer Networks syllabus?,Advanced Computer Networks,CSE,Assistant Professor,Deep Learning|DBMS|Software Engineering|Machine Learning,0,1,0.7,15,0.0,0
Please clarify the Advanced DBMS topic related to my course.,Advanced DBMS,CSE,Assistant Professor,Advanced DBMS,1,1,0.7,0,1.0,1
Please clarify the Data Structures topic related to my course.,Data Structures,IT,Lecturer,Advanced DBMS|Data Science|Java|Statistics,0,0,0.55,13,0.1333,0
I have an academic query regarding Software Engineering.,Software Engineering,MCA,Professor,Python|Artificial Intelligence,0,1,1.0,15,0.0,0
Please clarify the Python topic related to my course.,Python,MCA,Assistant Professor,DBMS|Data Structures|Statistics|Python|Web Development,1,1,0.7,14,0.0667,1
Please clarify the Advanced DBMS topic related to my course.,Advanced DBMS,MCA,Assistant Professor,Data Structures|Machine Learning,0,1,0.7,11,0.2667,0
I need guidance with my Java assignment.,Java,IT,Associate Professor,DBMS,0,1,0.85,7,0.5333,0
I am facing difficulty in Machine Learning and need clarification.,Machine Learning,IT,Associate Professor,Advanced DBMS|Advanced Computer Networks|Machine Learning|Deep Learning|DBMS,1,1,0.85,11,0.2667,1
Can you explain an issue related to Cloud Computing?,Cloud Computing,CSE,Associate Professor,Artificial Intelligence|Deep Learning|Web Development|Advanced DBMS|DBMS,0,1,0.85,9,0.4,0
Please clarify the Artificial Intelligence topic related to my course.,Artificial Intelligence,IT,Associate Professor,Advanced Computer Networks|Software Engineering|Statistics,0,1,0.85,7,0.5333,0
Please clarify the Machine Learning topic related to my course.,Machine Learning,IT,Associate Professor,Algorithms|Data Structures|Machine Learning|Python|Software Engineering,1,1,0.85,0,1.0,1
Could you help me with the Statistics syllabus?,Statistics,IT,Associate Professor,Python|Artificial Intelligence|Statistics|Advanced Computer Networks,1,1,0.85,5,0.6667,1
Can you explain an issue related to DBMS?,DBMS,IT,Professor,Data Structures,0,1,1.0,4,0.7333,1
I have a question about Cloud Computing.,Cloud Computing,IT,Professor,Statistics|Computer Networks|Python,0,1,1.0,15,0.0,1
Can you explain an issue related to Web Development?,Web Development,MCA,Lecturer,Data Science|Statistics|Python|DBMS,0,1,0.55,2,0.8667,0
Could you help me with the Machine Learning syllabus?,Machine Learning,CSE,Assistant Professor,Machine Learning|Data Science|Cloud Computing,1,0,0.7,0,1.0,1
I need guidance with my Data Structures assignment.,Data Structures,MCA,Lecturer,Machine Learning|Computer Networks|Web Development|DBMS|Python,0,1,0.55,1,0.9333,1
Can you explain an issue related to Data Structures?,Data Structures,CSE,Lecturer,Machine Learning|Advanced Computer Networks|Python|Cloud Computing,0,1,0.55,0,1.0,0
Could you help me with the Operating Systems syllabus?,Operating Systems,CSE,Lecturer,Java|Artificial Intelligence|Operating Systems,1,1,0.55,4,0.7333,1
Please clarify the Data Structures topic related to my course.,Data Structures,MCA,Professor,Advanced Computer Networks,0,0,1.0,4,0.7333,0
I need help understanding Machine Learning.,Machine Learning,CSE,Professor,Advanced Computer Networks|Operating Systems,0,1,1.0,3,0.8,0
Can you explain an issue related to DBMS?,DBMS,MCA,Professor,Advanced DBMS|Web Development,0,1,1.0,5,0.6667,1
I am facing difficulty in Artificial Intelligence and need clarification.,Artificial Intelligence,IT,Lecturer,Deep Learning|Software Engineering|Data Structures|Computer Networks|Data Science,0,1,0.55,2,0.8667,0
I need help understanding Advanced Computer Networks.,Advanced Computer Networks,IT,Lecturer,Data Science|Statistics|Web Development|Operating Systems|Java,0,1,0.55,15,0.0,0
I am facing difficulty in Machine Learning and need clarification.,Machine Learning,MCA,Professor,DBMS|Artificial Intelligence|Data Structures,0,1,1.0,3,0.8,0
I need guidance with my Data Science assignment.,Data Science,CSE,Professor,Advanced Computer Networks|Operating Systems|Algorithms|Advanced DBMS,0,0,1.0,0,1.0,0
I have an academic query regarding Deep Learning.,Deep Learning,MCA,Associate Professor,Data Science|Web Development|Machine Learning|Cloud Computing,0,1,0.85,2,0.8667,0
I need help understanding Web Development.,Web Development,CSE,Assistant Professor,Algorithms|DBMS|Java|Computer Networks,0,1,0.7,12,0.2,0
Could you help me with the Statistics syllabus?,Statistics,CSE,Lecturer,Advanced Computer Networks,0,1,0.55,3,0.8,0
I am facing difficulty in DBMS and need clarification.,DBMS,CSE,Associate Professor,Web Development|Cloud Computing|Machine Learning|Artificial Intelligence|Data Structures,0,1,0.85,12,0.2,0
I have a question about Advanced Computer Networks.,Advanced Computer Networks,MCA,Assistant Professor,Algorithms|Computer Networks|Advanced Computer Networks,1,1,0.7,15,0.0,1
Could you help me with the Advanced DBMS syllabus?,Advanced DBMS,IT,Associate Professor,Java|Cloud Computing,0,0,0.85,9,0.4,0
I am facing difficulty in Cloud Computing and need clarification.,Cloud Computing,MCA,Lecturer,Computer Networks|Data Structures|Data Science|DBMS,0,0,0.55,3,0.8,1
Could you help me with the Software Engineering syllabus?,Software Engineering,MCA,Assistant Professor,Deep Learning|Web Development,0,1,0.7,7,0.5333,1
Could you help me with the Software Engineering syllabus?,Software Engineering,MCA,Lecturer,Algorithms|Data Science|Software Engineering,1,1,0.55,10,0.3333,1
I am facing difficulty in Data Structures and need clarification.,Data Structures,CSE,Professor,Cloud Computing|Advanced Computer Networks,0,1,1.0,8,0.4667,0
I need help understanding Advanced Computer Networks.,Advanced Computer Networks,CSE,Associate Professor,Web Development,0,1,0.85,5,0.6667,0
I have an academic query regarding Deep Learning.,Deep Learning,IT,Associate Professor,Machine Learning|Cloud Computing|Advanced DBMS|Java,0,1,0.85,2,0.8667,1
Please clarify the Machine Learning topic related to my course.,Machine Learning,CSE,Associate Professor,Deep Learning|Artificial Intelligence|Operating Systems|Advanced Computer Networks|Algorithms,0,1,0.85,5,0.6667,1
I am facing difficulty in Data Structures and need clarification.,Data Structures,MCA,Professor,Deep Learning,0,1,1.0,12,0.2,0
I have a question about Python.,Python,IT,Lecturer,Data Structures|Operating Systems|Software Engineering|Java|Advanced Computer Networks,0,0,0.55,14,0.0667,0
Could you help me with the Python syllabus?,Python,MCA,Associate Professor,Algorithms,0,1,0.85,8,0.4667,0
I need guidance with my Python assignment.,Python,CSE,Assistant Professor,Deep Learning|Data Structures|Statistics|Data Science|Computer Networks,0,1,0.7,6,0.6,0
I am facing difficulty in Software Engineering and need clarification.,Software Engineering,MCA,Professor,Computer Networks|Deep Learning|Artificial Intelligence|Java,0,1,1.0,11,0.2667,0
Please clarify the Advanced DBMS topic related to my course.,Advanced DBMS,IT,Lecturer,Software Engineering,0,1,0.55,13,0.1333,1
I have a question about Artificial Intelligence.,Artificial Intelligence,IT,Associate Professor,Machine Learning|Cloud Computing|Operating Systems|Artificial Intelligence|Web Development,1,1,0.85,6,0.6,1
Can you explain an issue related to Algorithms?,Algorithms,MCA,Lecturer,Web Development|Computer Networks|Cloud Computing|Python,0,1,0.55,3,0.8,0
I have a question about Software Engineering.,Software Engineering,MCA,Associate Professor,Algorithms,0,1,0.85,10,0.3333,1
I need guidance with my Machine Learning assignment.,Machine Learning,CSE,Professor,Algorithms|Advanced DBMS,0,1,1.0,9,0.4,0
I need help understanding Data Structures.,Data Structures,MCA,Assistant Professor,Advanced Computer Networks|Deep Learning|Artificial Intelligence|Data Structures,1,0,0.7,6,0.6,1
I need help understanding DBMS.,DBMS,CSE,Assistant Professor,Statistics,0,1,0.7,2,0.8667,0
I need help understanding Python.,Python,IT,Professor,Algorithms|Software Engineering|Statistics,0,1,1.0,3,0.8,0
Please clarify the Computer Networks topic related to my course.,Computer Networks,CSE,Professor,Cloud Computing,0,1,1.0,8,0.4667,0
I have a question about Computer Networks.,Computer Networks,IT,Assistant Professor,Advanced Computer Networks|Deep Learning|Advanced DBMS,0,1,0.7,1,0.9333,0
I am facing difficulty in Algorithms and need clarification.,Algorithms,IT,Lecturer,Python|Machine Learning|Data Structures|Java|Computer Networks,0,1,0.55,9,0.4,0
Can you explain an issue related to DBMS?,DBMS,IT,Assistant Professor,Advanced DBMS,0,1,0.7,14,0.0667,0
Could you help me with the Python syllabus?,Python,IT,Professor,Cloud Computing|Artificial Intelligence|Machine Learning|Deep Learning,0,1,1.0,15,0.0,1
I need help understanding Statistics.,Statistics,MCA,Lecturer,Deep Learning|Algorithms,0,1,0.55,9,0.4,0
I have a question about Java.,Java,MCA,Associate Professor,Operating Systems|Deep Learning,0,1,0.85,7,0.5333,0
Please clarify the Software Engineering topic related to my course.,Software Engineering,IT,Associate Professor,Advanced Computer Networks|Software Engineering,1,1,0.85,0,1.0,1
I have an academic query regarding Java.,Java,CSE,Assistant Professor,Java|Operating Systems,1,1,0.7,0,1.0,1
Could you help me with the Advanced Computer Networks syllabus?,Advanced Computer Networks,CSE,Professor,Java|Statistics|Computer Networks|Advanced DBMS|Web Development,0,0,1.0,2,0.8667,1
Please clarify the Artificial Intelligence topic related to my course.,Artificial Intelligence,CSE,Lecturer,Data Science|Java|Machine Learning,0,1,0.55,11,0.2667,1
I have a question about Computer Networks.,Computer Networks,CSE,Professor,Java|DBMS|Algorithms,0,0,1.0,2,0.8667,0
I need guidance with my Data Structures assignment.,Data Structures,MCA,Lecturer,Artificial Intelligence,0,1,0.55,6,0.6,0
Could you help me with the Operating Systems syllabus?,Operating Systems,MCA,Associate Professor,Advanced DBMS,0,1,0.85,12,0.2,0
I have an academic query regarding Software Engineering.,Software Engineering,IT,Associate Professor,Web Development|Advanced Computer Networks,0,1,0.85,12,0.2,1
Could you help me with the Artificial Intelligence syllabus?,Artificial Intelligence,MCA,Associate Professor,Data Science|Advanced Computer Networks|Cloud Computing|Statistics|DBMS,0,1,0.85,4,0.7333,1
I have an academic query regarding Software Engineering.,Software Engineering,IT,Associate Professor,Computer Networks|Operating Systems|Data Structures|Deep Learning|Software Engineering,1,1,0.85,7,0.5333,0
Could you help me with the Computer Networks syllabus?,Computer Networks,CSE,Assistant Professor,Data Structures,0,1,0.7,8,0.4667,0
I need guidance with my Web Development assignment.,Web Development,CSE,Associate Professor,Advanced Computer Networks|Advanced DBMS|Computer Networks,0,0,0.85,4,0.7333,0
I need guidance with my Data Science assignment.,Data Science,CSE,Assistant Professor,Python|Data Science,1,1,0.7,11,0.2667,1
Please clarify the Operating Systems topic related to my course.,Operating Systems,CSE,Professor,Software Engineering|Data Structures,0,1,1.0,6,0.6,1
I need guidance with my Algorithms assignment.,Algorithms,CSE,Assistant Professor,Operating Systems,0,1,0.7,6,0.6,1
Could you help me with the Operating Systems syllabus?,Operating Systems,MCA,Lecturer,Operating Systems|Java,1,1,0.55,12,0.2,1
Could you help me with the Software Engineering syllabus?,Software Engineering,CSE,Assistant Professor,Data Science|Software Engineering|Web Development|Machine Learning,1,1,0.7,0,1.0,1
I am facing difficulty in Machine Learning and need clarification.,Machine Learning,MCA,Assistant Professor,Statistics|Artificial Intelligence|Machine Learning|Data Science|Cloud Computing,1,1,0.7,8,0.4667,1
Could you help me with the Deep Learning syllabus?,Deep Learning,CSE,Lecturer,Web Development|Software Engineering|Computer Networks|Data Structures,0,1,0.55,10,0.3333,1
Can you explain an issue related to Data Science?,Data Science,IT,Professor,Algorithms|Java|DBMS|Data Structures,0,0,1.0,5,0.6667,0
Could you help me with the Web Development syllabus?,Web Development,IT,Lecturer,Data Structures|Python|Data Science|DBMS|Advanced DBMS,0,1,0.55,0,1.0,0
Could you help me with the Software Engineering syllabus?,Software Engineering,IT,Associate Professor,Python|Java|Data Science|Artificial Intelligence,0,0,0.85,8,0.4667,0
Can you explain an issue related to Artificial Intelligence?,Artificial Intelligence,CSE,Associate Professor,Statistics|Deep Learning|DBMS,0,0,0.85,4,0.7333,0
Can you explain an issue related to Python?,Python,IT,Lecturer,Advanced DBMS|Cloud Computing|Software Engineering|Statistics,0,1,0.55,2,0.8667,0
I need guidance with my Data Structures assignment.,Data Structures,IT,Assistant Professor,Advanced Computer Networks|Software Engineering|Algorithms|Operating Systems|Data Science,0,1,0.7,6,0.6,1
Could you help me with the Advanced Computer Networks syllabus?,Advanced Computer Networks,MCA,Professor,Artificial Intelligence,0,0,1.0,4,0.7333,0
I am facing difficulty in Python and need clarification.,Python,MCA,Associate Professor,Java,0,1,0.85,11,0.2667,1
Could you help me with the Statistics syllabus?,Statistics,CSE,Lecturer,Machine Learning|Computer Networks|Algorithms|Advanced DBMS,0,1,0.55,1,0.9333,0
Can you explain an issue related to Computer Networks?,Computer Networks,CSE,Assistant Professor,Computer Networks|Operating Systems|Data Structures,1,1,0.7,12,0.2,1
I have a question about Advanced Computer Networks.,Advanced Computer Networks,MCA,Professor,Computer Networks|Advanced Computer Networks,1,1,1.0,13,0.1333,1
Could you help me with the Statistics syllabus?,Statistics,MCA,Professor,Java|Operating Systems|Software Engineering|Advanced DBMS,0,1,1.0,13,0.1333,1
I have an academic query regarding DBMS.,DBMS,CSE,Associate Professor,Statistics|Python|Web Development|Data Science,0,1,0.85,15,0.0,0
I need guidance with my Algorithms assignment.,Algorithms,CSE,Assistant Professor,Advanced Computer Networks|Java|Software Engineering,0,1,0.7,10,0.3333,1
I have an academic query regarding Computer Networks.,Computer Networks,CSE,Lecturer,Data Science|Advanced Computer Networks|Algorithms,0,1,0.55,13,0.1333,0
I am facing difficulty in Data Science and need clarification.,Data Science,CSE,Associate Professor,Algorithms,0,1,0.85,11,0.2667,1
Can you explain an issue related to Web Development?,Web Development,MCA,Assistant Professor,Artificial Intelligence,0,1,0.7,15,0.0,0
Could you help me with the Machine Learning syllabus?,Machine Learning,IT,Professor,Machine Learning,1,1,1.0,8,0.4667,1
I need guidance with my Web Development assignment.,Web Development,CSE,Assistant Professor,DBMS|Advanced Computer Networks|Web Development|Data Structures|Statistics,1,1,0.7,7,0.5333,1
I have a question about Software Engineering.,Software Engineering,CSE,Associate Professor,Advanced DBMS|Computer Networks|Software Engineering,1,1,0.85,13,0.1333,1
I need guidance with my Data Science assignment.,Data Science,MCA,Assistant Professor,Data Science|Artificial Intelligence|Machine Learning|Data Structures,1,1,0.7,9,0.4,1
I need guidance with my Software Engineering assignment.,Software Engineering,MCA,Professor,Data Structures|Cloud Computing|Software Engineering|Advanced DBMS|Machine Learning,1,1,1.0,3,0.8,1
Could you help me with the Data Structures syllabus?,Data Structures,MCA,Lecturer,Cloud Computing|Software Engineering|Machine Learning,0,1,0.55,9,0.4,0
Could you help me with the Artificial Intelligence syllabus?,Artificial Intelligence,IT,Lecturer,Algorithms|Data Science|DBMS|Web Development|Advanced Computer Networks,0,1,0.55,13,0.1333,0
Please clarify the DBMS topic related to my course.,DBMS,IT,Professor,DBMS|Web Development|Computer Networks,1,1,1.0,11,0.2667,1
I have an academic query regarding Operating Systems.,Operating Systems,IT,Associate Professor,Advanced Computer Networks|Data Science,0,1,0.85,5,0.6667,0
Can you explain an issue related to Data Science?,Data Science,CSE,Assistant Professor,Advanced Computer Networks|Software Engineering|Artificial Intelligence|Statistics,0,1,0.7,1,0.9333,1
Please clarify the Artificial Intelligence topic related to my course.,Artificial Intelligence,IT,Lecturer,Machine Learning|Java|Advanced Computer Networks|DBMS,0,1,0.55,7,0.5333,1
I have a question about Operating Systems.,Operating Systems,CSE,Assistant Professor,Operating Systems|Statistics,1,1,0.7,9,0.4,1
Can you explain an issue related to Computer Networks?,Computer Networks,CSE,Assistant Professor,Deep Learning|Data Science|Statistics,0,0,0.7,5,0.6667,0
Please clarify the Data Structures topic related to my course.,Data Structures,CSE,Associate Professor,Artificial Intelligence|Software Engineering|Computer Networks,0,1,0.85,15,0.0,0
Could you help me with the Computer Networks syllabus?,Computer Networks,MCA,Associate Professor,Artificial Intelligence|Computer Networks|Data Science,1,1,0.85,11,0.2667,1
I need guidance with my Python assignment.,Python,IT,Professor,Computer Networks|Web Development|Python,1,1,1.0,3,0.8,1
Could you help me with the Python syllabus?,Python,IT,Professor,Data Structures|Java|Web Development|Python|Cloud Computing,1,0,1.0,5,0.6667,0
Please clarify the Python topic related to my course.,Python,CSE,Professor,Statistics|Web Development|Cloud Computing|Java,0,1,1.0,6,0.6,0
I need help understanding Advanced Computer Networks.,Advanced Computer Networks,CSE,Professor,Machine Learning|Data Structures|Deep Learning|Operating Systems|Algorithms,0,1,1.0,12,0.2,1
I have a question about Advanced DBMS.,Advanced DBMS,CSE,Associate Professor,Web Development,0,1,0.85,7,0.5333,0
Could you help me with the Deep Learning syllabus?,Deep Learning,MCA,Professor,Python|DBMS|Advanced Computer Networks|Deep Learning|Algorithms,1,1,1.0,2,0.8667,1
I have a question about Artificial Intelligence.,Artificial Intelligence,MCA,Associate Professor,Python,0,0,0.85,11,0.2667,0
I am facing difficulty in Artificial Intelligence and need clarification.,Artificial Intelligence,CSE,Associate Professor,Computer Networks,0,1,0.85,9,0.4,1
I have an academic query regarding Statistics.,Statistics,IT,Professor,Machine Learning,0,1,1.0,13,0.1333,0
I need help understanding Python.,Python,CSE,Lecturer,Software Engineering|Advanced Computer Networks|Web Development|Cloud Computing,0,1,0.55,9,0.4,1
Please clarify the Deep Learning topic related to my course.,Deep Learning,MCA,Lecturer,Operating Systems|Python|Artificial Intelligence|Data Science|Computer Networks,0,1,0.55,2,0.8667,0
I have an academic query regarding Data Science.,Data Science,CSE,Professor,Cloud Computing|Artificial Intelligence|Data Science|Statistics,1,0,1.0,4,0.7333,1
I am facing difficulty in DBMS and need clarification.,DBMS,IT,Professor,DBMS|Software Engineering|Algorithms|Operating Systems,1,0,1.0,4,0.7333,1
I have an academic query regarding Web Development.,Web Development,IT,Lecturer,Cloud Computing|Data Structures,0,0,0.55,0,1.0,0
I need guidance with my Algorithms assignment.,Algorithms,IT,Professor,Data Science,0,1,1.0,7,0.5333,1
I am facing difficulty in Algorithms and need clarification.,Algorithms,MCA,Associate Professor,Statistics|Machine Learning|Web Development|Deep Learning|Artificial Intelligence,0,1,0.85,1,0.9333,0
I need guidance with my Operating Systems assignment.,Operating Systems,IT,Assistant Professor,Algorithms|DBMS|Data Structures|Cloud Computing|Deep Learning,0,1,0.7,3,0.8,1
I need help understanding Artificial Intelligence.,Artificial Intelligence,CSE,Assistant Professor,Machine Learning|Python,0,1,0.7,0,1.0,0
Could you help me with the Data Structures syllabus?,Data Structures,CSE,Professor,Machine Learning|Java|Operating Systems|Data Science,0,1,1.0,5,0.6667,1
I have a question about Web Development.,Web Development,CSE,Lecturer,Statistics|Cloud Computing|Web Development,1,0,0.55,10,0.3333,1
I need guidance with my Operating Systems assignment.,Operating Systems,MCA,Assistant Professor,Cloud Computing|Operating Systems|Deep Learning|Data Science,1,1,0.7,12,0.2,1
Could you help me with the Software Engineering syllabus?,Software Engineering,MCA,Associate Professor,Algorithms|Statistics|Web Development|Computer Networks|Advanced DBMS,0,1,0.85,7,0.5333,1
I have a question about Machine Learning.,Machine Learning,CSE,Associate Professor,Data Science|Artificial Intelligence,0,0,0.85,6,0.6,0
I have an academic query regarding Operating Systems.,Operating Systems,CSE,Assistant Professor,Artificial Intelligence|Data Science|Deep Learning|Operating Systems,1,1,0.7,10,0.3333,1
I have a question about Data Structures.,Data Structures,IT,Assistant Professor,Advanced DBMS|Java,0,1,0.7,3,0.8,1
I have a question about Web Development.,Web Development,MCA,Assistant Professor,DBMS|Advanced Computer Networks|Java|Advanced DBMS,0,0,0.7,13,0.1333,0
Could you help me with the Python syllabus?,Python,IT,Associate Professor,Cloud Computing|Algorithms,0,1,0.85,8,0.4667,0
I need help understanding Data Structures.,Data Structures,IT,Lecturer,Cloud Computing|DBMS|Java,0,0,0.55,11,0.2667,0
I need guidance with my Advanced DBMS assignment.,Advanced DBMS,IT,Associate Professor,Data Science|Deep Learning|Operating Systems|Algorithms|Artificial Intelligence,0,1,0.85,6,0.6,1
Can you explain an issue related to Software Engineering?,Software Engineering,IT,Assistant Professor,Algorithms|Software Engineering|Python|Advanced Computer Networks,1,1,0.7,12,0.2,1
I am facing difficulty in Algorithms and need clarification.,Algorithms,CSE,Assistant Professor,Python|Algorithms|Advanced DBMS|Artificial Intelligence|Machine Learning,1,1,0.7,6,0.6,1
Please clarify the Python topic related to my course.,Python,CSE,Assistant Professor,Advanced DBMS|Algorithms|DBMS|Operating Systems|Web Development,0,1,0.7,8,0.4667,1
Please clarify the Java topic related to my course.,Java,IT,Lecturer,Software Engineering|Statistics,0,1,0.55,3,0.8,0
I need guidance with my Algorithms assignment.,Algorithms,CSE,Assistant Professor,Advanced Computer Networks|Operating Systems|Java,0,1,0.7,10,0.3333,1
I have a question about Software Engineering.,Software Engineering,CSE,Professor,Cloud Computing|Statistics|Operating Systems|Java|Computer Networks,0,1,1.0,0,1.0,0
Please clarify the Computer Networks topic related to my course.,Computer Networks,CSE,Associate Professor,Deep Learning,0,1,0.85,6,0.6,0
Can you explain an issue related to Python?,Python,IT,Lecturer,Advanced DBMS|Operating Systems,0,1,0.55,8,0.4667,0
I have a question about Java.,Java,IT,Associate Professor,Cloud Computing|Software Engineering|Operating Systems|Data Science,0,1,0.85,8,0.4667,0
I need guidance with my Artificial Intelligence assignment.,Artificial Intelligence,IT,Professor,Data Science|Computer Networks|Deep Learning,0,0,1.0,0,1.0,1
I need guidance with my Advanced Computer Networks assignment.,Advanced Computer Networks,CSE,Associate Professor,Data Structures|Cloud Computing|Computer Networks,0,0,0.85,15,0.0,0
Could you help me with the Python syllabus?,Python,CSE,Assistant Professor,Data Science|Web Development|Deep Learning|Java,0,1,0.7,12,0.2,1
Could you help me with the Algorithms syllabus?,Algorithms,CSE,Lecturer,Algorithms|DBMS,1,1,0.55,10,0.3333,1
I need help understanding Java.,Java,IT,Professor,DBMS,0,1,1.0,11,0.2667,0
I have a question about Data Structures.,Data Structures,CSE,Professor,Artificial Intelligence|Web Development,0,0,1.0,6,0.6,0
Can you explain an issue related to Algorithms?,Algorithms,CSE,Assistant Professor,DBMS|Artificial Intelligence|Statistics,0,1,0.7,5,0.6667,0
I need guidance with my Web Development assignment.,Web Development,CSE,Lecturer,Operating Systems|Java|Web Development|Computer Networks|Data Science,1,1,0.55,0,1.0,1
I have an academic query regarding Artificial Intelligence.,Artificial Intelligence,IT,Professor,Data Structures|Artificial Intelligence|Advanced Computer Networks|Statistics|Advanced DBMS,1,1,1.0,4,0.7333,1
I need help understanding Java.,Java,MCA,Assistant Professor,Advanced DBMS|Python|Deep Learning|Algorithms|Machine Learning,0,1,0.7,8,0.4667,0
I have a question about Data Structures.,Data Structures,IT,Associate Professor,Python|Algorithms|DBMS|Advanced Computer Networks|Software Engineering,0,1,0.85,12,0.2,0
I have an academic query regarding Algorithms.,Algorithms,MCA,Assistant Professor,Java|Operating Systems|Python,0,1,0.7,6,0.6,0
I have a question about Advanced Computer Networks.,Advanced Computer Networks,CSE,Lecturer,Deep Learning|Python|Software Engineering|Computer Networks,0,1,0.55,5,0.6667,0
I am facing difficulty in Operating Systems and need clarification.,Operating Systems,IT,Professor,Cloud Computing|Advanced Computer Networks|DBMS|Software Engineering,0,1,1.0,6,0.6,0
I am facing difficulty in Statistics and need clarification.,Statistics,MCA,Professor,Deep Learning,0,1,1.0,10,0.3333,0
I need guidance with my Statistics assignment.,Statistics,MCA,Assistant Professor,Operating Systems|Advanced Computer Networks|Python|Machine Learning|Statistics,1,1,0.7,15,0.0,1
Could you help me with the Web Development syllabus?,Web Development,CSE,Assistant Professor,Operating Systems|Deep Learning|Algorithms|Advanced DBMS,0,1,0.7,15,0.0,0
I need guidance with my Python assignment.,Python,IT,Assistant Professor,Computer Networks|Python|Artificial Intelligence|Deep Learning,1,0,0.7,11,0.2667,0
I need help understanding Data Science.,Data Science,IT,Assistant Professor,Java|Algorithms|Advanced DBMS|Operating Systems,0,1,0.7,13,0.1333,0
I have an academic query regarding Data Structures.,Data Structures,CSE,Professor,Software Engineering|Advanced DBMS,0,1,1.0,9,0.4,0
I am facing difficulty in Data Science and need clarification.,Data Science,CSE,Professor,Cloud Computing|Statistics|Python,0,1,1.0,8,0.4667,0
Can you explain an issue related to Algorithms?,Algorithms,IT,Associate Professor,Deep Learning|Web Development|Algorithms,1,1,0.85,10,0.3333,0
Please clarify the Algorithms topic related to my course.,Algorithms,CSE,Assistant Professor,Machine Learning|Deep Learning|Advanced Computer Networks|Data Science,0,1,0.7,12,0.2,1
I am facing difficulty in Statistics and need clarification.,Statistics,CSE,Professor,Deep Learning,0,1,1.0,1,0.9333,0
I need help understanding Operating Systems.,Operating Systems,IT,Professor,Software Engineering|Advanced DBMS|Operating Systems|Algorithms,1,1,1.0,3,0.8,1
I am facing difficulty in Deep Learning and need clarification.,Deep Learning,IT,Assistant Professor,Advanced Computer Networks|Software Engineering|Data Structures|Computer Networks|Python,0,1,0.7,6,0.6,0
Please clarify the Advanced Computer Networks topic related to my course.,Advanced Computer Networks,CSE,Assistant Professor,Software Engineering|Machine Learning|Advanced Computer Networks|Data Science|Statistics,1,1,0.7,6,0.6,1
I have a question about Computer Networks.,Computer Networks,MCA,Assistant Professor,Computer Networks,1,1,0.7,2,0.8667,1
Could you help me with the Statistics syllabus?,Statistics,CSE,Associate Professor,Java|Advanced Computer Networks|Computer Networks|Statistics,1,0,0.85,7,0.5333,1
Can you explain an issue related to Statistics?,Statistics,MCA,Assistant Professor,Data Science|Computer Networks|Web Development|Cloud Computing|Python,0,1,0.7,1,0.9333,0
I need guidance with my Web Development assignment.,Web Development,IT,Lecturer,DBMS|Cloud Computing|Software Engineering,0,1,0.55,5,0.6667,0
Could you help me with the Advanced DBMS syllabus?,Advanced DBMS,IT,Lecturer,Algorithms|Operating Systems,0,1,0.55,2,0.8667,1
I need help understanding Software Engineering.,Software Engineering,IT,Professor,DBMS,0,1,1.0,6,0.6,0
I need help understanding Artificial Intelligence.,Artificial Intelligence,CSE,Associate Professor,Advanced DBMS|Cloud Computing|Machine Learning,0,0,0.85,15,0.0,0
Can you explain an issue related to Python?,Python,IT,Assistant Professor,Python|Statistics|DBMS|Data Structures,1,1,0.7,12,0.2,0
Could you help me with the Advanced DBMS syllabus?,Advanced DBMS,CSE,Assistant Professor,Java|Artificial Intelligence|Machine Learning,0,1,0.7,10,0.3333,1
Can you explain an issue related to Statistics?,Statistics,MCA,Professor,DBMS|Machine Learning|Deep Learning,0,1,1.0,3,0.8,0
I need help understanding Statistics.,Statistics,IT,Lecturer,Java|Deep Learning|Operating Systems|Cloud Computing|DBMS,0,0,0.55,2,0.8667,0
Please clarify the Advanced DBMS topic related to my course.,Advanced DBMS,MCA,Professor,Data Structures|Advanced Computer Networks|Deep Learning,0,1,1.0,8,0.4667,0
Could you help me with the Deep Learning syllabus?,Deep Learning,MCA,Lecturer,Computer Networks|Cloud Computing,0,1,0.55,0,1.0,0
Can you explain an issue related to Java?,Java,CSE,Lecturer,Data Science,0,0,0.55,15,0.0,0
I need help understanding Statistics.,Statistics,CSE,Associate Professor,Web Development|Data Science|Advanced Computer Networks|Computer Networks|Python,0,1,0.85,2,0.8667,0
I have an academic query regarding Deep Learning.,Deep Learning,CSE,Associate Professor,Java,0,1,0.85,12,0.2,0
Could you help me with the Deep Learning syllabus?,Deep Learning,IT,Lecturer,Advanced Computer Networks|Machine Learning|Deep Learning|Software Engineering|Python,1,1,0.55,9,0.4,1
Can you explain an issue related to Operating Systems?,Operating Systems,IT,Lecturer,Java|Deep Learning|Data Structures|Statistics,0,1,0.55,1,0.9333,1
Please clarify the Data Science topic related to my course.,Data Science,CSE,Assistant Professor,Machine Learning|Algorithms|Python|Data Science|Deep Learning,1,1,0.7,10,0.3333,1
Please clarify the Statistics topic related to my course.,Statistics,IT,Professor,Artificial Intelligence,0,1,1.0,11,0.2667,0
Please clarify the Computer Networks topic related to my course.,Computer Networks,CSE,Associate Professor,Cloud Computing|Statistics|Data Science|Advanced Computer Networks|DBMS,0,1,0.85,10,0.3333,0
Please clarify the Advanced Computer Networks topic related to my course.,Advanced Computer Networks,IT,Lecturer,Python|Advanced DBMS,0,1,0.55,0,1.0,1
Can you explain an issue related to Software Engineering?,Software Engineering,IT,Professor,Data Structures|Statistics|Advanced DBMS|Cloud Computing|DBMS,0,1,1.0,4,0.7333,0
I am facing difficulty in Computer Networks and need clarification.,Computer Networks,CSE,Associate Professor,Java|Computer Networks|Python|Software Engineering|Data Structures,1,1,0.85,0,1.0,1
I need guidance with my Advanced Computer Networks assignment.,Advanced Computer Networks,CSE,Professor,Java|Python|Statistics|DBMS,0,1,1.0,6,0.6,0
Can you explain an issue related to Deep Learning?,Deep Learning,MCA,Associate Professor,Java,0,1,0.85,2,0.8667,1
I am facing difficulty in Computer Networks and need clarification.,Computer Networks,MCA,Assistant Professor,Data Structures|Algorithms|Java,0,1,0.7,7,0.5333,0
Could you help me with the Deep Learning syllabus?,Deep Learning,CSE,Lecturer,Algorithms,0,1,0.55,6,0.6,1
Could you help me with the Data Structures syllabus?,Data Structures,CSE,Professor,Java|Artificial Intelligence|Algorithms|DBMS|Web Development,0,1,1.0,10,0.3333,1
I am facing difficulty in Operating Systems and need clarification.,Operating Systems,IT,Associate Professor,Python|Computer Networks|Deep Learning|Advanced Computer Networks|Algorithms,0,1,0.85,3,0.8,0
I am facing difficulty in Cloud Computing and need clarification.,Cloud Computing,CSE,Lecturer,Machine Learning|Data Science|Computer Networks|DBMS,0,1,0.55,10,0.3333,0
Could you help me with the Advanced Computer Networks syllabus?,Advanced Computer Networks,MCA,Lecturer,Machine Learning|Advanced Computer Networks,1,1,0.55,8,0.4667,1
I have a question about Statistics.,Statistics,CSE,Lecturer,Python|Deep Learning|Cloud Computing,0,1,0.55,8,0.4667,0
I need guidance with my Java assignment.,Java,IT,Lecturer,Deep Learning|Artificial Intelligence,0,0,0.55,12,0.2,1
I have an academic query regarding Java.,Java,MCA,Lecturer,Statistics,0,1,0.55,11,0.2667,0
I am facing difficulty in Algorithms and need clarification.,Algorithms,CSE,Professor,Deep Learning,0,1,1.0,15,0.0,0
Could you help me with the Web Development syllabus?,Web Development,CSE,Assistant Professor,Python|Statistics|Artificial Intelligence|Operating Systems,0,1,0.7,14,0.0667,1
Could you help me with the Computer Networks syllabus?,Computer Networks,CSE,Assistant Professor,Data Science|Computer Networks|Java,1,1,0.7,8,0.4667,0
Could you help me with the Data Structures syllabus?,Data Structures,CSE,Lecturer,Software Engineering,0,1,0.55,5,0.6667,0
I am facing difficulty in Artificial Intelligence and need clarification.,Artificial Intelligence,MCA,Associate Professor,Algorithms|Machine Learning|Java|Cloud Computing,0,0,0.85,14,0.0667,0
I need help understanding Web Development.,Web Development,CSE,Professor,Software Engineering|DBMS,0,1,1.0,15,0.0,0
Could you help me with the Statistics syllabus?,Statistics,MCA,Professor,Statistics,1,1,1.0,11,0.2667,1
I need help understanding Advanced DBMS.,Advanced DBMS,MCA,Professor,Advanced DBMS|Java|Deep Learning|Artificial Intelligence,1,1,1.0,7,0.5333,1
Could you help me with the Computer Networks syllabus?,Computer Networks,IT,Associate Professor,Operating Systems|Cloud Computing|Data Science,0,1,0.85,0,1.0,0
I am facing difficulty in Operating Systems and need clarification.,Operating Systems,IT,Associate Professor,Cloud Computing,0,1,0.85,4,0.7333,1
Could you help me with the Cloud Computing syllabus?,Cloud Computing,CSE,Associate Professor,Java|Artificial Intelligence|Algorithms|Operating Systems|Advanced DBMS,0,1,0.85,1,0.9333,1
I need guidance with my Operating Systems assignment.,Operating Systems,CSE,Assistant Professor,Algorithms|Python|Deep Learning,0,1,0.7,0,1.0,1
I need guidance with my Web Development assignment.,Web Development,CSE,Associate Professor,Data Science|Python|Deep Learning|Advanced Computer Networks|Computer Networks,0,1,0.85,9,0.4,0
I need help understanding Python.,Python,MCA,Lecturer,Software Engineering|Statistics|Operating Systems|Computer Networks|Data Science,0,1,0.55,1,0.9333,1
I need guidance with my Advanced DBMS assignment.,Advanced DBMS,MCA,Associate Professor,Algorithms,0,1,0.85,2,0.8667,0
Please clarify the Cloud Computing topic related to my course.,Cloud Computing,CSE,Associate Professor,DBMS|Algorithms|Java|Operating Systems|Cloud Computing,1,1,0.85,15,0.0,1
Please clarify the Operating Systems topic related to my course.,Operating Systems,MCA,Assistant Professor,Web Development|Software Engineering|Artificial Intelligence|Java|Machine Learning,0,1,0.7,12,0.2,0
I have a question about Software Engineering.,Software Engineering,MCA,Associate Professor,Advanced DBMS|Data Science,0,1,0.85,0,1.0,1
I have a question about Advanced DBMS.,Advanced DBMS,IT,Lecturer,Python|Artificial Intelligence|Algorithms,0,0,0.55,4,0.7333,0
I need help understanding Artificial Intelligence.,Artificial Intelligence,IT,Lecturer,Java|Web Development|DBMS,0,1,0.55,8,0.4667,0
I need guidance with my Artificial Intelligence assignment.,Artificial Intelligence,MCA,Assistant Professor,Software Engineering|DBMS|Data Structures|Advanced Computer Networks,0,1,0.7,0,1.0,0
I need guidance with my Advanced DBMS assignment.,Advanced DBMS,CSE,Lecturer,Operating Systems|Advanced DBMS|Software Engineering,1,1,0.55,12,0.2,1
Can you explain an issue related to Java?,Java,IT,Associate Professor,Data Science|Web Development,0,1,0.85,15,0.0,1
Could you help me with the Computer Networks syllabus?,Computer Networks,CSE,Professor,Machine Learning|Artificial Intelligence|Software Engineering|DBMS,0,1,1.0,4,0.7333,1
Please clarify the Algorithms topic related to my course.,Algorithms,MCA,Assistant Professor,Python|Deep Learning|Java|Data Structures|Advanced Computer Networks,0,1,0.7,11,0.2667,1
I need help understanding Software Engineering.,Software Engineering,CSE,Lecturer,Data Science|DBMS,0,1,0.55,4,0.7333,1
Can you explain an issue related to Web Development?,Web Development,MCA,Associate Professor,DBMS|Statistics,0,0,0.85,8,0.4667,0
Please clarify the Algorithms topic related to my course.,Algorithms,IT,Assistant Professor,Advanced DBMS|Deep Learning|Data Structures|Operating Systems|Python,0,0,0.7,10,0.3333,0
I am facing difficulty in Software Engineering and need clarification.,Software Engineering,MCA,Lecturer,Java,0,1,0.55,0,1.0,0
I am facing difficulty in Python and need clarification.,Python,CSE,Assistant Professor,Java,0,0,0.7,9,0.4,0
Can you explain an issue related to Advanced Computer Networks?,Advanced Computer Networks,IT,Lecturer,Cloud Computing|DBMS,0,1,0.55,2,0.8667,0
I have an academic query regarding Artificial Intelligence.,Artificial Intelligence,MCA,Assistant Professor,Algorithms|Statistics|Deep Learning|Cloud Computing|Python,0,1,0.7,14,0.0667,0
I need help understanding Java.,Java,MCA,Assistant Professor,Python|Java,1,1,0.7,14,0.0667,1
I have a question about Cloud Computing.,Cloud Computing,CSE,Lecturer,Python,0,0,0.55,9,0.4,0
Could you help me with the Advanced DBMS syllabus?,Advanced DBMS,IT,Professor,Operating Systems|Data Science,0,1,1.0,4,0.7333,1
I need guidance with my Machine Learning assignment.,Machine Learning,IT,Professor,Java,0,1,1.0,2,0.8667,0
I have an academic query regarding Algorithms.,Algorithms,MCA,Lecturer,DBMS|Java|Statistics|Artificial Intelligence,0,1,0.55,4,0.7333,1
I have a question about DBMS.,DBMS,MCA,Associate Professor,Advanced Computer Networks|Machine Learning|Java|Cloud Computing,0,1,0.85,8,0.4667,0
I need help understanding Deep Learning.,Deep Learning,IT,Assistant Professor,Statistics|Advanced Computer Networks,0,1,0.7,3,0.8,0
I have a question about Advanced DBMS.,Advanced DBMS,CSE,Assistant Professor,Operating Systems,0,1,0.7,10,0.3333,0
I have an academic query regarding Data Science.,Data Science,IT,Professor,Operating Systems|DBMS|Statistics|Java|Cloud Computing,0,1,1.0,10,0.3333,0
I am facing difficulty in Statistics and need clarification.,Statistics,CSE,Associate Professor,Advanced Computer Networks|Python,0,1,0.85,13,0.1333,0
I am facing difficulty in Algorithms and need clarification.,Algorithms,MCA,Assistant Professor,Data Science|Advanced DBMS,0,1,0.7,5,0.6667,0
I have a question about Advanced Computer Networks.,Advanced Computer Networks,CSE,Assistant Professor,Machine Learning,0,1,0.7,4,0.7333,0
I am facing difficulty in Machine Learning and need clarification.,Machine Learning,IT,Professor,Java|Statistics|Computer Networks|Machine Learning,1,0,1.0,9,0.4,1
Can you explain an issue related to Data Structures?,Data Structures,CSE,Associate Professor,Python|Operating Systems|Data Structures,1,0,0.85,9,0.4,1
Can you explain an issue related to Deep Learning?,Deep Learning,CSE,Lecturer,DBMS|Machine Learning|Web Development|Computer Networks|Advanced Computer Networks,0,0,0.55,8,0.4667,0
I need guidance with my Computer Networks assignment.,Computer Networks,CSE,Associate Professor,Cloud Computing|Data Science|DBMS|Advanced DBMS|Deep Learning,0,1,0.85,5,0.6667,0
Can you explain an issue related to Advanced DBMS?,Advanced DBMS,IT,Lecturer,Advanced Computer Networks|Python|Data Structures|Deep Learning|Software Engineering,0,0,0.55,3,0.8,0
Can you explain an issue related to Data Science?,Data Science,CSE,Associate Professor,Python|Advanced Computer Networks|Data Structures,0,0,0.85,6,0.6,1
I need guidance with my Software Engineering assignment.,Software Engineering,CSE,Professor,DBMS|Java,0,1,1.0,8,0.4667,1
Please clarify the Computer Networks topic related to my course.,Computer Networks,IT,Lecturer,Machine Learning|Advanced Computer Networks,0,1,0.55,1,0.9333,1
Please clarify the Cloud Computing topic related to my course.,Cloud Computing,MCA,Associate Professor,DBMS|Python,0,1,0.85,0,1.0,0
I need help understanding Web Development.,Web Development,CSE,Assistant Professor,Algorithms|Machine Learning|Cloud Computing|Java|DBMS,0,1,0.7,1,0.9333,1
Please clarify the Java topic related to my course.,Java,CSE,Lecturer,Artificial Intelligence|Data Structures|Java,1,1,0.55,11,0.2667,1
I need guidance with my DBMS assignment.,DBMS,CSE,Associate Professor,Machine Learning|Algorithms|Cloud Computing|Operating Systems|Data Structures,0,1,0.85,7,0.5333,0
I am facing difficulty in Data Science and need clarification.,Data Science,CSE,Associate Professor,Operating Systems|Artificial Intelligence|Java,0,1,0.85,15,0.0,1
I need help understanding Python.,Python,CSE,Lecturer,Cloud Computing,0,1,0.55,7,0.5333,1
Please clarify the Operating Systems topic related to my course.,Operating Systems,CSE,Associate Professor,Software Engineering,0,1,0.85,13,0.1333,1
Please clarify the Web Development topic related to my course.,Web Development,IT,Lecturer,Python|DBMS,0,1,0.55,0,1.0,0
I need guidance with my Python assignment.,Python,MCA,Assistant Professor,Machine Learning|Python,1,1,0.7,12,0.2,1
I have a question about Software Engineering.,Software Engineering,IT,Lecturer,Artificial Intelligence|Java|Deep Learning|Python,0,1,0.55,13,0.1333,1
I have a question about Machine Learning.,Machine Learning,MCA,Professor,Java,0,1,1.0,13,0.1333,0
Could you help me with the Computer Networks syllabus?,Computer Networks,IT,Associate Professor,Data Structures|Deep Learning|Operating Systems|Java,0,1,0.85,8,0.4667,0
I need guidance with my Deep Learning assignment.,Deep Learning,CSE,Associate Professor,Data Structures|Deep Learning|Computer Networks|Operating Systems|Advanced Computer Networks,1,1,0.85,11,0.2667,1
I need help understanding Software Engineering.,Software Engineering,IT,Professor,Machine Learning|Cloud Computing|Advanced DBMS,0,0,1.0,5,0.6667,0
I have an academic query regarding Data Structures.,Data Structures,MCA,Professor,DBMS|Algorithms|Artificial Intelligence|Software Engineering,0,1,1.0,3,0.8,0
I have a question about Statistics.,Statistics,MCA,Associate Professor,Computer Networks|Web Development|Data Structures|DBMS,0,1,0.85,7,0.5333,0
Can you explain an issue related to Advanced Computer Networks?,Advanced Computer Networks,MCA,Lecturer,Statistics|Web Development|Machine Learning|Python|DBMS,0,1,0.55,9,0.4,0
Could you help me with the Software Engineering syllabus?,Software Engineering,CSE,Professor,Cloud Computing|Algorithms|DBMS,0,1,1.0,13,0.1333,0
I need guidance with my Statistics assignment.,Statistics,CSE,Professor,Python|Algorithms|Statistics|Machine Learning|Software Engineering,1,1,1.0,11,0.2667,1
I need help understanding Web Development.,Web Development,CSE,Associate Professor,Advanced Computer Networks|Artificial Intelligence|Operating Systems,0,1,0.85,14,0.0667,1
I am facing difficulty in Data Science and need clarification.,Data Science,IT,Professor,Web Development|Data Structures,0,1,1.0,6,0.6,1
I am facing difficulty in Algorithms and need clarification.,Algorithms,CSE,Associate Professor,Computer Networks,0,1,0.85,15,0.0,0
Please clarify the Deep Learning topic related to my course.,Deep Learning,IT,Associate Professor,Deep Learning|Web Development|DBMS|Operating Systems,1,1,0.85,4,0.7333,1
I need guidance with my DBMS assignment.,DBMS,CSE,Professor,Web Development|Java,0,1,1.0,0,1.0,0
I am facing difficulty in Java and need clarification.,Java,IT,Professor,Machine Learning|Computer Networks|Java|Software Engineering|Advanced Computer Networks,1,1,1.0,14,0.0667,1
I have an academic query regarding DBMS.,DBMS,CSE,Lecturer,Cloud Computing,0,1,0.55,6,0.6,0
I need guidance with my Advanced Computer Networks assignment.,Advanced Computer Networks,IT,Associate Professor,Data Science,0,1,0.85,2,0.8667,1
Could you help me with the Advanced DBMS syllabus?,Advanced DBMS,IT,Assistant Professor,Advanced Computer Networks|Data Science|Data Structures|Web Development|Software Engineering,0,1,0.7,14,0.0667,0
I need guidance with my Python assignment.,Python,CSE,Lecturer,DBMS|Algorithms|Web Development|Deep Learning,0,1,0.55,12,0.2,1
I have an academic query regarding DBMS.,DBMS,CSE,Assistant Professor,Machine Learning|Data Science|Artificial Intelligence|Statistics,0,1,0.7,4,0.7333,1
I have a question about Machine Learning.,Machine Learning,CSE,Lecturer,Statistics|Deep Learning|Artificial Intelligence|Advanced DBMS,0,1,0.55,11,0.2667,0
Can you explain an issue related to Operating Systems?,Operating Systems,MCA,Associate Professor,Data Science|Python|Machine Learning|Computer Networks|Software Engineering,0,1,0.85,3,0.8,0
I need guidance with my DBMS assignment.,DBMS,CSE,Assistant Professor,Algorithms|Machine Learning|Java,0,1,0.7,6,0.6,0
I have an academic query regarding DBMS.,DBMS,CSE,Lecturer,Python|Java|DBMS|Statistics|Artificial Intelligence,1,1,0.55,5,0.6667,1
I have an academic query regarding DBMS.,DBMS,CSE,Lecturer,Artificial Intelligence|Advanced Computer Networks,0,0,0.55,7,0.5333,0
Could you help me with the Web Development syllabus?,Web Development,MCA,Associate Professor,Deep Learning,0,0,0.85,1,0.9333,0
I have a question about Cloud Computing.,Cloud Computing,IT,Professor,Deep Learning|Advanced Computer Networks|Python,0,1,1.0,0,1.0,1
Could you help me with the Operating Systems syllabus?,Operating Systems,CSE,Professor,Deep Learning|Data Structures|Software Engineering|Java|Cloud Computing,0,1,1.0,4,0.7333,0
Can you explain an issue related to DBMS?,DBMS,CSE,Lecturer,Computer Networks|Java|Machine Learning|Data Science,0,1,0.55,2,0.8667,1
Can you explain an issue related to Artificial Intelligence?,Artificial Intelligence,IT,Professor,Deep Learning,0,1,1.0,10,0.3333,0
I have an academic query regarding Advanced DBMS.,Advanced DBMS,CSE,Professor,Data Science|Java|DBMS|Advanced Computer Networks,0,1,1.0,11,0.2667,0
Please clarify the Machine Learning topic related to my course.,Machine Learning,CSE,Lecturer,Java,0,1,0.55,14,0.0667,0
I need help understanding Data Science.,Data Science,MCA,Professor,Web Development|Cloud Computing|DBMS,0,1,1.0,4,0.7333,0
I am facing difficulty in Statistics and need clarification.,Statistics,CSE,Lecturer,Operating Systems|Machine Learning|Advanced Computer Networks|Web Development|DBMS,0,1,0.55,6,0.6,0
Could you help me with the Operating Systems syllabus?,Operating Systems,CSE,Lecturer,Advanced Computer Networks,0,1,0.55,3,0.8,0
I am facing difficulty in Java and need clarification.,Java,MCA,Associate Professor,Java|Artificial Intelligence|Data Science|Software Engineering,1,1,0.85,7,0.5333,1
Could you help me with the Web Development syllabus?,Web Development,MCA,Professor,Machine Learning|Web Development|Advanced Computer Networks|Computer Networks|Deep Learning,1,1,1.0,1,0.9333,1
I have an academic query regarding Python.,Python,CSE,Lecturer,Advanced DBMS,0,1,0.55,12,0.2,1
I have an academic query regarding Data Science.,Data Science,MCA,Assistant Professor,Java|Cloud Computing|Advanced Computer Networks|Data Structures,0,1,0.7,12,0.2,0
I am facing difficulty in Data Structures and need clarification.,Data Structures,CSE,Professor,Data Science|Advanced Computer Networks|Computer Networks|Cloud Computing,0,1,1.0,1,0.9333,0
Can you explain an issue related to Statistics?,Statistics,MCA,Professor,Algorithms|Advanced Computer Networks|Python|Data Structures,0,1,1.0,9,0.4,0
I have a question about Machine Learning.,Machine Learning,CSE,Professor,Artificial Intelligence,0,1,1.0,13,0.1333,0
I need guidance with my Operating Systems assignment.,Operating Systems,IT,Professor,Artificial Intelligence|Operating Systems,1,1,1.0,2,0.8667,1
Could you help me with the Python syllabus?,Python,IT,Lecturer,Operating Systems|Advanced Computer Networks|Deep Learning|Statistics,0,1,0.55,9,0.4,0
Can you explain an issue related to Python?,Python,CSE,Associate Professor,Deep Learning|Algorithms,0,1,0.85,0,1.0,0
Could you help me with the Web Development syllabus?,Web Development,MCA,Professor,Java,0,1,1.0,5,0.6667,0
I am facing difficulty in Web Development and need clarification.,Web Development,MCA,Lecturer,Algorithms,0,1,0.55,14,0.0667,1
Can you explain an issue related to Computer Networks?,Computer Networks,IT,Assistant Professor,DBMS|Operating Systems|Algorithms|Advanced Computer Networks,0,1,0.7,4,0.7333,0
Please clarify the Web Development topic related to my course.,Web Development,IT,Lecturer,Advanced Computer Networks|DBMS|Software Engineering,0,1,0.55,12,0.2,0
Could you help me with the Operating Systems syllabus?,Operating Systems,IT,Professor,Operating Systems|Computer Networks,1,1,1.0,15,0.0,0
Can you explain an issue related to Statistics?,Statistics,MCA,Lecturer,Web Development,0,1,0.55,3,0.8,0
Can you explain an issue related to Python?,Python,CSE,Associate Professor,Deep Learning,0,1,0.85,10,0.3333,1
I have an academic query regarding Web Development.,Web Development,CSE,Lecturer,Cloud Computing|Computer Networks|Software Engineering,0,1,0.55,14,0.0667,1
I need help understanding Python.,Python,CSE,Lecturer,Advanced Computer Networks,0,1,0.55,7,0.5333,1
I have a question about Algorithms.,Algorithms,IT,Professor,Cloud Computing|Data Structures|Web Development|Java|Artificial Intelligence,0,1,1.0,4,0.7333,0
I have a question about Python.,Python,MCA,Associate Professor,Machine Learning|Data Science|Algorithms|Python,1,1,0.85,3,0.8,1
I have an academic query regarding Artificial Intelligence.,Artificial Intelligence,CSE,Lecturer,Software Engineering,0,1,0.55,14,0.0667,1
Can you explain an issue related to Operating Systems?,Operating Systems,IT,Professor,Artificial Intelligence|Advanced Computer Networks,0,1,1.0,4,0.7333,0
I have an academic query regarding Data Structures.,Data Structures,CSE,Lecturer,Machine Learning|Cloud Computing|Advanced Computer Networks|Artificial Intelligence|Deep Learning,0,1,0.55,6,0.6,1
Could you help me with the Operating Systems syllabus?,Operating Systems,IT,Professor,Statistics|Advanced Computer Networks|Python|Computer Networks,0,0,1.0,11,0.2667,0
Please clarify the Artificial Intelligence topic related to my course.,Artificial Intelligence,IT,Associate Professor,Artificial Intelligence|DBMS,1,0,0.85,0,1.0,1
I need help understanding Data Structures.,Data Structures,IT,Lecturer,Deep Learning|Algorithms|Computer Networks,0,1,0.55,7,0.5333,0
I need guidance with my Computer Networks assignment.,Computer Networks,CSE,Assistant Professor,Software Engineering,0,1,0.7,13,0.1333,0
Can you explain an issue related to Artificial Intelligence?,Artificial Intelligence,CSE,Lecturer,Operating Systems|Data Science|Software Engineering|Deep Learning,0,1,0.55,2,0.8667,0
I have an academic query regarding Advanced DBMS.,Advanced DBMS,CSE,Associate Professor,DBMS|Cloud Computing|Algorithms|Advanced Computer Networks|Machine Learning,0,1,0.85,7,0.5333,0
I have an academic query regarding Python.,Python,MCA,Associate Professor,Advanced DBMS|Software Engineering|Cloud Computing,0,1,0.85,9,0.4,0
Could you help me with the Advanced Computer Networks syllabus?,Advanced Computer Networks,IT,Lecturer,Software Engineering|Deep Learning|Data Structures|Machine Learning|Statistics,0,1,0.55,7,0.5333,1
I have a question about Operating Systems.,Operating Systems,MCA,Professor,Algorithms|Data Structures|Machine Learning,0,0,1.0,10,0.3333,0
I need help understanding Cloud Computing.,Cloud Computing,IT,Associate Professor,Data Structures|Algorithms|Statistics|Java,0,1,0.85,11,0.2667,0
I have a question about Data Science.,Data Science,IT,Assistant Professor,Advanced Computer Networks|Statistics|Artificial Intelligence|Machine Learning,0,1,0.7,12,0.2,0
I need guidance with my Computer Networks assignment.,Computer Networks,MCA,Associate Professor,Data Structures|Java|Machine Learning,0,1,0.85,0,1.0,1
I need guidance with my Web Development assignment.,Web Development,IT,Lecturer,Advanced Computer Networks|Statistics|Algorithms|Cloud Computing,0,1,0.55,11,0.2667,0
Can you explain an issue related to Web Development?,Web Development,MCA,Associate Professor,Statistics|Operating Systems|Python,0,1,0.85,2,0.8667,0
I am facing difficulty in Cloud Computing and need clarification.,Cloud Computing,CSE,Professor,Data Structures|Software Engineering,0,1,1.0,11,0.2667,0
I have a question about Software Engineering.,Software Engineering,MCA,Professor,Web Development|Java,0,1,1.0,5,0.6667,1
I need help understanding Data Science.,Data Science,IT,Professor,Cloud Computing|Advanced Computer Networks|Data Science,1,1,1.0,4,0.7333,1
Can you explain an issue related to Operating Systems?,Operating Systems,IT,Associate Professor,Statistics|Advanced Computer Networks|Data Structures|Software Engineering|Artificial Intelligence,0,1,0.85,1,0.9333,0
I need help understanding Artificial Intelligence.,Artificial Intelligence,MCA,Lecturer,Software Engineering|Web Development,0,1,0.55,9,0.4,0
I need help understanding Advanced DBMS.,Advanced DBMS,MCA,Lecturer,Data Science|Artificial Intelligence,0,1,0.55,0,1.0,0
I need guidance with my Algorithms assignment.,Algorithms,CSE,Professor,Advanced DBMS|Algorithms|Java|Web Development,1,1,1.0,6,0.6,1
Please clarify the Artificial Intelligence topic related to my course.,Artificial Intelligence,MCA,Assistant Professor,Python|Artificial Intelligence|Data Structures,1,1,0.7,0,1.0,1
I have a question about Machine Learning.,Machine Learning,IT,Professor,Java|Operating Systems|Web Development|Artificial Intelligence|Software Engineering,0,1,1.0,5,0.6667,1
I need help understanding Data Science.,Data Science,MCA,Lecturer,Statistics,0,1,0.55,7,0.5333,0
I am facing difficulty in Data Structures and need clarification.,Data Structures,MCA,Professor,Operating Systems|DBMS,0,0,1.0,8,0.4667,0
Can you explain an issue related to Python?,Python,MCA,Professor,DBMS|Data Science|Software Engineering|Java,0,1,1.0,13,0.1333,0
I have an academic query regarding Deep Learning.,Deep Learning,CSE,Lecturer,Cloud Computing|Algorithms|Web Development|Python|DBMS,0,1,0.55,6,0.6,0
I am facing difficulty in Web Development and need clarification.,Web Development,CSE,Assistant Professor,Data Science,0,1,0.7,13,0.1333,0
I have an academic query regarding Data Science.,Data Science,MCA,Assistant Professor,Python|Data Science|Machine Learning,1,1,0.7,3,0.8,1
I need guidance with my DBMS assignment.,DBMS,IT,Lecturer,Data Structures|Data Science,0,1,0.55,9,0.4,1
I need help understanding Data Science.,Data Science,CSE,Professor,Software Engineering|Data Structures|Machine Learning|Web Development|Algorithms,0,1,1.0,3,0.8,1
Can you explain an issue related to Python?,Python,CSE,Associate Professor,Advanced DBMS|DBMS,0,1,0.85,1,0.9333,1
I have an academic query regarding Statistics.,Statistics,IT,Lecturer,Advanced Computer Networks|Web Development|Statistics,1,1,0.55,1,0.9333,1
I need guidance with my Algorithms assignment.,Algorithms,CSE,Associate Professor,Computer Networks|Web Development|Data Science,0,1,0.85,2,0.8667,1
Can you explain an issue related to Advanced DBMS?,Advanced DBMS,CSE,Assistant Professor,Software Engineering|Advanced DBMS|Advanced Computer Networks|Statistics|Web Development,1,1,0.7,5,0.6667,1
I am facing difficulty in Artificial Intelligence and need clarification.,Artificial Intelligence,CSE,Assistant Professor,Data Science|Advanced Computer Networks|Data Structures|DBMS|Advanced DBMS,0,1,0.7,0,1.0,0
Can you explain an issue related to Deep Learning?,Deep Learning,IT,Lecturer,Java,0,0,0.55,4,0.7333,0
I am facing difficulty in Web Development and need clarification.,Web Development,IT,Assistant Professor,Web Development|Advanced DBMS|Data Science,1,1,0.7,11,0.2667,1
I have an academic query regarding Python.,Python,CSE,Lecturer,Artificial Intelligence|Deep Learning|Python|Algorithms|Cloud Computing,1,1,0.55,7,0.5333,1
Could you help me with the Python syllabus?,Python,CSE,Lecturer,Statistics|Operating Systems,0,1,0.55,3,0.8,1
Can you explain an issue related to Data Science?,Data Science,IT,Assistant Professor,Statistics|Machine Learning|Cloud Computing|Data Structures|Algorithms,0,0,0.7,5,0.6667,0
Could you help me with the Computer Networks syllabus?,Computer Networks,CSE,Lecturer,Data Science,0,0,0.55,6,0.6,0
Can you explain an issue related to Artificial Intelligence?,Artificial Intelligence,MCA,Associate Professor,Algorithms,0,1,0.85,3,0.8,0
I am facing difficulty in Algorithms and need clarification.,Algorithms,IT,Associate Professor,Deep Learning|Python|Web Development|Computer Networks,0,0,0.85,7,0.5333,0
Please clarify the Data Structures topic related to my course.,Data Structures,IT,Assistant Professor,Data Structures|Web Development,1,1,0.7,12,0.2,1
I am facing difficulty in Operating Systems and need clarification.,Operating Systems,MCA,Lecturer,Advanced Computer Networks|Machine Learning|Web Development|Java,0,1,0.55,0,1.0,0
I have an academic query regarding Java.,Java,IT,Assistant Professor,Python|Statistics|Data Structures,0,0,0.7,8,0.4667,0
Can you explain an issue related to Operating Systems?,Operating Systems,MCA,Professor,Cloud Computing|Advanced DBMS|Web Development|Computer Networks,0,1,1.0,10,0.3333,1
Can you explain an issue related to Java?,Java,CSE,Assistant Professor,Deep Learning|Cloud Computing|Data Science|Algorithms|Web Development,0,1,0.7,10,0.3333,0
I am facing difficulty in Data Structures and need clarification.,Data Structures,CSE,Professor,Software Engineering|Web Development|Operating Systems|Data Structures,1,1,1.0,7,0.5333,1
Can you explain an issue related to Python?,Python,CSE,Professor,Algorithms|Java|Software Engineering|Deep Learning,0,0,1.0,1,0.9333,0
I have a question about Machine Learning.,Machine Learning,CSE,Professor,Statistics|Cloud Computing|Machine Learning|Python,1,1,1.0,6,0.6,1
Can you explain an issue related to Data Science?,Data Science,CSE,Associate Professor,Advanced DBMS|DBMS|Deep Learning|Statistics,0,1,0.85,10,0.3333,1
I need help understanding Computer Networks.,Computer Networks,CSE,Assistant Professor,Python|Machine Learning,0,1,0.7,7,0.5333,1
I have an academic query regarding Cloud Computing.,Cloud Computing,CSE,Associate Professor,Statistics|Advanced Computer Networks,0,1,0.85,10,0.3333,0
Could you help me with the Statistics syllabus?,Statistics,MCA,Assistant Professor,Machine Learning|Computer Networks|Artificial Intelligence|Statistics|Deep Learning,1,1,0.7,15,0.0,1
I need help understanding Python.,Python,MCA,Associate Professor,Python|Web Development|Advanced DBMS,1,1,0.85,1,0.9333,1
I have an academic query regarding Machine Learning.,Machine Learning,MCA,Lecturer,Algorithms,0,1,0.55,6,0.6,0
Please clarify the Operating Systems topic related to my course.,Operating Systems,CSE,Assistant Professor,Cloud Computing|Deep Learning|Data Structures|Artificial Intelligence,0,1,0.7,7,0.5333,0
I need help understanding DBMS.,DBMS,CSE,Professor,Python|Data Science|Advanced Computer Networks|Web Development,0,1,1.0,4,0.7333,1
I have a question about Advanced Computer Networks.,Advanced Computer Networks,IT,Professor,Cloud Computing|Java|DBMS,0,1,1.0,11,0.2667,1
I need guidance with my Operating Systems assignment.,Operating Systems,CSE,Assistant Professor,Python|Data Structures|Data Science,0,1,0.7,13,0.1333,1
Can you explain an issue related to Software Engineering?,Software Engineering,MCA,Lecturer,Algorithms|Java|Statistics|Cloud Computing,0,1,0.55,4,0.7333,0
Could you help me with the Machine Learning syllabus?,Machine Learning,CSE,Lecturer,Data Science,0,1,0.55,7,0.5333,0
I need guidance with my DBMS assignment.,DBMS,CSE,Professor,Advanced DBMS|DBMS,1,1,1.0,14,0.0667,1
Please clarify the Data Science topic related to my course.,Data Science,CSE,Professor,Machine Learning|Software Engineering|Python|Advanced Computer Networks,0,1,1.0,2,0.8667,0
I am facing difficulty in Advanced DBMS and need clarification.,Advanced DBMS,MCA,Professor,Computer Networks|Operating Systems,0,1,1.0,1,0.9333,0
Please clarify the Advanced DBMS topic related to my course.,Advanced DBMS,MCA,Lecturer,Artificial Intelligence|Computer Networks,0,1,0.55,7,0.5333,0
I need help understanding Advanced DBMS.,Advanced DBMS,IT,Lecturer,DBMS|Deep Learning|Data Science|Software Engineering|Advanced DBMS,1,1,0.55,15,0.0,1
I have a question about Software Engineering.,Software Engineering,MCA,Professor,DBMS|Data Structures|Operating Systems|Deep Learning|Python,0,1,1.0,8,0.4667,1
I need help understanding Python.,Python,CSE,Assistant Professor,Statistics|Advanced DBMS|Data Structures|Operating Systems,0,0,0.7,1,0.9333,0
I have an academic query regarding Advanced DBMS.,Advanced DBMS,IT,Professor,Advanced DBMS,1,1,1.0,1,0.9333,1
I have a question about Software Engineering.,Software Engineering,IT,Lecturer,Data Structures|Python|Artificial Intelligence,0,1,0.55,8,0.4667,0
I am facing difficulty in Software Engineering and need clarification.,Software Engineering,IT,Professor,Operating Systems|Statistics|Artificial Intelligence|Web Development,0,1,1.0,10,0.3333,1
I have a question about Computer Networks.,Computer Networks,CSE,Lecturer,Algorithms|Data Structures|Operating Systems,0,0,0.55,8,0.4667,1
I am facing difficulty in Operating Systems and need clarification.,Operating Systems,CSE,Assistant Professor,Statistics|Data Structures|Cloud Computing|Software Engineering,0,1,0.7,13,0.1333,1
I need help understanding DBMS.,DBMS,IT,Assistant Professor,Cloud Computing|Machine Learning,0,1,0.7,4,0.7333,0
Please clarify the Cloud Computing topic related to my course.,Cloud Computing,IT,Professor,Operating Systems|Deep Learning|Advanced Computer Networks|Data Science,0,1,1.0,6,0.6,0
Could you help me with the Data Structures syllabus?,Data Structures,CSE,Professor,Cloud Computing|Data Structures|Operating Systems,1,1,1.0,6,0.6,1
I have an academic query regarding Cloud Computing.,Cloud Computing,CSE,Lecturer,Web Development|Artificial Intelligence|Algorithms|Advanced Computer Networks|Java,0,1,0.55,3,0.8,0
Please clarify the DBMS topic related to my course.,DBMS,IT,Assistant Professor,Web Development|Operating Systems,0,1,0.7,12,0.2,0
Please clarify the Artificial Intelligence topic related to my course.,Artificial Intelligence,IT,Assistant Professor,Data Science|Statistics|Data Structures|Web Development|Machine Learning,0,1,0.7,12,0.2,0
Can you explain an issue related to Web Development?,Web Development,MCA,Professor,Statistics|Deep Learning|Web Development|Data Science,1,1,1.0,9,0.4,1
I have a question about Advanced Computer Networks.,Advanced Computer Networks,CSE,Assistant Professor,Cloud Computing|Statistics|Web Development|Artificial Intelligence,0,1,0.7,9,0.4,0
Please clarify the Python topic related to my course.,Python,MCA,Professor,Data Science,0,1,1.0,15,0.0,1
I have an academic query regarding Algorithms.,Algorithms,IT,Assistant Professor,Advanced DBMS,0,1,0.7,1,0.9333,1
I am facing difficulty in Algorithms and need clarification.,Algorithms,MCA,Associate Professor,Advanced DBMS|Machine Learning|Algorithms|Data Science|Python,1,1,0.85,15,0.0,1
I have an academic query regarding Operating Systems.,Operating Systems,IT,Lecturer,Advanced Computer Networks|Software Engineering|Advanced DBMS,0,1,0.55,14,0.0667,0
Can you explain an issue related to Advanced DBMS?,Advanced DBMS,CSE,Associate Professor,Operating Systems|Advanced DBMS|Data Science|DBMS,1,1,0.85,9,0.4,1
Could you help me with the Statistics syllabus?,Statistics,CSE,Professor,Artificial Intelligence|Computer Networks|Deep Learning,0,1,1.0,7,0.5333,0
Please clarify the Cloud Computing topic related to my course.,Cloud Computing,IT,Lecturer,Deep Learning|Cloud Computing|Algorithms|Data Science,1,0,0.55,10,0.3333,1
I have a question about Statistics.,Statistics,CSE,Professor,Data Structures|Java|Algorithms,0,1,1.0,2,0.8667,1
I am facing difficulty in Data Structures and need clarification.,Data Structures,MCA,Associate Professor,Data Structures|Cloud Computing|Artificial Intelligence,1,1,0.85,1,0.9333,1
Can you explain an issue related to Operating Systems?,Operating Systems,CSE,Assistant Professor,Software Engineering,0,1,0.7,8,0.4667,0
I need guidance with my Python assignment.,Python,MCA,Lecturer,Deep Learning|Data Structures|Statistics|Machine Learning|Software Engineering,0,1,0.55,1,0.9333,0
Could you help me with the Artificial Intelligence syllabus?,Artificial Intelligence,IT,Assistant Professor,Software Engineering|Python|Java|Deep Learning,0,1,0.7,2,0.8667,1
I have a question about Deep Learning.,Deep Learning,IT,Associate Professor,Statistics,0,1,0.85,6,0.6,0
I need help understanding Machine Learning.,Machine Learning,MCA,Associate Professor,Operating Systems|DBMS|Advanced DBMS|Java,0,0,0.85,15,0.0,0
I need help understanding Data Science.,Data Science,CSE,Assistant Professor,Advanced DBMS|Algorithms|Statistics,0,1,0.7,3,0.8,0
Can you explain an issue related to Artificial Intelligence?,Artificial Intelligence,CSE,Lecturer,Operating Systems|Statistics|DBMS,0,1,0.55,9,0.4,1
I am facing difficulty in Statistics and need clarification.,Statistics,MCA,Lecturer,Operating Systems|Algorithms|Cloud Computing|Artificial Intelligence|Machine Learning,0,1,0.55,2,0.8667,0
Could you help me with the Python syllabus?,Python,IT,Professor,Web Development|DBMS|Java,0,0,1.0,5,0.6667,0
I have an academic query regarding Data Structures.,Data Structures,IT,Lecturer,Data Structures|Statistics|Advanced Computer Networks|Advanced DBMS|DBMS,1,1,0.55,8,0.4667,1
Can you explain an issue related to Artificial Intelligence?,Artificial Intelligence,MCA,Assistant Professor,Deep Learning,0,0,0.7,4,0.7333,0
Can you explain an issue related to Software Engineering?,Software Engineering,MCA,Assistant Professor,Software Engineering|Advanced DBMS|Web Development|Advanced Computer Networks|Algorithms,1,1,0.7,2,0.8667,0
I am facing difficulty in Operating Systems and need clarification.,Operating Systems,CSE,Associate Professor,Data Science|Deep Learning|Artificial Intelligence|Software Engineering|DBMS,0,0,0.85,9,0.4,0
I need help understanding Advanced Computer Networks.,Advanced Computer Networks,CSE,Assistant Professor,Deep Learning|Artificial Intelligence|Advanced DBMS|Computer Networks,0,1,0.7,12,0.2,1
I need guidance with my Advanced Computer Networks assignment.,Advanced Computer Networks,MCA,Lecturer,Software Engineering,0,1,0.55,8,0.4667,0
I have an academic query regarding Advanced Computer Networks.,Advanced Computer Networks,MCA,Lecturer,DBMS,0,1,0.55,14,0.0667,0
Could you help me with the Advanced Computer Networks syllabus?,Advanced Computer Networks,MCA,Professor,Statistics|Advanced DBMS,0,1,1.0,15,0.0,1
Please clarify the Advanced DBMS topic related to my course.,Advanced DBMS,CSE,Assistant Professor,Web Development|Software Engineering|Deep Learning|Algorithms,0,1,0.7,3,0.8,1
I need guidance with my Computer Networks assignment.,Computer Networks,IT,Professor,Advanced DBMS|Algorithms|Operating Systems|Cloud Computing,0,1,1.0,12,0.2,0
I have a question about Java.,Java,CSE,Assistant Professor,Cloud Computing|Data Structures|Deep Learning|Advanced DBMS|Computer Networks,0,1,0.7,9,0.4,1
I have a question about Advanced DBMS.,Advanced DBMS,IT,Associate Professor,DBMS|Artificial Intelligence|Algorithms,0,0,0.85,12,0.2,0
I have an academic query regarding Python.,Python,IT,Assistant Professor,Data Structures|Java|Artificial Intelligence|Operating Systems,0,1,0.7,5,0.6667,0
I need help understanding Statistics.,Statistics,MCA,Assistant Professor,Machine Learning|Advanced Computer Networks,0,1,0.7,7,0.5333,0
Could you help me with the Statistics syllabus?,Statistics,MCA,Associate Professor,Advanced DBMS|Data Science,0,1,0.85,13,0.1333,0
I need help understanding Java.,Java,MCA,Lecturer,Cloud Computing|DBMS|Computer Networks|Operating Systems,0,1,0.55,10,0.3333,1
Can you explain an issue related to Data Structures?,Data Structures,CSE,Lecturer,Advanced Computer Networks,0,1,0.55,15,0.0,0
I have an academic query regarding Operating Systems.,Operating Systems,CSE,Professor,Software Engineering,0,1,1.0,7,0.5333,0
I am facing difficulty in Web Development and need clarification.,Web Development,IT,Assistant Professor,Advanced Computer Networks|Python|Statistics|Computer Networks,0,1,0.7,4,0.7333,0
I am facing difficulty in Algorithms and need clarification.,Algorithms,IT,Professor,Operating Systems,0,1,1.0,10,0.3333,0
I have a question about Computer Networks.,Computer Networks,MCA,Associate Professor,Advanced Computer Networks|DBMS|Artificial Intelligence|Operating Systems,0,1,0.85,14,0.0667,0
Can you explain an issue related to Java?,Java,IT,Associate Professor,Machine Learning|DBMS|Advanced DBMS,0,1,0.85,9,0.4,0
Could you help me with the Statistics syllabus?,Statistics,CSE,Professor,Deep Learning|Data Structures|Computer Networks,0,1,1.0,2,0.8667,1
I have a question about Java.,Java,CSE,Lecturer,Data Structures|Cloud Computing,0,0,0.55,10,0.3333,0
I need help understanding Java.,Java,CSE,Assistant Professor,Algorithms|Advanced Computer Networks|Deep Learning|Artificial Intelligence,0,1,0.7,2,0.8667,0
Can you explain an issue related to Java?,Java,IT,Assistant Professor,Statistics|Data Structures|Data Science,0,1,0.7,13,0.1333,0
I need guidance with my Operating Systems assignment.,Operating Systems,CSE,Assistant Professor,Software Engineering|Operating Systems,1,1,0.7,13,0.1333,1
I have a question about Computer Networks.,Computer Networks,MCA,Professor,Machine Learning|Advanced Computer Networks,0,0,1.0,7,0.5333,0
Could you help me with the Deep Learning syllabus?,Deep Learning,MCA,Lecturer,Cloud Computing,0,1,0.55,7,0.5333,1
Can you explain an issue related to Machine Learning?,Machine Learning,CSE,Professor,Data Science,0,0,1.0,11,0.2667,0
I am facing difficulty in Statistics and need clarification.,Statistics,CSE,Associate Professor,Cloud Computing|Statistics|Data Science,1,1,0.85,14,0.0667,1
I am facing difficulty in Artificial Intelligence and need clarification.,Artificial Intelligence,CSE,Lecturer,Software Engineering|Web Development|Advanced Computer Networks,0,1,0.55,9,0.4,0
Could you help me with the Python syllabus?,Python,IT,Assistant Professor,Web Development|Data Structures|Data Science|Advanced DBMS|Software Engineering,0,0,0.7,7,0.5333,0
Can you explain an issue related to DBMS?,DBMS,IT,Professor,Deep Learning|Java|Operating Systems|Advanced DBMS,0,0,1.0,9,0.4,0
I need help understanding Web Development.,Web Development,MCA,Assistant Professor,Web Development|DBMS,1,1,0.7,1,0.9333,1
I need guidance with my Artificial Intelligence assignment.,Artificial Intelligence,CSE,Assistant Professor,Artificial Intelligence,1,1,0.7,5,0.6667,1
Could you help me with the Algorithms syllabus?,Algorithms,CSE,Assistant Professor,DBMS|Machine Learning|Cloud Computing,0,1,0.7,4,0.7333,0
I have a question about Operating Systems.,Operating Systems,CSE,Associate Professor,Data Structures,0,1,0.85,4,0.7333,1
I have an academic query regarding Computer Networks.,Computer Networks,IT,Assistant Professor,Advanced DBMS|Artificial Intelligence,0,1,0.7,9,0.4,0
Please clarify the Data Science topic related to my course.,Data Science,IT,Associate Professor,Computer Networks|Software Engineering|Deep Learning|DBMS|Python,0,0,0.85,0,1.0,0
I have a question about Advanced DBMS.,Advanced DBMS,IT,Professor,Machine Learning|Web Development|Algorithms|Software Engineering|Python,0,1,1.0,15,0.0,0
Could you help me with the Data Science syllabus?,Data Science,CSE,Lecturer,Operating Systems|Artificial Intelligence|Algorithms|Cloud Computing|Python,0,1,0.55,4,0.7333,1
I need guidance with my Data Science assignment.,Data Science,MCA,Professor,Computer Networks,0,1,1.0,7,0.5333,1
Please clarify the Algorithms topic related to my course.,Algorithms,MCA,Associate Professor,Software Engineering|Advanced DBMS,0,0,0.85,13,0.1333,0
Please clarify the Advanced DBMS topic related to my course.,Advanced DBMS,CSE,Associate Professor,DBMS|Deep Learning|Cloud Computing,0,1,0.85,0,1.0,0
I need help understanding Computer Networks.,Computer Networks,IT,Professor,Machine Learning|Artificial Intelligence,0,1,1.0,9,0.4,0
Please clarify the Data Structures topic related to my course.,Data Structures,IT,Professor,Data Structures|Artificial Intelligence|Java|Computer Networks|Python,1,1,1.0,11,0.2667,1
I need help understanding Deep Learning.,Deep Learning,IT,Professor,DBMS|Artificial Intelligence|Python|Deep Learning|Software Engineering,1,1,1.0,6,0.6,1
Please clarify the Advanced Computer Networks topic related to my course.,Advanced Computer Networks,CSE,Lecturer,Machine Learning|Java|Statistics|Web Development,0,0,0.55,2,0.8667,0
I have a question about Data Science.,Data Science,IT,Associate Professor,Artificial Intelligence|Deep Learning|Statistics|Operating Systems|Cloud Computing,0,1,0.85,9,0.4,1
Could you help me with the Deep Learning syllabus?,Deep Learning,MCA,Associate Professor,Data Science|Advanced Computer Networks,0,1,0.85,8,0.4667,0
I am facing difficulty in Data Science and need clarification.,Data Science,CSE,Professor,Data Structures|Algorithms|Cloud Computing,0,1,1.0,1,0.9333,0
Can you explain an issue related to Statistics?,Statistics,CSE,Associate Professor,Statistics|DBMS|Deep Learning,1,1,0.85,12,0.2,1
I am facing difficulty in Deep Learning and need clarification.,Deep Learning,CSE,Professor,Algorithms|Artificial Intelligence,0,1,1.0,1,0.9333,1
I need guidance with my Data Science assignment.,Data Science,MCA,Lecturer,Machine Learning|Software Engineering,0,1,0.55,14,0.0667,1
I am facing difficulty in Operating Systems and need clarification.,Operating Systems,CSE,Lecturer,Advanced Computer Networks|DBMS|Cloud Computing|Deep Learning,0,1,0.55,14,0.0667,1
Can you explain an issue related to Deep Learning?,Deep Learning,IT,Assistant Professor,Data Science|Data Structures|Java|Advanced Computer Networks|Machine Learning,0,1,0.7,1,0.9333,0
I am facing difficulty in Advanced Computer Networks and need clarification.,Advanced Computer Networks,MCA,Associate Professor,Computer Networks|Data Science|Cloud Computing,0,1,0.85,10,0.3333,0
I need guidance with my Java assignment.,Java,CSE,Associate Professor,Advanced DBMS|Advanced Computer Networks|Algorithms|Data Structures|Java,1,1,0.85,15,0.0,1
Could you help me with the DBMS syllabus?,DBMS,IT,Assistant Professor,Python|Operating Systems|Advanced DBMS|Statistics|Machine Learning,0,1,0.7,3,0.8,0
I am facing difficulty in Data Science and need clarification.,Data Science,MCA,Assistant Professor,Advanced DBMS|Advanced Computer Networks|Computer Networks|Algorithms|Operating Systems,0,1,0.7,6,0.6,0
I am facing difficulty in Computer Networks and need clarification.,Computer Networks,CSE,Associate Professor,Advanced Computer Networks|Data Science,0,1,0.85,7,0.5333,0
Can you explain an issue related to Web Development?,Web Development,IT,Assistant Professor,Software Engineering|Operating Systems|Algorithms|Computer Networks,0,1,0.7,8,0.4667,1
I need help understanding Algorithms.,Algorithms,MCA,Associate Professor,Cloud Computing,0,1,0.85,14,0.0667,0
Please clarify the Statistics topic related to my course.,Statistics,CSE,Lecturer,Deep Learning,0,1,0.55,9,0.4,1
Can you explain an issue related to Deep Learning?,Deep Learning,IT,Assistant Professor,Artificial Intelligence|Web Development|Advanced Computer Networks,0,1,0.7,3,0.8,0
Could you help me with the Cloud Computing syllabus?,Cloud Computing,MCA,Professor,Cloud Computing|Deep Learning|Machine Learning|DBMS,1,1,1.0,0,1.0,1
I need guidance with my Artificial Intelligence assignment.,Artificial Intelligence,MCA,Associate Professor,Data Science|Python|Advanced DBMS|Statistics,0,1,0.85,8,0.4667,0
Please clarify the Operating Systems topic related to my course.,Operating Systems,MCA,Lecturer,Advanced Computer Networks|Cloud Computing|Operating Systems|Algorithms|DBMS,1,0,0.55,7,0.5333,1
Could you help me with the Operating Systems syllabus?,Operating Systems,MCA,Associate Professor,Operating Systems|Python|DBMS,1,0,0.85,11,0.2667,1
I need help understanding Data Science.,Data Science,MCA,Associate Professor,Artificial Intelligence,0,1,0.85,13,0.1333,0
I need help understanding DBMS.,DBMS,CSE,Associate Professor,Data Structures|Cloud Computing,0,1,0.85,15,0.0,0
I need guidance with my Deep Learning assignment.,Deep Learning,IT,Lecturer,Cloud Computing|Advanced Computer Networks,0,1,0.55,1,0.9333,0
Please clarify the Statistics topic related to my course.,Statistics,MCA,Associate Professor,Data Science|Artificial Intelligence|Computer Networks,0,1,0.85,11,0.2667,1
Can you explain an issue related to Artificial Intelligence?,Artificial Intelligence,MCA,Lecturer,Data Science|Advanced Computer Networks|DBMS,0,1,0.55,8,0.4667,0
I need guidance with my Algorithms assignment.,Algorithms,CSE,Professor,Software Engineering,0,1,1.0,15,0.0,0
I need guidance with my Python assignment.,Python,IT,Professor,Advanced DBMS|Web Development|DBMS,0,1,1.0,12,0.2,0
Please clarify the Java topic related to my course.,Java,MCA,Professor,Web Development|Software Engineering|Artificial Intelligence|Advanced Computer Networks,0,1,1.0,0,1.0,0
I need guidance with my Software Engineering assignment.,Software Engineering,IT,Professor,Computer Networks|Operating Systems|DBMS|Advanced Computer Networks,0,1,1.0,9,0.4,0
Could you help me with the Advanced DBMS syllabus?,Advanced DBMS,MCA,Assistant Professor,Software Engineering,0,1,0.7,7,0.5333,0
Please clarify the Operating Systems topic related to my course.,Operating Systems,IT,Lecturer,Machine Learning,0,1,0.55,14,0.0667,1
I have an academic query regarding DBMS.,DBMS,IT,Assistant Professor,Statistics|Cloud Computing|Machine Learning,0,1,0.7,7,0.5333,1
I need guidance with my Java assignment.,Java,IT,Assistant Professor,Java,1,1,0.7,7,0.5333,1
Could you help me with the DBMS syllabus?,DBMS,IT,Associate Professor,Algorithms|Advanced DBMS,0,1,0.85,15,0.0,0
I am facing difficulty in Algorithms and need clarification.,Algorithms,IT,Professor,Machine Learning|DBMS,0,1,1.0,10,0.3333,0
I am facing difficulty in Algorithms and need clarification.,Algorithms,MCA,Professor,Data Structures|DBMS|Statistics,0,1,1.0,2,0.8667,0
Could you help me with the Machine Learning syllabus?,Machine Learning,IT,Assistant Professor,Data Science,0,1,0.7,3,0.8,1
Can you explain an issue related to Deep Learning?,Deep Learning,MCA,Assistant Professor,Operating Systems|Data Structures|Computer Networks|Web Development,0,1,0.7,3,0.8,0
I need guidance with my Machine Learning assignment.,Machine Learning,IT,Lecturer,Java|Advanced DBMS|Web Development,0,1,0.55,15,0.0,1
I need guidance with my Advanced DBMS assignment.,Advanced DBMS,MCA,Lecturer,Java|Algorithms|Advanced Computer Networks|Data Science,0,1,0.55,3,0.8,0
I need help understanding Advanced Computer Networks.,Advanced Computer Networks,MCA,Assistant Professor,Advanced DBMS,0,1,0.7,0,1.0,0
I need guidance with my Advanced DBMS assignment.,Advanced DBMS,CSE,Lecturer,Machine Learning|Software Engineering|Python|Computer Networks|Algorithms,0,1,0.55,4,0.7333,0
I have a question about Computer Networks.,Computer Networks,IT,Associate Professor,Web Development|Statistics|Machine Learning|Computer Networks|DBMS,1,1,0.85,4,0.7333,0
I have a question about Data Science.,Data Science,MCA,Lecturer,Data Science,1,1,0.55,7,0.5333,1
Can you explain an issue related to Data Structures?,Data Structures,IT,Lecturer,Advanced Computer Networks|Advanced DBMS|Data Science|Data Structures,1,1,0.55,1,0.9333,1
I need help understanding Operating Systems.,Operating Systems,IT,Assistant Professor,DBMS|Software Engineering|Advanced Computer Networks|Web Development|Data Structures,0,1,0.7,13,0.1333,0
I am facing difficulty in Software Engineering and need clarification.,Software Engineering,CSE,Professor,Java|Operating Systems|Cloud Computing|Advanced DBMS,0,1,1.0,14,0.0667,1
I have an academic query regarding Cloud Computing.,Cloud Computing,CSE,Assistant Professor,Data Structures,0,1,0.7,3,0.8,0
I need help understanding Algorithms.,Algorithms,CSE,Assistant Professor,Machine Learning,0,1,0.7,10,0.3333,0
Could you help me with the Machine Learning syllabus?,Machine Learning,MCA,Lecturer,Cloud Computing|Advanced Computer Networks,0,1,0.55,4,0.7333,0
I am facing difficulty in Operating Systems and need clarification.,Operating Systems,CSE,Associate Professor,Statistics|Advanced Computer Networks|Deep Learning,0,1,0.85,1,0.9333,0
I need help understanding Operating Systems.,Operating Systems,MCA,Lecturer,Python|Artificial Intelligence,0,1,0.55,10,0.3333,1
I have a question about Operating Systems.,Operating Systems,CSE,Lecturer,Web Development|Deep Learning|Artificial Intelligence|Advanced DBMS,0,1,0.55,6,0.6,0
I am facing difficulty in Machine Learning and need clarification.,Machine Learning,IT,Assistant Professor,Cloud Computing|Software Engineering,0,1,0.7,6,0.6,1
Can you explain an issue related to Software Engineering?,Software Engineering,MCA,Associate Professor,DBMS|Data Structures|Operating Systems,0,0,0.85,12,0.2,0
Can you explain an issue related to Statistics?,Statistics,MCA,Associate Professor,Advanced DBMS|Data Structures|Algorithms|Cloud Computing,0,1,0.85,3,0.8,1
I have a question about Algorithms.,Algorithms,IT,Professor,Java,0,1,1.0,6,0.6,1
Can you explain an issue related to Computer Networks?,Computer Networks,IT,Lecturer,Operating Systems,0,1,0.55,7,0.5333,0
I am facing difficulty in Deep Learning and need clarification.,Deep Learning,IT,Associate Professor,Operating Systems|Web Development|Computer Networks|Python|Cloud Computing,0,0,0.85,4,0.7333,0
Please clarify the Data Science topic related to my course.,Data Science,CSE,Lecturer,Statistics|Deep Learning,0,1,0.55,11,0.2667,0
I need help understanding Algorithms.,Algorithms,CSE,Lecturer,Data Science|Cloud Computing|DBMS|Advanced DBMS|Web Development,0,1,0.55,9,0.4,0
I need help understanding Deep Learning.,Deep Learning,CSE,Lecturer,Advanced Computer Networks|Statistics|Java|Python|Artificial Intelligence,0,1,0.55,0,1.0,1
Can you explain an issue related to Statistics?,Statistics,MCA,Lecturer,Data Structures|Web Development|Java|Deep Learning|DBMS,0,1,0.55,4,0.7333,0
Please clarify the Machine Learning topic related to my course.,Machine Learning,MCA,Lecturer,Statistics|Computer Networks|Python|Deep Learning|Machine Learning,1,1,0.55,0,1.0,1
I have a question about Data Structures.,Data Structures,CSE,Lecturer,Web Development|Artificial Intelligence|Python,0,1,0.55,0,1.0,1
I am facing difficulty in Cloud Computing and need clarification.,Cloud Computing,CSE,Lecturer,Cloud Computing|Machine Learning|Computer Networks|Python|Advanced Computer Networks,1,1,0.55,9,0.4,1
I have a question about Artificial Intelligence.,Artificial Intelligence,CSE,Lecturer,DBMS|Web Development,0,1,0.55,2,0.8667,0
Please clarify the Advanced Computer Networks topic related to my course.,Advanced Computer Networks,IT,Assistant Professor,Java|DBMS,0,0,0.7,12,0.2,0
I have an academic query regarding Python.,Python,CSE,Lecturer,Statistics|Java,0,1,0.55,13,0.1333,1
I have an academic query regarding Python.,Python,IT,Assistant Professor,Computer Networks,0,1,0.7,11,0.2667,0
I have a question about Software Engineering.,Software Engineering,CSE,Lecturer,Computer Networks|Artificial Intelligence|Advanced Computer Networks,0,1,0.55,15,0.0,1
Could you help me with the DBMS syllabus?,DBMS,IT,Professor,DBMS,1,1,1.0,14,0.0667,0
Can you explain an issue related to Cloud Computing?,Cloud Computing,MCA,Associate Professor,Cloud Computing|Statistics|Deep Learning,1,1,0.85,5,0.6667,1
Please clarify the Java topic related to my course.,Java,IT,Lecturer,Computer Networks|Artificial Intelligence|Data Structures,0,1,0.55,0,1.0,0
Can you explain an issue related to Machine Learning?,Machine Learning,IT,Professor,Data Structures|Software Engineering|Computer Networks,0,1,1.0,0,1.0,0
I have an academic query regarding DBMS.,DBMS,CSE,Assistant Professor,Statistics|Computer Networks|Python,0,1,0.7,11,0.2667,0
Could you help me with the Artificial Intelligence syllabus?,Artificial Intelligence,CSE,Lecturer,Data Science,0,1,0.55,15,0.0,1
Could you help me with the Java syllabus?,Java,IT,Assistant Professor,Deep Learning|Data Science|DBMS|Advanced DBMS|Cloud Computing,0,1,0.7,7,0.5333,0
I have a question about Software Engineering.,Software Engineering,IT,Assistant Professor,Algorithms|Computer Networks|Web Development,0,0,0.7,7,0.5333,0
I am facing difficulty in Python and need clarification.,Python,MCA,Professor,Cloud Computing|Software Engineering|Advanced DBMS,0,0,1.0,2,0.8667,0
Could you help me with the Java syllabus?,Java,IT,Lecturer,Artificial Intelligence|Advanced Computer Networks|Algorithms|DBMS,0,1,0.55,8,0.4667,0
Could you help me with the Data Structures syllabus?,Data Structures,CSE,Associate Professor,Machine Learning|Cloud Computing|Artificial Intelligence|Web Development|Advanced DBMS,0,1,0.85,7,0.5333,1
Could you help me with the Operating Systems syllabus?,Operating Systems,CSE,Associate Professor,Advanced Computer Networks|Java|Cloud Computing,0,0,0.85,11,0.2667,0
Please clarify the Python topic related to my course.,Python,MCA,Professor,Deep Learning|Web Development,0,1,1.0,7,0.5333,0
I have a question about Data Science.,Data Science,IT,Professor,Python|Java,0,1,1.0,9,0.4,0
Please clarify the Java topic related to my course.,Java,IT,Professor,Algorithms|Cloud Computing,0,1,1.0,8,0.4667,0
Can you explain an issue related to Artificial Intelligence?,Artificial Intelligence,CSE,Professor,Advanced DBMS|Deep Learning,0,1,1.0,1,0.9333,0
I have an academic query regarding Cloud Computing.,Cloud Computing,IT,Assistant Professor,Software Engineering|Artificial Intelligence|Python,0,1,0.7,1,0.9333,1
Could you help me with the Deep Learning syllabus?,Deep Learning,CSE,Associate Professor,Computer Networks|Web Development,0,1,0.85,13,0.1333,0
I am facing difficulty in Data Science and need clarification.,Data Science,MCA,Associate Professor,Python|Data Structures|Web Development|Data Science|Cloud Computing,1,0,0.85,5,0.6667,1
I am facing difficulty in Computer Networks and need clarification.,Computer Networks,IT,Professor,Data Science,0,1,1.0,9,0.4,0
Please clarify the Deep Learning topic related to my course.,Deep Learning,IT,Professor,Machine Learning|Cloud Computing|Web Development,0,0,1.0,2,0.8667,0
Can you explain an issue related to Computer Networks?,Computer Networks,CSE,Assistant Professor,Web Development,0,1,0.7,3,0.8,0
I have a question about Software Engineering.,Software Engineering,IT,Lecturer,Data Structures,0,1,0.55,15,0.0,1
Please clarify the Data Science topic related to my course.,Data Science,IT,Assistant Professor,DBMS|Computer Networks|Web Development|Artificial Intelligence|Cloud Computing,0,0,0.7,11,0.2667,1
I need help understanding Software Engineering.,Software Engineering,MCA,Associate Professor,Advanced Computer Networks|Computer Networks|Software Engineering|Artificial Intelligence|Machine Learning,1,1,0.85,8,0.4667,1
Please clarify the DBMS topic related to my course.,DBMS,MCA,Assistant Professor,Machine Learning,0,0,0.7,6,0.6,0
Please clarify the Algorithms topic related to my course.,Algorithms,CSE,Assistant Professor,Web Development|Cloud Computing|Artificial Intelligence|Data Structures|Advanced Computer Networks,0,1,0.7,0,1.0,0
I need guidance with my Artificial Intelligence assignment.,Artificial Intelligence,IT,Associate Professor,DBMS|Machine Learning|Python|Deep Learning,0,0,0.85,12,0.2,0
Please clarify the Artificial Intelligence topic related to my course.,Artificial Intelligence,CSE,Assistant Professor,Artificial Intelligence|Advanced DBMS|Machine Learning|Statistics,1,1,0.7,1,0.9333,1
I am facing difficulty in Artificial Intelligence and need clarification.,Artificial Intelligence,MCA,Associate Professor,Advanced Computer Networks|Computer Networks,0,1,0.85,10,0.3333,0
Please clarify the DBMS topic related to my course.,DBMS,MCA,Lecturer,Advanced Computer Networks|Deep Learning,0,1,0.55,10,0.3333,0
I need guidance with my Data Science assignment.,Data Science,IT,Lecturer,Cloud Computing,0,0,0.55,1,0.9333,0
Could you help me with the Data Science syllabus?,Data Science,CSE,Associate Professor,Artificial Intelligence,0,1,0.85,1,0.9333,0
Could you help me with the Data Science syllabus?,Data Science,IT,Professor,Operating Systems|Deep Learning|Web Development|Data Structures,0,1,1.0,8,0.4667,1
I need guidance with my Machine Learning assignment.,Machine Learning,IT,Professor,Algorithms|Deep Learning|DBMS|Data Science|Cloud Computing,0,1,1.0,7,0.5333,1
I have a question about Operating Systems.,Operating Systems,CSE,Assistant Professor,Cloud Computing,0,1,0.7,10,0.3333,0
I need guidance with my Software Engineering assignment.,Software Engineering,MCA,Lecturer,Python|Cloud Computing|Computer Networks,0,1,0.55,7,0.5333,0
I need guidance with my Machine Learning assignment.,Machine Learning,CSE,Assistant Professor,Operating Systems|Artificial Intelligence,0,1,0.7,0,1.0,1
Could you help me with the Statistics syllabus?,Statistics,IT,Lecturer,Advanced DBMS|Python|Software Engineering|Deep Learning,0,1,0.55,9,0.4,0
Could you help me with the Artificial Intelligence syllabus?,Artificial Intelligence,IT,Assistant Professor,Machine Learning|Deep Learning,0,1,0.7,9,0.4,0
I am facing difficulty in Deep Learning and need clarification.,Deep Learning,CSE,Assistant Professor,Data Structures|Python|Java|Data Science,0,1,0.7,12,0.2,1
Can you explain an issue related to Cloud Computing?,Cloud Computing,MCA,Professor,Cloud Computing|DBMS|Data Structures|Web Development,1,1,1.0,13,0.1333,1
Could you help me with the Java syllabus?,Java,IT,Associate Professor,Cloud Computing|Software Engineering|Advanced Computer Networks,0,1,0.85,3,0.8,0
Can you explain an issue related to Advanced DBMS?,Advanced DBMS,CSE,Lecturer,Machine Learning|Advanced DBMS|Data Structures,1,0,0.55,15,0.0,0
Could you help me with the Artificial Intelligence syllabus?,Artificial Intelligence,IT,Associate Professor,DBMS|Operating Systems|Artificial Intelligence,1,0,0.85,10,0.3333,1
I have a question about Machine Learning.,Machine Learning,MCA,Assistant Professor,Java|Cloud Computing|Statistics|Machine Learning|Advanced Computer Networks,1,1,0.7,11,0.2667,0
I have an academic query regarding Python.,Python,MCA,Professor,Advanced Computer Networks|Python|Deep Learning,1,1,1.0,6,0.6,1
Please clarify the Web Development topic related to my course.,Web Development,CSE,Professor,Advanced Computer Networks|Java|Python,0,1,1.0,4,0.7333,1
I have an academic query regarding Data Science.,Data Science,IT,Professor,Operating Systems|Data Structures,0,0,1.0,7,0.5333,0
I am facing difficulty in Artificial Intelligence and need clarification.,Artificial Intelligence,CSE,Professor,Algorithms|Advanced Computer Networks|DBMS|Web Development|Cloud Computing,0,0,1.0,14,0.0667,0
I need help understanding DBMS.,DBMS,IT,Assistant Professor,DBMS,1,1,0.7,3,0.8,1
Could you help me with the Advanced Computer Networks syllabus?,Advanced Computer Networks,MCA,Associate Professor,Data Structures|Artificial Intelligence|Operating Systems|Machine Learning,0,1,0.85,1,0.9333,0
I need guidance with my DBMS assignment.,DBMS,CSE,Associate Professor,Web Development|Statistics|Operating Systems|Cloud Computing,0,1,0.85,13,0.1333,0
I need help understanding Web Development.,Web Development,IT,Lecturer,Java|Web Development|Software Engineering|Artificial Intelligence,1,1,0.55,9,0.4,1
I need guidance with my Computer Networks assignment.,Computer Networks,IT,Lecturer,Python|Java,0,1,0.55,5,0.6667,1
I need guidance with my Computer Networks assignment.,Computer Networks,CSE,Professor,Statistics,0,0,1.0,5,0.6667,0
I am facing difficulty in Machine Learning and need clarification.,Machine Learning,MCA,Assistant Professor,Web Development|Advanced Computer Networks|Operating Systems,0,1,0.7,5,0.6667,0
I am facing difficulty in Advanced DBMS and need clarification.,Advanced DBMS,MCA,Assistant Professor,Cloud Computing|Algorithms|Computer Networks|Statistics,0,0,0.7,1,0.9333,0
Please clarify the Java topic related to my course.,Java,CSE,Lecturer,DBMS,0,1,0.55,15,0.0,0
Please clarify the Computer Networks topic related to my course.,Computer Networks,IT,Lecturer,Web Development|Computer Networks|Machine Learning|Advanced DBMS|Cloud Computing,1,1,0.55,4,0.7333,1
Please clarify the Machine Learning topic related to my course.,Machine Learning,CSE,Assistant Professor,Operating Systems,0,1,0.7,8,0.4667,1
I need guidance with my Data Science assignment.,Data Science,CSE,Professor,Java|Web Development|Artificial Intelligence,0,1,1.0,12,0.2,0
Please clarify the Statistics topic related to my course.,Statistics,CSE,Assistant Professor,Computer Networks|Artificial Intelligence,0,1,0.7,15,0.0,1
I am facing difficulty in Web Development and need clarification.,Web Development,MCA,Associate Professor,Operating Systems|Statistics,0,1,0.85,13,0.1333,0
I have an academic query regarding Data Science.,Data Science,MCA,Professor,Computer Networks,0,1,1.0,9,0.4,1
I have a question about Algorithms.,Algorithms,CSE,Assistant Professor,Software Engineering|Artificial Intelligence|Web Development|Operating Systems|Data Structures,0,1,0.7,15,0.0,0
I am facing difficulty in DBMS and need clarification.,DBMS,MCA,Assistant Professor,DBMS|Algorithms|Java|Data Structures|Deep Learning,1,1,0.7,7,0.5333,1
I need guidance with my Java assignment.,Java,IT,Professor,Computer Networks|Deep Learning,0,1,1.0,5,0.6667,1
Can you explain an issue related to Operating Systems?,Operating Systems,IT,Professor,Data Science|Java|Advanced Computer Networks|Deep Learning,0,1,1.0,9,0.4,0
I have a question about Cloud Computing.,Cloud Computing,IT,Lecturer,Statistics|Algorithms|Web Development,0,0,0.55,8,0.4667,1
I need help understanding Advanced Computer Networks.,Advanced Computer Networks,CSE,Lecturer,Web Development|Cloud Computing|Data Science|Statistics,0,1,0.55,14,0.0667,0
Can you explain an issue related to Advanced DBMS?,Advanced DBMS,IT,Associate Professor,Advanced DBMS,1,1,0.85,4,0.7333,1
Can you explain an issue related to Data Structures?,Data Structures,CSE,Associate Professor,Operating Systems|Statistics|Artificial Intelligence|Computer Networks,0,1,0.85,6,0.6,0
Could you help me with the Data Science syllabus?,Data Science,CSE,Assistant Professor,Software Engineering|Advanced DBMS|Python|Cloud Computing|Data Science,1,0,0.7,12,0.2,1
I need guidance with my Machine Learning assignment.,Machine Learning,CSE,Assistant Professor,Deep Learning|Advanced DBMS,0,1,0.7,8,0.4667,1
I need help understanding Data Structures.,Data Structures,IT,Assistant Professor,Artificial Intelligence|Deep Learning|Operating Systems|Python|DBMS,0,0,0.7,13,0.1333,0
Please clarify the Operating Systems topic related to my course.,Operating Systems,MCA,Professor,Cloud Computing,0,1,1.0,14,0.0667,0
Could you help me with the Algorithms syllabus?,Algorithms,IT,Professor,Advanced Computer Networks|Cloud Computing|DBMS,0,1,1.0,3,0.8,1
Can you explain an issue related to Python?,Python,IT,Assistant Professor,Web Development|Operating Systems|Artificial Intelligence,0,1,0.7,7,0.5333,0
I am facing difficulty in Deep Learning and need clarification.,Deep Learning,MCA,Lecturer,Cloud Computing|Python,0,1,0.55,5,0.6667,0
I have an academic query regarding Software Engineering.,Software Engineering,IT,Lecturer,Algorithms|Web Development|Java|Deep Learning,0,1,0.55,13,0.1333,1
I am facing difficulty in Artificial Intelligence and need clarification.,Artificial Intelligence,CSE,Assistant Professor,Artificial Intelligence|Web Development|Deep Learning|Cloud Computing|Operating Systems,1,1,0.7,9,0.4,1
Please clarify the DBMS topic related to my course.,DBMS,MCA,Associate Professor,Data Science|Algorithms|Software Engineering|Computer Networks|Machine Learning,0,1,0.85,0,1.0,1
I have an academic query regarding Artificial Intelligence.,Artificial Intelligence,MCA,Professor,Java|Data Science|DBMS,0,1,1.0,6,0.6,0
Could you help me with the Algorithms syllabus?,Algorithms,IT,Associate Professor,Operating Systems,0,0,0.85,0,1.0,1
I am facing difficulty in Deep Learning and need clarification.,Deep Learning,CSE,Assistant Professor,Data Science|Java|Software Engineering|Python,0,0,0.7,2,0.8667,0
I have a question about Advanced Computer Networks.,Advanced Computer Networks,IT,Professor,Statistics|Cloud Computing|Advanced Computer Networks|Python,1,1,1.0,14,0.0667,1
I need help understanding Cloud Computing.,Cloud Computing,MCA,Professor,Computer Networks|Statistics,0,1,1.0,9,0.4,1
I need guidance with my Machine Learning assignment.,Machine Learning,CSE,Lecturer,Statistics|Advanced DBMS|Data Structures|DBMS|Algorithms,0,1,0.55,15,0.0,1
I have an academic query regarding Web Development.,Web Development,IT,Lecturer,Computer Networks|Advanced DBMS|Cloud Computing|Advanced Computer Networks|Software Engineering,0,1,0.55,3,0.8,0
Could you help me with the Deep Learning syllabus?,Deep Learning,CSE,Lecturer,Advanced DBMS|Software Engineering,0,1,0.55,13,0.1333,0
I am facing difficulty in Data Structures and need clarification.,Data Structures,IT,Lecturer,Machine Learning,0,0,0.55,10,0.3333,0
I am facing difficulty in Computer Networks and need clarification.,Computer Networks,CSE,Lecturer,Java|Computer Networks|Web Development|Deep Learning,1,0,0.55,13,0.1333,1
I need guidance with my Machine Learning assignment.,Machine Learning,MCA,Lecturer,DBMS|Algorithms,0,1,0.55,15,0.0,0
Please clarify the Cloud Computing topic related to my course.,Cloud Computing,CSE,Assistant Professor,Statistics|Cloud Computing|Computer Networks|Java|DBMS,1,1,0.7,8,0.4667,0
I need help understanding Web Development.,Web Development,CSE,Associate Professor,Statistics|Operating Systems|Software Engineering,0,1,0.85,1,0.9333,0
I have an academic query regarding Operating Systems.,Operating Systems,MCA,Assistant Professor,Statistics|Algorithms,0,1,0.7,0,1.0,0
I need guidance with my Data Structures assignment.,Data Structures,IT,Lecturer,Advanced Computer Networks|Operating Systems|Advanced DBMS,0,0,0.55,7,0.5333,0
I need guidance with my Operating Systems assignment.,Operating Systems,IT,Professor,Data Structures|Data Science|Advanced DBMS|Deep Learning,0,1,1.0,6,0.6,0
I have a question about Cloud Computing.,Cloud Computing,IT,Associate Professor,Deep Learning|Advanced Computer Networks,0,1,0.85,12,0.2,0
I have a question about Operating Systems.,Operating Systems,MCA,Lecturer,Statistics|Computer Networks,0,1,0.55,8,0.4667,1
Can you explain an issue related to Cloud Computing?,Cloud Computing,MCA,Associate Professor,Data Science|Python|Machine Learning,0,1,0.85,4,0.7333,0
Could you help me with the Statistics syllabus?,Statistics,IT,Lecturer,Computer Networks|Java,0,0,0.55,14,0.0667,0
Can you explain an issue related to Operating Systems?,Operating Systems,IT,Lecturer,Machine Learning|Advanced Computer Networks|Deep Learning|Software Engineering,0,0,0.55,4,0.7333,0
Please clarify the Algorithms topic related to my course.,Algorithms,CSE,Professor,DBMS|Machine Learning|Web Development,0,0,1.0,9,0.4,0
I need guidance with my Machine Learning assignment.,Machine Learning,MCA,Professor,Algorithms|Software Engineering,0,1,1.0,3,0.8,0
I have a question about Deep Learning.,Deep Learning,CSE,Assistant Professor,Operating Systems|Statistics|Advanced Computer Networks|Java|Python,0,1,0.7,6,0.6,0
I am facing difficulty in Software Engineering and need clarification.,Software Engineering,MCA,Assistant Professor,Computer Networks|Python|Advanced Computer Networks,0,0,0.7,11,0.2667,0
I need help understanding Data Structures.,Data Structures,IT,Associate Professor,Data Science|Web Development|Python,0,1,0.85,5,0.6667,0
Please clarify the Statistics topic related to my course.,Statistics,MCA,Lecturer,Algorithms|Python|Computer Networks|Cloud Computing|Advanced Computer Networks,0,1,0.55,2,0.8667,0
I am facing difficulty in Advanced DBMS and need clarification.,Advanced DBMS,IT,Associate Professor,Cloud Computing|Deep Learning,0,0,0.85,3,0.8,1
Can you explain an issue related to Statistics?,Statistics,CSE,Assistant Professor,Data Structures|Java|Python|Machine Learning|Web Development,0,1,0.7,6,0.6,0
Please clarify the Algorithms topic related to my course.,Algorithms,CSE,Lecturer,Python,0,0,0.55,0,1.0,0
I am facing difficulty in Machine Learning and need clarification.,Machine Learning,IT,Lecturer,Deep Learning|Data Science|Software Engineering,0,1,0.55,1,0.9333,0
I need guidance with my Data Structures assignment.,Data Structures,MCA,Assistant Professor,Data Structures|Operating Systems|Algorithms|Deep Learning,1,1,0.7,7,0.5333,1
I am facing difficulty in Statistics and need clarification.,Statistics,MCA,Lecturer,Java|Data Science|Software Engineering,0,1,0.55,8,0.4667,0
Could you help me with the Advanced DBMS syllabus?,Advanced DBMS,IT,Professor,Data Science|Computer Networks|Machine Learning|Software Engineering|Advanced Computer Networks,0,1,1.0,7,0.5333,0
I have an academic query regarding Operating Systems.,Operating Systems,MCA,Professor,Algorithms|Python|Web Development|Java,0,1,1.0,8,0.4667,0
I need guidance with my Machine Learning assignment.,Machine Learning,IT,Assistant Professor,Computer Networks|Data Science|Deep Learning|Artificial Intelligence|Python,0,1,0.7,11,0.2667,0
Could you help me with the DBMS syllabus?,DBMS,CSE,Professor,Web Development,0,1,1.0,1,0.9333,0
Could you help me with the Cloud Computing syllabus?,Cloud Computing,MCA,Associate Professor,Advanced DBMS,0,0,0.85,11,0.2667,0
I have an academic query regarding Web Development.,Web Development,CSE,Professor,Data Science|Statistics,0,1,1.0,3,0.8,0
I need guidance with my Machine Learning assignment.,Machine Learning,MCA,Lecturer,Advanced DBMS|Data Science,0,1,0.55,11,0.2667,1
Could you help me with the Data Science syllabus?,Data Science,MCA,Assistant Professor,Computer Networks|Artificial Intelligence,0,1,0.7,4,0.7333,0
I have a question about Data Structures.,Data Structures,MCA,Professor,Data Structures|Deep Learning|Cloud Computing,1,1,1.0,7,0.5333,1
I need help understanding Web Development.,Web Development,CSE,Assistant Professor,Computer Networks|Web Development|Advanced Computer Networks|Cloud Computing,1,0,0.7,14,0.0667,0
Can you explain an issue related to Operating Systems?,Operating Systems,IT,Assistant Professor,Advanced Computer Networks|Deep Learning|Advanced DBMS,0,0,0.7,5,0.6667,0
I need guidance with my Data Structures assignment.,Data Structures,MCA,Lecturer,DBMS|Web Development|Software Engineering,0,0,0.55,10,0.3333,0
Please clarify the Web Development topic related to my course.,Web Development,IT,Lecturer,Data Structures|Artificial Intelligence|Advanced DBMS|Statistics,0,1,0.55,7,0.5333,1
I have an academic query regarding Software Engineering.,Software Engineering,IT,Assistant Professor,Operating Systems|Statistics|Computer Networks,0,1,0.7,10,0.3333,1
I have an academic query regarding Data Structures.,Data Structures,IT,Assistant Professor,Deep Learning|Python|Web Development|Data Science|Operating Systems,0,1,0.7,8,0.4667,1
I need guidance with my Machine Learning assignment.,Machine Learning,MCA,Assistant Professor,Statistics,0,0,0.7,13,0.1333,0
I am facing difficulty in Web Development and need clarification.,Web Development,CSE,Associate Professor,Python|Artificial Intelligence|Software Engineering,0,1,0.85,4,0.7333,0
Please clarify the Statistics topic related to my course.,Statistics,CSE,Assistant Professor,Statistics|Algorithms|Data Structures|Advanced Computer Networks,1,1,0.7,5,0.6667,1
I have a question about DBMS.,DBMS,MCA,Lecturer,Java|Advanced Computer Networks,0,1,0.55,15,0.0,0
I have an academic query regarding Algorithms.,Algorithms,MCA,Assistant Professor,Web Development|Java|Operating Systems,0,0,0.7,13,0.1333,0
I need guidance with my Deep Learning assignment.,Deep Learning,CSE,Lecturer,Computer Networks|Python,0,1,0.55,15,0.0,1
I have a question about Web Development.,Web Development,IT,Associate Professor,Data Science|Advanced DBMS|Cloud Computing,0,1,0.85,14,0.0667,1
Can you explain an issue related to Cloud Computing?,Cloud Computing,CSE,Professor,DBMS|Algorithms,0,1,1.0,15,0.0,0
I have a question about Artificial Intelligence.,Artificial Intelligence,CSE,Assistant Professor,Computer Networks,0,1,0.7,15,0.0,0
I need guidance with my Machine Learning assignment.,Machine Learning,CSE,Assistant Professor,Python|Advanced Computer Networks|Cloud Computing,0,1,0.7,11,0.2667,0
I am facing difficulty in Web Development and need clarification.,Web Development,CSE,Associate Professor,Software Engineering,0,0,0.85,6,0.6,0
I have a question about Software Engineering.,Software Engineering,CSE,Professor,Web Development|Data Science|DBMS|Cloud Computing|Data Structures,0,1,1.0,0,1.0,0
Please clarify the Java topic related to my course.,Java,MCA,Professor,Artificial Intelligence|Web Development|Statistics|Advanced DBMS,0,1,1.0,10,0.3333,0
Could you help me with the Statistics syllabus?,Statistics,IT,Associate Professor,Cloud Computing|Data Structures,0,0,0.85,7,0.5333,0
Can you explain an issue related to Machine Learning?,Machine Learning,IT,Assistant Professor,Artificial Intelligence,0,1,0.7,11,0.2667,0
Can you explain an issue related to Artificial Intelligence?,Artificial Intelligence,MCA,Professor,Computer Networks|Advanced DBMS|Data Science,0,1,1.0,9,0.4,1
Can you explain an issue related to Advanced Computer Networks?,Advanced Computer Networks,IT,Associate Professor,Software Engineering|Advanced Computer Networks|Algorithms|Java|Data Science,1,1,0.85,0,1.0,1
I am facing difficulty in Statistics and need clarification.,Statistics,IT,Associate Professor,Computer Networks,0,1,0.85,9,0.4,0
Can you explain an issue related to Data Structures?,Data Structures,MCA,Lecturer,Software Engineering|Cloud Computing|Deep Learning|Web Development,0,0,0.55,4,0.7333,0
I am facing difficulty in Java and need clarification.,Java,IT,Professor,Java|Advanced DBMS,1,1,1.0,12,0.2,1
I need help understanding Operating Systems.,Operating Systems,MCA,Lecturer,Operating Systems|Data Science|DBMS,1,1,0.55,6,0.6,1
I am facing difficulty in Algorithms and need clarification.,Algorithms,IT,Lecturer,Advanced Computer Networks|Statistics|Java|Cloud Computing,0,1,0.55,2,0.8667,0
I have an academic query regarding Statistics.,Statistics,CSE,Assistant Professor,Advanced DBMS|Java|Computer Networks|Operating Systems|Advanced Computer Networks,0,1,0.7,9,0.4,0
I need help understanding Cloud Computing.,Cloud Computing,IT,Associate Professor,Python|Advanced Computer Networks|Machine Learning|Cloud Computing|Advanced DBMS,1,1,0.85,13,0.1333,1
Could you help me with the Computer Networks syllabus?,Computer Networks,IT,Assistant Professor,DBMS,0,1,0.7,0,1.0,0
I need help understanding Operating Systems.,Operating Systems,IT,Lecturer,Software Engineering|Artificial Intelligence|Statistics|Machine Learning,0,1,0.55,5,0.6667,0
Can you explain an issue related to Advanced Computer Networks?,Advanced Computer Networks,IT,Associate Professor,Cloud Computing|Algorithms|Artificial Intelligence,0,1,0.85,1,0.9333,1
Could you help me with the Advanced Computer Networks syllabus?,Advanced Computer Networks,CSE,Assistant Professor,Cloud Computing,0,1,0.7,2,0.8667,1
I need guidance with my Algorithms assignment.,Algorithms,CSE,Assistant Professor,Data Structures|Advanced Computer Networks|Data Science|DBMS,0,1,0.7,10,0.3333,0
I need guidance with my Statistics assignment.,Statistics,IT,Lecturer,Statistics|Cloud Computing|Operating Systems,1,1,0.55,1,0.9333,1
Could you help me with the Artificial Intelligence syllabus?,Artificial Intelligence,IT,Associate Professor,Algorithms|Software Engineering|DBMS|Python,0,1,0.85,8,0.4667,1
I need guidance with my Advanced Computer Networks assignment.,Advanced Computer Networks,MCA,Lecturer,Web Development,0,1,0.55,8,0.4667,0
Could you help me with the Computer Networks syllabus?,Computer Networks,CSE,Assistant Professor,Machine Learning|Data Structures,0,1,0.7,2,0.8667,0
Please clarify the Statistics topic related to my course.,Statistics,CSE,Lecturer,Web Development,0,1,0.55,7,0.5333,0
I need guidance with my Data Structures assignment.,Data Structures,CSE,Professor,Software Engineering|Web Development|Python,0,1,1.0,7,0.5333,1
Could you help me with the Machine Learning syllabus?,Machine Learning,IT,Professor,Computer Networks|Advanced DBMS|Software Engineering,0,1,1.0,15,0.0,0
Please clarify the Computer Networks topic related to my course.,Computer Networks,MCA,Lecturer,Machine Learning|Operating Systems|Artificial Intelligence|Deep Learning|Software Engineering,0,1,0.55,0,1.0,0
I have an academic query regarding Algorithms.,Algorithms,MCA,Professor,DBMS|Data Structures|Java,0,1,1.0,8,0.4667,0
Could you help me with the Software Engineering syllabus?,Software Engineering,CSE,Professor,DBMS|Algorithms|Data Science,0,1,1.0,11,0.2667,0
I am facing difficulty in Deep Learning and need clarification.,Deep Learning,MCA,Assistant Professor,Python|Computer Networks,0,1,0.7,0,1.0,0
I need help understanding Web Development.,Web Development,MCA,Associate Professor,Software Engineering,0,1,0.85,4,0.7333,0
Can you explain an issue related to Deep Learning?,Deep Learning,CSE,Lecturer,Python|Computer Networks|Software Engineering,0,1,0.55,9,0.4,0
I need help understanding DBMS.,DBMS,MCA,Assistant Professor,Artificial Intelligence|DBMS,1,1,0.7,7,0.5333,1
Could you help me with the Software Engineering syllabus?,Software Engineering,CSE,Lecturer,Cloud Computing|Machine Learning|Artificial Intelligence,0,1,0.55,12,0.2,1
I need help understanding Web Development.,Web Development,CSE,Professor,DBMS|Operating Systems|Advanced Computer Networks|Advanced DBMS,0,1,1.0,4,0.7333,0
I need guidance with my Machine Learning assignment.,Machine Learning,IT,Associate Professor,Algorithms|Machine Learning|Artificial Intelligence|Advanced Computer Networks,1,1,0.85,3,0.8,1
Please clarify the Software Engineering topic related to my course.,Software Engineering,IT,Lecturer,Software Engineering,1,1,0.55,10,0.3333,1
I need guidance with my Artificial Intelligence assignment.,Artificial Intelligence,MCA,Professor,Artificial Intelligence|Cloud Computing|Advanced Computer Networks|Software Engineering|Web Development,1,1,1.0,5,0.6667,0
I need guidance with my Computer Networks assignment.,Computer Networks,IT,Associate Professor,Data Science|Web Development,0,1,0.85,9,0.4,0
Can you explain an issue related to Artificial Intelligence?,Artificial Intelligence,CSE,Assistant Professor,Machine Learning|Statistics|Java|DBMS,0,1,0.7,3,0.8,0
I need guidance with my Machine Learning assignment.,Machine Learning,MCA,Assistant Professor,Cloud Computing|Operating Systems,0,1,0.7,10,0.3333,0
I have an academic query regarding Deep Learning.,Deep Learning,IT,Professor,Machine Learning|Java,0,1,1.0,2,0.8667,1
I need guidance with my Data Structures assignment.,Data Structures,MCA,Assistant Professor,Machine Learning,0,1,0.7,6,0.6,1
Can you explain an issue related to Advanced Computer Networks?,Advanced Computer Networks,MCA,Lecturer,Advanced Computer Networks|Data Science,1,1,0.55,11,0.2667,1
I am facing difficulty in Statistics and need clarification.,Statistics,IT,Professor,Java,0,1,1.0,8,0.4667,1
Please clarify the Machine Learning topic related to my course.,Machine Learning,IT,Associate Professor,Statistics,0,1,0.85,8,0.4667,0
I need guidance with my Advanced DBMS assignment.,Advanced DBMS,CSE,Associate Professor,Advanced Computer Networks|Computer Networks|Statistics|Python|Java,0,1,0.85,2,0.8667,0
Can you explain an issue related to Cloud Computing?,Cloud Computing,IT,Professor,Cloud Computing|Statistics|Advanced DBMS|Data Science,1,1,1.0,3,0.8,1
Can you explain an issue related to Advanced Computer Networks?,Advanced Computer Networks,MCA,Professor,Web Development,0,1,1.0,2,0.8667,0
I have a question about Advanced Computer Networks.,Advanced Computer Networks,IT,Professor,Computer Networks|Cloud Computing|DBMS|Python,0,1,1.0,8,0.4667,0
I am facing difficulty in Cloud Computing and need clarification.,Cloud Computing,CSE,Assistant Professor,DBMS|Python|Java,0,1,0.7,11,0.2667,0
I need help understanding Cloud Computing.,Cloud Computing,CSE,Professor,Operating Systems|Cloud Computing|Artificial Intelligence|Software Engineering|Data Science,1,1,1.0,10,0.3333,1
Please clarify the Statistics topic related to my course.,Statistics,MCA,Associate Professor,Data Science|DBMS|Statistics|Software Engineering,1,1,0.85,12,0.2,1
Please clarify the Deep Learning topic related to my course.,Deep Learning,IT,Lecturer,Data Science|Deep Learning|Data Structures|Java|Cloud Computing,1,1,0.55,0,1.0,1
I need help understanding Operating Systems.,Operating Systems,IT,Professor,Artificial Intelligence|Statistics|Data Science|Algorithms|Deep Learning,0,0,1.0,15,0.0,0
I am facing difficulty in Data Structures and need clarification.,Data Structures,MCA,Assistant Professor,Statistics|Data Structures|Software Engineering|Advanced Computer Networks|Algorithms,1,1,0.7,2,0.8667,1
I have a question about DBMS.,DBMS,IT,Lecturer,DBMS|Deep Learning|Machine Learning|Java|Advanced DBMS,1,1,0.55,12,0.2,1
I need help understanding Algorithms.,Algorithms,CSE,Associate Professor,Web Development|Cloud Computing|Data Structures,0,1,0.85,3,0.8,0
I am facing difficulty in DBMS and need clarification.,DBMS,MCA,Assistant Professor,Computer Networks,0,1,0.7,7,0.5333,0
I have an academic query regarding Java.,Java,IT,Associate Professor,Machine Learning|Data Structures|Advanced Computer Networks,0,1,0.85,13,0.1333,0
I am facing difficulty in Data Structures and need clarification.,Data Structures,CSE,Lecturer,Web Development|Deep Learning,0,1,0.55,3,0.8,0
I have an academic query regarding Operating Systems.,Operating Systems,IT,Lecturer,Algorithms|Statistics|Java,0,1,0.55,10,0.3333,0
I have a question about Computer Networks.,Computer Networks,IT,Associate Professor,Cloud Computing|Algorithms|Data Structures,0,1,0.85,11,0.2667,1
Please clarify the Artificial Intelligence topic related to my course.,Artificial Intelligence,IT,Associate Professor,Cloud Computing,0,0,0.85,13,0.1333,0
Can you explain an issue related to DBMS?,DBMS,CSE,Lecturer,Artificial Intelligence,0,1,0.55,6,0.6,1
I am facing difficulty in Machine Learning and need clarification.,Machine Learning,MCA,Professor,Algorithms|Computer Networks,0,1,1.0,12,0.2,0
I have an academic query regarding Web Development.,Web Development,MCA,Associate Professor,Python|Advanced DBMS|Computer Networks,0,1,0.85,1,0.9333,1
I need guidance with my Algorithms assignment.,Algorithms,CSE,Lecturer,Deep Learning|Data Structures|Artificial Intelligence|Operating Systems|Statistics,0,1,0.55,6,0.6,1
I need guidance with my Deep Learning assignment.,Deep Learning,CSE,Associate Professor,Advanced DBMS|DBMS|Artificial Intelligence|Java|Deep Learning,1,1,0.85,14,0.0667,1
Please clarify the Data Science topic related to my course.,Data Science,MCA,Assistant Professor,Web Development|Machine Learning|Advanced DBMS|Statistics,0,0,0.7,15,0.0,0
I need guidance with my Statistics assignment.,Statistics,CSE,Associate Professor,DBMS,0,1,0.85,6,0.6,1
I am facing difficulty in Computer Networks and need clarification.,Computer Networks,CSE,Associate Professor,Artificial Intelligence|Data Structures|Web Development|Advanced DBMS|Advanced Computer Networks,0,1,0.85,4,0.7333,0
Could you help me with the Advanced DBMS syllabus?,Advanced DBMS,MCA,Assistant Professor,Machine Learning|Computer Networks|Algorithms|Java|Web Development,0,0,0.7,14,0.0667,0
I am facing difficulty in Advanced DBMS and need clarification.,Advanced DBMS,IT,Assistant Professor,Computer Networks|Deep Learning,0,1,0.7,12,0.2,0
I have an academic query regarding Data Science.,Data Science,IT,Assistant Professor,Data Science|Cloud Computing|Java,1,1,0.7,7,0.5333,1
I am facing difficulty in Operating Systems and need clarification.,Operating Systems,MCA,Professor,Data Science,0,1,1.0,15,0.0,0
Please clarify the Operating Systems topic related to my course.,Operating Systems,IT,Associate Professor,Operating Systems|DBMS|Machine Learning,1,0,0.85,0,1.0,1
I need guidance with my Data Structures assignment.,Data Structures,IT,Lecturer,Deep Learning|Computer Networks|Artificial Intelligence|Cloud Computing|Python,0,1,0.55,11,0.2667,0
I need guidance with my Computer Networks assignment.,Computer Networks,IT,Assistant Professor,Artificial Intelligence|Deep Learning|Machine Learning|Advanced DBMS|Web Development,0,1,0.7,6,0.6,1
I have an academic query regarding Cloud Computing.,Cloud Computing,MCA,Professor,Java|Advanced DBMS|Computer Networks|Artificial Intelligence,0,1,1.0,10,0.3333,0
I need help understanding Software Engineering.,Software Engineering,MCA,Professor,Deep Learning|Advanced Computer Networks,0,1,1.0,8,0.4667,0
Can you explain an issue related to DBMS?,DBMS,IT,Associate Professor,Java|Data Science|Advanced Computer Networks|Software Engineering|Machine Learning,0,1,0.85,7,0.5333,0
I have a question about Operating Systems.,Operating Systems,CSE,Lecturer,Python,0,0,0.55,8,0.4667,0
Can you explain an issue related to Machine Learning?,Machine Learning,CSE,Professor,Data Structures|Artificial Intelligence,0,1,1.0,11,0.2667,1
Please clarify the Python topic related to my course.,Python,MCA,Professor,Artificial Intelligence|Advanced DBMS|Data Science,0,0,1.0,5,0.6667,0
Please clarify the Algorithms topic related to my course.,Algorithms,CSE,Lecturer,Cloud Computing,0,1,0.55,10,0.3333,0
I have a question about Data Structures.,Data Structures,IT,Assistant Professor,Deep Learning|Computer Networks|Data Structures,1,1,0.7,13,0.1333,1
I am facing difficulty in DBMS and need clarification.,DBMS,IT,Assistant Professor,Artificial Intelligence|Python|Statistics|Computer Networks|Web Development,0,1,0.7,10,0.3333,0
I need help understanding Deep Learning.,Deep Learning,IT,Assistant Professor,Advanced DBMS|Machine Learning|Web Development|Data Structures,0,1,0.7,9,0.4,0
I have an academic query regarding Artificial Intelligence.,Artificial Intelligence,IT,Professor,Java,0,1,1.0,8,0.4667,0
Could you help me with the Deep Learning syllabus?,Deep Learning,CSE,Professor,Computer Networks,0,1,1.0,11,0.2667,0
I have a question about Computer Networks.,Computer Networks,IT,Professor,Advanced DBMS|Software Engineering|Data Structures,0,1,1.0,3,0.8,0
Could you help me with the Deep Learning syllabus?,Deep Learning,CSE,Assistant Professor,DBMS,0,1,0.7,9,0.4,0
Please clarify the Data Structures topic related to my course.,Data Structures,IT,Lecturer,Web Development|Java|Operating Systems|Machine Learning,0,1,0.55,4,0.7333,0
Please clarify the Advanced Computer Networks topic related to my course.,Advanced Computer Networks,IT,Lecturer,Python|Deep Learning|Statistics|Computer Networks,0,1,0.55,8,0.4667,0
I need guidance with my Python assignment.,Python,MCA,Associate Professor,Data Science,0,0,0.85,3,0.8,0
I have an academic query regarding DBMS.,DBMS,MCA,Professor,Cloud Computing|Advanced DBMS|Statistics,0,0,1.0,9,0.4,0
Please clarify the Data Science topic related to my course.,Data Science,IT,Associate Professor,Operating Systems|Cloud Computing,0,1,0.85,12,0.2,0
Could you help me with the Advanced Computer Networks syllabus?,Advanced Computer Networks,MCA,Professor,Python|Advanced Computer Networks,1,0,1.0,8,0.4667,1
I am facing difficulty in Statistics and need clarification.,Statistics,MCA,Lecturer,Cloud Computing|Data Science|DBMS|Data Structures,0,1,0.55,6,0.6,0
I need help understanding Software Engineering.,Software Engineering,IT,Lecturer,Java|Machine Learning|Operating Systems|Web Development,0,0,0.55,15,0.0,0
Can you explain an issue related to Artificial Intelligence?,Artificial Intelligence,MCA,Lecturer,Advanced DBMS|Java|Software Engineering,0,1,0.55,0,1.0,1
I am facing difficulty in Machine Learning and need clarification.,Machine Learning,CSE,Professor,Algorithms,0,0,1.0,4,0.7333,0
Can you explain an issue related to DBMS?,DBMS,CSE,Assistant Professor,Software Engineering|Web Development,0,1,0.7,2,0.8667,0
I need help understanding Advanced DBMS.,Advanced DBMS,CSE,Lecturer,Python|Advanced DBMS,1,1,0.55,3,0.8,1
I am facing difficulty in Data Structures and need clarification.,Data Structures,IT,Associate Professor,Computer Networks|Advanced DBMS|Cloud Computing|Software Engineering,0,1,0.85,13,0.1333,0
I need guidance with my Machine Learning assignment.,Machine Learning,CSE,Associate Professor,Web Development|Statistics,0,1,0.85,7,0.5333,1
I have a question about Advanced Computer Networks.,Advanced Computer Networks,MCA,Professor,Advanced DBMS|Artificial Intelligence|Python|Deep Learning,0,1,1.0,9,0.4,0
I have an academic query regarding Web Development.,Web Development,MCA,Lecturer,Algorithms,0,1,0.55,0,1.0,0
Could you help me with the Java syllabus?,Java,IT,Lecturer,Web Development|Statistics,0,1,0.55,13,0.1333,0
I need guidance with my DBMS assignment.,DBMS,MCA,Associate Professor,Data Science|Python|Statistics|Java|Advanced DBMS,0,1,0.85,8,0.4667,0
Can you explain an issue related to Operating Systems?,Operating Systems,IT,Associate Professor,Web Development|Python,0,1,0.85,6,0.6,0
Please clarify the Machine Learning topic related to my course.,Machine Learning,IT,Assistant Professor,Artificial Intelligence|Web Development|DBMS|Machine Learning|Java,1,1,0.7,11,0.2667,1
I need guidance with my Data Science assignment.,Data Science,IT,Lecturer,Java|Python|Machine Learning|Algorithms,0,1,0.55,13,0.1333,1
I have an academic query regarding Data Science.,Data Science,CSE,Professor,Artificial Intelligence|Algorithms|Deep Learning,0,1,1.0,4,0.7333,1
Please clarify the DBMS topic related to my course.,DBMS,CSE,Lecturer,Statistics|Machine Learning|Web Development|Deep Learning|Python,0,1,0.55,3,0.8,1
Please clarify the Statistics topic related to my course.,Statistics,MCA,Associate Professor,Java|Statistics|Web Development,1,1,0.85,10,0.3333,1
I have an academic query regarding Artificial Intelligence.,Artificial Intelligence,MCA,Lecturer,Software Engineering|Advanced Computer Networks|Cloud Computing,0,0,0.55,6,0.6,1
Could you help me with the Computer Networks syllabus?,Computer Networks,MCA,Professor,Data Structures,0,1,1.0,7,0.5333,1
I have a question about Python.,Python,IT,Assistant Professor,Data Science,0,1,0.7,3,0.8,0
I need help understanding Advanced Computer Networks.,Advanced Computer Networks,IT,Lecturer,Web Development|Artificial Intelligence|Python,0,1,0.55,1,0.9333,1
Could you help me with the Java syllabus?,Java,MCA,Assistant Professor,Artificial Intelligence,0,1,0.7,4,0.7333,0
I have a question about Artificial Intelligence.,Artificial Intelligence,CSE,Lecturer,Statistics|Computer Networks|Artificial Intelligence|Cloud Computing|Machine Learning,1,1,0.55,15,0.0,0
I have an academic query regarding Computer Networks.,Computer Networks,IT,Associate Professor,Operating Systems,0,1,0.85,9,0.4,0
I have a question about Computer Networks.,Computer Networks,IT,Associate Professor,Java|DBMS|Machine Learning,0,1,0.85,11,0.2667,1
Please clarify the Data Science topic related to my course.,Data Science,CSE,Lecturer,Artificial Intelligence,0,1,0.55,9,0.4,1
I need help understanding Advanced Computer Networks.,Advanced Computer Networks,CSE,Assistant Professor,Statistics|Java|Artificial Intelligence,0,1,0.7,15,0.0,0
Please clarify the DBMS topic related to my course.,DBMS,IT,Associate Professor,Web Development|Software Engineering|Cloud Computing|Algorithms|Data Structures,0,1,0.85,2,0.8667,0
Can you explain an issue related to Data Structures?,Data Structures,IT,Lecturer,Statistics|Algorithms|Computer Networks|Advanced Computer Networks|Web Development,0,1,0.55,11,0.2667,0
Can you explain an issue related to Data Structures?,Data Structures,CSE,Lecturer,DBMS,0,1,0.55,2,0.8667,0
I need guidance with my Statistics assignment.,Statistics,IT,Associate Professor,Operating Systems,0,1,0.85,7,0.5333,1
I am facing difficulty in Deep Learning and need clarification.,Deep Learning,IT,Assistant Professor,Python|Software Engineering|Statistics,0,1,0.7,2,0.8667,0
Please clarify the Advanced Computer Networks topic related to my course.,Advanced Computer Networks,CSE,Professor,Data Science|Algorithms|Java|Python|Computer Networks,0,1,1.0,1,0.9333,1
Could you help me with the Web Development syllabus?,Web Development,CSE,Assistant Professor,Python|Computer Networks|Statistics|Java|Machine Learning,0,1,0.7,10,0.3333,1
I need guidance with my DBMS assignment.,DBMS,MCA,Assistant Professor,Java|Computer Networks|Cloud Computing,0,1,0.7,5,0.6667,0
I have a question about Operating Systems.,Operating Systems,MCA,Lecturer,Data Structures|Python,0,0,0.55,14,0.0667,1
I need guidance with my Statistics assignment.,Statistics,IT,Professor,Computer Networks|Statistics|Operating Systems,1,1,1.0,5,0.6667,1
Could you help me with the Web Development syllabus?,Web Development,IT,Assistant Professor,Advanced Computer Networks|Python|DBMS,0,1,0.7,1,0.9333,0
I have a question about Statistics.,Statistics,CSE,Associate Professor,Deep Learning|Machine Learning,0,1,0.85,14,0.0667,0
I need guidance with my Operating Systems assignment.,Operating Systems,MCA,Assistant Professor,Artificial Intelligence|Deep Learning|Cloud Computing|Data Structures,0,1,0.7,3,0.8,0
Please clarify the Algorithms topic related to my course.,Algorithms,IT,Professor,Deep Learning|Data Science|Web Development,0,0,1.0,13,0.1333,0
I am facing difficulty in Data Structures and need clarification.,Data Structures,CSE,Assistant Professor,DBMS|Software Engineering|Artificial Intelligence,0,1,0.7,9,0.4,0
I am facing difficulty in Machine Learning and need clarification.,Machine Learning,IT,Assistant Professor,Software Engineering|Algorithms|Machine Learning|Statistics|Cloud Computing,1,1,0.7,3,0.8,1
Can you explain an issue related to Data Science?,Data Science,MCA,Associate Professor,Python|Statistics,0,1,0.85,9,0.4,0
I have an academic query regarding Data Science.,Data Science,CSE,Associate Professor,Java|Cloud Computing,0,1,0.85,15,0.0,0
I need help understanding Machine Learning.,Machine Learning,MCA,Professor,Advanced Computer Networks|Deep Learning|Cloud Computing,0,1,1.0,4,0.7333,1
Could you help me with the Java syllabus?,Java,CSE,Professor,Data Structures|Deep Learning|Machine Learning,0,0,1.0,6,0.6,1
Please clarify the Java topic related to my course.,Java,MCA,Associate Professor,Artificial Intelligence|Operating Systems,0,0,0.85,12,0.2,0
Can you explain an issue related to Data Structures?,Data Structures,MCA,Associate Professor,Web Development|Artificial Intelligence|Statistics|Software Engineering,0,1,0.85,0,1.0,1
I need guidance with my Statistics assignment.,Statistics,CSE,Associate Professor,Web Development|Cloud Computing,0,1,0.85,15,0.0,0
Please clarify the Computer Networks topic related to my course.,Computer Networks,CSE,Associate Professor,Artificial Intelligence|DBMS|Deep Learning,0,1,0.85,10,0.3333,1
Could you help me with the Deep Learning syllabus?,Deep Learning,IT,Professor,Data Science|Cloud Computing,0,1,1.0,3,0.8,1
Could you help me with the Computer Networks syllabus?,Computer Networks,MCA,Professor,DBMS|Advanced DBMS|Machine Learning,0,0,1.0,9,0.4,0
Could you help me with the Statistics syllabus?,Statistics,IT,Associate Professor,Computer Networks|Operating Systems|Python,0,1,0.85,13,0.1333,1
I need guidance with my Deep Learning assignment.,Deep Learning,IT,Assistant Professor,Java|Operating Systems|Web Development|Artificial Intelligence|Computer Networks,0,1,0.7,2,0.8667,0
Please clarify the Python topic related to my course.,Python,MCA,Lecturer,DBMS|Cloud Computing|Operating Systems,0,1,0.55,11,0.2667,1
I need guidance with my Operating Systems assignment.,Operating Systems,IT,Assistant Professor,Advanced DBMS,0,1,0.7,4,0.7333,1
I am facing difficulty in Advanced Computer Networks and need clarification.,Advanced Computer Networks,CSE,Professor,Python|Advanced DBMS,0,1,1.0,0,1.0,1
I need guidance with my Python assignment.,Python,MCA,Lecturer,Artificial Intelligence|Statistics|Cloud Computing|Deep Learning|Advanced DBMS,0,1,0.55,9,0.4,0
I have an academic query regarding Advanced DBMS.,Advanced DBMS,CSE,Lecturer,Algorithms|Data Structures|DBMS|Statistics,0,1,0.55,8,0.4667,0
Could you help me with the Advanced Computer Networks syllabus?,Advanced Computer Networks,MCA,Assistant Professor,Java|Machine Learning|Data Science|Computer Networks,0,1,0.7,4,0.7333,0
I need guidance with my DBMS assignment.,DBMS,IT,Lecturer,Web Development|Computer Networks|Advanced Computer Networks,0,1,0.55,7,0.5333,0
I have an academic query regarding Java.,Java,IT,Lecturer,Deep Learning,0,1,0.55,0,1.0,0
Could you help me with the Data Science syllabus?,Data Science,CSE,Associate Professor,Operating Systems|Web Development|Algorithms,0,1,0.85,13,0.1333,1
I need help understanding Machine Learning.,Machine Learning,IT,Associate Professor,Operating Systems|Statistics,0,1,0.85,4,0.7333,0
I need guidance with my Web Development assignment.,Web Development,IT,Professor,Java|Computer Networks|Machine Learning|Python,0,1,1.0,1,0.9333,1
I need help understanding Machine Learning.,Machine Learning,IT,Associate Professor,Java|Advanced Computer Networks|Python|Statistics|Data Structures,0,1,0.85,8,0.4667,0
I have an academic query regarding Statistics.,Statistics,IT,Assistant Professor,Advanced Computer Networks|Software Engineering,0,1,0.7,15,0.0,0
Please clarify the Software Engineering topic related to my course.,Software Engineering,IT,Assistant Professor,Java|Web Development|Algorithms,0,1,0.7,14,0.0667,0
I need help understanding Advanced DBMS.,Advanced DBMS,CSE,Associate Professor,Algorithms,0,1,0.85,9,0.4,0
Can you explain an issue related to Statistics?,Statistics,IT,Professor,Advanced Computer Networks|DBMS|Software Engineering|Artificial Intelligence|Python,0,1,1.0,0,1.0,1
I have an academic query regarding Cloud Computing.,Cloud Computing,IT,Associate Professor,Cloud Computing|Deep Learning|Advanced Computer Networks|Computer Networks,1,0,0.85,8,0.4667,1
Please clarify the Machine Learning topic related to my course.,Machine Learning,CSE,Lecturer,Web Development|Deep Learning|Machine Learning,1,1,0.55,12,0.2,1
I need help understanding Deep Learning.,Deep Learning,MCA,Assistant Professor,DBMS,0,1,0.7,4,0.7333,0
Could you help me with the Machine Learning syllabus?,Machine Learning,CSE,Assistant Professor,Web Development|Advanced DBMS|Cloud Computing,0,0,0.7,4,0.7333,0
Can you explain an issue related to Algorithms?,Algorithms,CSE,Assistant Professor,Computer Networks|Data Structures,0,1,0.7,8,0.4667,1
I need guidance with my Statistics assignment.,Statistics,MCA,Associate Professor,Data Structures|Computer Networks|Java|Algorithms,0,1,0.85,5,0.6667,1
Can you explain an issue related to Deep Learning?,Deep Learning,MCA,Professor,Cloud Computing|Data Science,0,1,1.0,5,0.6667,1
Please clarify the Operating Systems topic related to my course.,Operating Systems,IT,Lecturer,Cloud Computing|Python|Deep Learning|Software Engineering|Advanced Computer Networks,0,1,0.55,11,0.2667,0
I need guidance with my Data Science assignment.,Data Science,CSE,Associate Professor,Computer Networks,0,1,0.85,14,0.0667,1
I need help understanding Machine Learning.,Machine Learning,CSE,Associate Professor,Statistics|Data Structures,0,0,0.85,7,0.5333,1
I need help understanding Algorithms.,Algorithms,MCA,Assistant Professor,Java,0,1,0.7,1,0.9333,0
I need help understanding Statistics.,Statistics,IT,Assistant Professor,Data Science|DBMS|Computer Networks|Operating Systems|Web Development,0,1,0.7,1,0.9333,0
I have an academic query regarding Data Science.,Data Science,IT,Lecturer,Advanced DBMS,0,0,0.55,3,0.8,0
I am facing difficulty in Web Development and need clarification.,Web Development,MCA,Associate Professor,Python|Software Engineering|Cloud Computing|Data Science|Artificial Intelligence,0,1,0.85,2,0.8667,0
I have a question about Web Development.,Web Development,MCA,Lecturer,Statistics|Data Science|Deep Learning,0,1,0.55,0,1.0,0
I have an academic query regarding Software Engineering.,Software Engineering,MCA,Assistant Professor,Statistics,0,1,0.7,5,0.6667,0
I need guidance with my Deep Learning assignment.,Deep Learning,MCA,Professor,Statistics,0,1,1.0,13,0.1333,0
I have a question about Data Structures.,Data Structures,IT,Lecturer,Python|Data Structures|Data Science,1,1,0.55,3,0.8,1
I need help understanding Java.,Java,IT,Lecturer,Advanced Computer Networks|Cloud Computing,0,1,0.55,9,0.4,0
Can you explain an issue related to Statistics?,Statistics,MCA,Lecturer,Deep Learning|Data Structures|DBMS,0,1,0.55,4,0.7333,1
Could you help me with the Operating Systems syllabus?,Operating Systems,IT,Assistant Professor,Operating Systems,1,0,0.7,4,0.7333,1
I have a question about Operating Systems.,Operating Systems,IT,Associate Professor,Computer Networks|Java|Machine Learning,0,1,0.85,12,0.2,0
Please clarify the Statistics topic related to my course.,Statistics,IT,Lecturer,Data Structures|Web Development|Operating Systems|Advanced DBMS|Advanced Computer Networks,0,1,0.55,2,0.8667,0
I am facing difficulty in Machine Learning and need clarification.,Machine Learning,CSE,Lecturer,DBMS|Software Engineering|Data Structures|Machine Learning,1,1,0.55,7,0.5333,1
I have an academic query regarding Python.,Python,MCA,Lecturer,Machine Learning|Artificial Intelligence|Algorithms|DBMS,0,1,0.55,3,0.8,0
I have a question about Web Development.,Web Development,IT,Associate Professor,Advanced Computer Networks|Statistics|Operating Systems,0,1,0.85,14,0.0667,1
I need help understanding Algorithms.,Algorithms,IT,Associate Professor,Web Development|Artificial Intelligence|Cloud Computing|Operating Systems,0,0,0.85,11,0.2667,0
Can you explain an issue related to Software Engineering?,Software Engineering,IT,Associate Professor,Advanced Computer Networks,0,1,0.85,5,0.6667,0
I need help understanding Python.,Python,CSE,Professor,Web Development|Cloud Computing,0,0,1.0,5,0.6667,0
I need help understanding Advanced Computer Networks.,Advanced Computer Networks,MCA,Professor,Python|Statistics|Data Structures|Operating Systems|Java,0,1,1.0,3,0.8,1
I need guidance with my Java assignment.,Java,MCA,Assistant Professor,Cloud Computing|Data Science|Algorithms|Java,1,1,0.7,0,1.0,1
Can you explain an issue related to Algorithms?,Algorithms,IT,Associate Professor,Machine Learning|Computer Networks|Data Science|Deep Learning,0,0,0.85,8,0.4667,1
I am facing difficulty in Cloud Computing and need clarification.,Cloud Computing,CSE,Associate Professor,Data Structures|Python,0,1,0.85,8,0.4667,0
Could you help me with the Statistics syllabus?,Statistics,MCA,Lecturer,Software Engineering,0,1,0.55,15,0.0,0
Please clarify the Deep Learning topic related to my course.,Deep Learning,CSE,Associate Professor,Statistics|Machine Learning,0,0,0.85,8,0.4667,0
I am facing difficulty in Algorithms and need clarification.,Algorithms,CSE,Assistant Professor,Cloud Computing|Statistics,0,1,0.7,12,0.2,1
I have an academic query regarding Software Engineering.,Software Engineering,MCA,Professor,Algorithms|Data Structures|Cloud Computing,0,1,1.0,0,1.0,0
I have an academic query regarding Web Development.,Web Development,IT,Lecturer,Deep Learning|DBMS|Algorithms|Cloud Computing,0,1,0.55,15,0.0,0
Can you explain an issue related to Advanced DBMS?,Advanced DBMS,CSE,Assistant Professor,Artificial Intelligence|Operating Systems,0,1,0.7,15,0.0,1
I need help understanding Operating Systems.,Operating Systems,IT,Associate Professor,Advanced DBMS,0,1,0.85,7,0.5333,0
I need help understanding Deep Learning.,Deep Learning,CSE,Professor,Statistics,0,1,1.0,3,0.8,1
I have an academic query regarding Data Science.,Data Science,CSE,Assistant Professor,Operating Systems|Web Development|Computer Networks|Advanced Computer Networks|Cloud Computing,0,1,0.7,11,0.2667,0
Please clarify the Deep Learning topic related to my course.,Deep Learning,IT,Lecturer,Cloud Computing|Data Science|DBMS|Advanced DBMS,0,1,0.55,7,0.5333,0
Could you help me with the Cloud Computing syllabus?,Cloud Computing,IT,Assistant Professor,Statistics|Cloud Computing|Advanced Computer Networks,1,0,0.7,14,0.0667,0
I need guidance with my Web Development assignment.,Web Development,CSE,Lecturer,Cloud Computing|Operating Systems|Advanced Computer Networks|Computer Networks,0,1,0.55,11,0.2667,1
I have an academic query regarding DBMS.,DBMS,IT,Lecturer,Python|Data Structures|Statistics,0,1,0.55,15,0.0,0
I have a question about Data Structures.,Data Structures,CSE,Associate Professor,Data Structures|Algorithms|Artificial Intelligence|Advanced Computer Networks|Advanced DBMS,1,1,0.85,8,0.4667,1
I am facing difficulty in Software Engineering and need clarification.,Software Engineering,MCA,Assistant Professor,Software Engineering,1,0,0.7,5,0.6667,1
Could you help me with the Advanced Computer Networks syllabus?,Advanced Computer Networks,IT,Lecturer,Machine Learning|Data Structures|Computer Networks,0,1,0.55,4,0.7333,1
Can you explain an issue related to Computer Networks?,Computer Networks,IT,Professor,Advanced DBMS|Artificial Intelligence,0,1,1.0,1,0.9333,1
Could you help me with the Advanced Computer Networks syllabus?,Advanced Computer Networks,MCA,Professor,Deep Learning,0,0,1.0,8,0.4667,0
Could you help me with the Web Development syllabus?,Web Development,CSE,Assistant Professor,Data Structures|Algorithms|Advanced DBMS,0,1,0.7,9,0.4,0
Can you explain an issue related to Deep Learning?,Deep Learning,CSE,Professor,Computer Networks|Software Engineering|Java,0,1,1.0,8,0.4667,0
Could you help me with the Python syllabus?,Python,MCA,Lecturer,Computer Networks|Statistics|Web Development|Machine Learning|Python,1,1,0.55,11,0.2667,0
Could you help me with the Software Engineering syllabus?,Software Engineering,MCA,Associate Professor,Web Development|Software Engineering|Python|DBMS|Machine Learning,1,1,0.85,4,0.7333,1
Could you help me with the Machine Learning syllabus?,Machine Learning,IT,Professor,Deep Learning|Software Engineering|Artificial Intelligence|DBMS|Computer Networks,0,0,1.0,9,0.4,0
I am facing difficulty in Advanced DBMS and need clarification.,Advanced DBMS,IT,Associate Professor,Java|DBMS|Computer Networks|Operating Systems,0,0,0.85,3,0.8,0
I have a question about Computer Networks.,Computer Networks,CSE,Lecturer,Machine Learning|Artificial Intelligence|Software Engineering|Data Science|Algorithms,0,1,0.55,15,0.0,0
I need help understanding Python.,Python,IT,Associate Professor,Computer Networks,0,1,0.85,14,0.0667,1
I have an academic query regarding Deep Learning.,Deep Learning,CSE,Professor,Machine Learning|Operating Systems|Statistics|Advanced DBMS|Web Development,0,1,1.0,5,0.6667,0
Can you explain an issue related to Software Engineering?,Software Engineering,IT,Associate Professor,Machine Learning|Deep Learning,0,1,0.85,13,0.1333,0
Could you help me with the Computer Networks syllabus?,Computer Networks,IT,Assistant Professor,Data Structures,0,1,0.7,6,0.6,0
I have an academic query regarding DBMS.,DBMS,CSE,Associate Professor,Artificial Intelligence|Operating Systems|Data Science|Deep Learning|Statistics,0,1,0.85,10,0.3333,0
I need guidance with my Artificial Intelligence assignment.,Artificial Intelligence,IT,Assistant Professor,Machine Learning|DBMS,0,0,0.7,9,0.4,0
I am facing difficulty in Machine Learning and need clarification.,Machine Learning,CSE,Assistant Professor,Data Science|Computer Networks|Web Development,0,0,0.7,5,0.6667,0
I have a question about Data Science.,Data Science,MCA,Assistant Professor,Data Science|Java|Statistics,1,1,0.7,2,0.8667,1
I am facing difficulty in Statistics and need clarification.,Statistics,CSE,Professor,Advanced DBMS|Advanced Computer Networks|Python|Data Structures|Web Development,0,1,1.0,4,0.7333,0
I am facing difficulty in Algorithms and need clarification.,Algorithms,IT,Associate Professor,Software Engineering|Web Development|Advanced DBMS|DBMS,0,1,0.85,2,0.8667,0
Please clarify the Web Development topic related to my course.,Web Development,CSE,Associate Professor,Python|Java|Operating Systems,0,0,0.85,9,0.4,0
I need help understanding Advanced DBMS.,Advanced DBMS,CSE,Lecturer,Deep Learning|Python|Statistics|Algorithms,0,1,0.55,6,0.6,0
Please clarify the Operating Systems topic related to my course.,Operating Systems,MCA,Lecturer,DBMS,0,0,0.55,11,0.2667,1
I have an academic query regarding Computer Networks.,Computer Networks,CSE,Associate Professor,Machine Learning|Software Engineering,0,1,0.85,10,0.3333,0
Please clarify the Statistics topic related to my course.,Statistics,CSE,Associate Professor,Artificial Intelligence|DBMS,0,1,0.85,1,0.9333,1
I need help understanding Deep Learning.,Deep Learning,MCA,Lecturer,Advanced Computer Networks|Web Development|Advanced DBMS,0,1,0.55,2,0.8667,0
I need guidance with my Artificial Intelligence assignment.,Artificial Intelligence,IT,Professor,Advanced DBMS|Data Structures|Data Science|Software Engineering,0,0,1.0,12,0.2,0
I have an academic query regarding Artificial Intelligence.,Artificial Intelligence,MCA,Professor,Operating Systems|Computer Networks|Algorithms,0,1,1.0,6,0.6,0
I am facing difficulty in Operating Systems and need clarification.,Operating Systems,MCA,Associate Professor,Software Engineering|Artificial Intelligence|DBMS|Algorithms|Data Structures,0,1,0.85,0,1.0,0
I am facing difficulty in DBMS and need clarification.,DBMS,MCA,Lecturer,Data Structures|Advanced Computer Networks|Advanced DBMS|Artificial Intelligence,0,1,0.55,1,0.9333,0
I need guidance with my Python assignment.,Python,IT,Lecturer,Machine Learning,0,1,0.55,6,0.6,1
I need help understanding Computer Networks.,Computer Networks,MCA,Professor,Machine Learning,0,0,1.0,13,0.1333,0
I need help understanding Python.,Python,IT,Lecturer,Statistics|Python|DBMS|Computer Networks,1,1,0.55,13,0.1333,1
I have an academic query regarding Java.,Java,CSE,Professor,Java|Operating Systems,1,1,1.0,6,0.6,1
I am facing difficulty in Cloud Computing and need clarification.,Cloud Computing,CSE,Lecturer,Java|Artificial Intelligence|Advanced DBMS|DBMS|Web Development,0,1,0.55,6,0.6,0
Could you help me with the Python syllabus?,Python,CSE,Associate Professor,Artificial Intelligence|Web Development|Machine Learning,0,1,0.85,15,0.0,0
I am facing difficulty in Web Development and need clarification.,Web Development,IT,Assistant Professor,Software Engineering|Python|Cloud Computing|Computer Networks|Data Science,0,1,0.7,7,0.5333,0
I need help understanding Python.,Python,MCA,Associate Professor,Cloud Computing|Operating Systems|Algorithms|DBMS|Python,1,1,0.85,0,1.0,1
Can you explain an issue related to DBMS?,DBMS,CSE,Professor,Python|Web Development|Advanced Computer Networks,0,0,1.0,11,0.2667,0
I need help understanding Statistics.,Statistics,IT,Associate Professor,Algorithms|Cloud Computing,0,1,0.85,8,0.4667,1
Please clarify the Software Engineering topic related to my course.,Software Engineering,CSE,Associate Professor,Advanced DBMS,0,1,0.85,15,0.0,1
I need help understanding Advanced Computer Networks.,Advanced Computer Networks,CSE,Associate Professor,DBMS|Deep Learning,0,1,0.85,6,0.6,0
I need help understanding Java.,Java,IT,Associate Professor,DBMS|Advanced DBMS|Java|Python|Algorithms,1,1,0.85,9,0.4,1
Can you explain an issue related to Operating Systems?,Operating Systems,MCA,Lecturer,Python|Computer Networks|Java|Data Science,0,0,0.55,14,0.0667,0
Could you help me with the Java syllabus?,Java,CSE,Lecturer,Data Science|Machine Learning|Advanced Computer Networks|Operating Systems,0,1,0.55,9,0.4,0
Could you help me with the Cloud Computing syllabus?,Cloud Computing,IT,Assistant Professor,Advanced Computer Networks|Software Engineering|Statistics|Python|Data Science,0,1,0.7,9,0.4,1
Could you help me with the Data Structures syllabus?,Data Structures,MCA,Assistant Professor,Data Structures,1,1,0.7,5,0.6667,1
I need help understanding Advanced DBMS.,Advanced DBMS,IT,Lecturer,Cloud Computing|Data Structures,0,1,0.55,4,0.7333,1
I have a question about Python.,Python,CSE,Associate Professor,Advanced Computer Networks|Java|Web Development|Software Engineering,0,0,0.85,5,0.6667,0
Please clarify the Operating Systems topic related to my course.,Operating Systems,CSE,Associate Professor,Advanced Computer Networks|Operating Systems,1,1,0.85,13,0.1333,1
Could you help me with the Machine Learning syllabus?,Machine Learning,CSE,Professor,Cloud Computing|Artificial Intelligence|Operating Systems,0,1,1.0,12,0.2,0
Can you explain an issue related to Advanced DBMS?,Advanced DBMS,IT,Lecturer,Data Structures|Algorithms|Java|Artificial Intelligence|DBMS,0,0,0.55,8,0.4667,0
Can you explain an issue related to Web Development?,Web Development,MCA,Lecturer,Python|Software Engineering|Cloud Computing|Machine Learning|Deep Learning,0,1,0.55,8,0.4667,1
Please clarify the Advanced Computer Networks topic related to my course.,Advanced Computer Networks,MCA,Associate Professor,Data Science|Deep Learning|Computer Networks|Java|Web Development,0,1,0.85,15,0.0,0
I need help understanding DBMS.,DBMS,IT,Associate Professor,Algorithms|Advanced Computer Networks|Python|Java,0,1,0.85,0,1.0,1
I need help understanding Advanced DBMS.,Advanced DBMS,MCA,Professor,Computer Networks|Deep Learning|Operating Systems|Cloud Computing,0,1,1.0,0,1.0,1
Could you help me with the Advanced Computer Networks syllabus?,Advanced Computer Networks,IT,Professor,DBMS|Computer Networks|Machine Learning,0,0,1.0,7,0.5333,0
Please clarify the Computer Networks topic related to my course.,Computer Networks,IT,Professor,Data Science|Advanced DBMS|Machine Learning,0,1,1.0,1,0.9333,1
Can you explain an issue related to Software Engineering?,Software Engineering,CSE,Associate Professor,Deep Learning,0,1,0.85,11,0.2667,0
I have a question about Deep Learning.,Deep Learning,IT,Lecturer,Python|Cloud Computing|Statistics|Java,0,1,0.55,0,1.0,1
I have an academic query regarding Deep Learning.,Deep Learning,IT,Professor,Cloud Computing|Python|Software Engineering|Deep Learning,1,0,1.0,5,0.6667,0
I am facing difficulty in Data Structures and need clarification.,Data Structures,MCA,Assistant Professor,Data Structures|Algorithms,1,1,0.7,2,0.8667,1
I am facing difficulty in Java and need clarification.,Java,CSE,Professor,Statistics,0,0,1.0,1,0.9333,0
Can you explain an issue related to Data Science?,Data Science,MCA,Lecturer,Advanced DBMS|Machine Learning,0,0,0.55,1,0.9333,1
I have a question about Data Structures.,Data Structures,MCA,Associate Professor,Deep Learning|Advanced DBMS|Software Engineering,0,1,0.85,3,0.8,0
I need guidance with my Data Science assignment.,Data Science,CSE,Associate Professor,Operating Systems|Artificial Intelligence,0,1,0.85,4,0.7333,0
Please clarify the Advanced DBMS topic related to my course.,Advanced DBMS,IT,Lecturer,Advanced DBMS|Web Development|Artificial Intelligence|Python,1,0,0.55,5,0.6667,1
I have a question about Deep Learning.,Deep Learning,CSE,Lecturer,Web Development|Java|Artificial Intelligence|Operating Systems|Data Structures,0,1,0.55,12,0.2,0
Could you help me with the Deep Learning syllabus?,Deep Learning,IT,Professor,Statistics|Deep Learning|Machine Learning|Cloud Computing,1,1,1.0,14,0.0667,1
I need help understanding DBMS.,DBMS,IT,Professor,Python|Deep Learning,0,1,1.0,12,0.2,0
I need guidance with my Software Engineering assignment.,Software Engineering,CSE,Associate Professor,Advanced DBMS,0,1,0.85,9,0.4,1
I have a question about Computer Networks.,Computer Networks,IT,Professor,Data Science|Web Development|Cloud Computing,0,1,1.0,8,0.4667,0
I have an academic query regarding Python.,Python,MCA,Lecturer,Python|Data Science|Operating Systems,1,1,0.55,10,0.3333,1
I am facing difficulty in Software Engineering and need clarification.,Software Engineering,CSE,Lecturer,Advanced Computer Networks,0,1,0.55,8,0.4667,0
I need guidance with my Machine Learning assignment.,Machine Learning,IT,Professor,Advanced Computer Networks|Data Science|Python|Data Structures|Computer Networks,0,1,1.0,9,0.4,0
I am facing difficulty in Data Structures and need clarification.,Data Structures,MCA,Assistant Professor,Data Science|Artificial Intelligence|Advanced Computer Networks,0,0,0.7,14,0.0667,0
I need guidance with my Advanced Computer Networks assignment.,Advanced Computer Networks,IT,Associate Professor,Advanced DBMS|Data Science|Machine Learning|Software Engineering|Web Development,0,1,0.85,7,0.5333,1
Could you help me with the Deep Learning syllabus?,Deep Learning,MCA,Associate Professor,Computer Networks,0,1,0.85,13,0.1333,0
I am facing difficulty in Data Science and need clarification.,Data Science,MCA,Professor,Data Science|Advanced DBMS|DBMS,1,1,1.0,10,0.3333,1
I need guidance with my Operating Systems assignment.,Operating Systems,CSE,Professor,Statistics,0,1,1.0,12,0.2,1
I am facing difficulty in Statistics and need clarification.,Statistics,IT,Lecturer,Cloud Computing|Computer Networks|Python|Statistics|Machine Learning,1,1,0.55,8,0.4667,1
Please clarify the Data Science topic related to my course.,Data Science,CSE,Assistant Professor,Artificial Intelligence|Advanced Computer Networks|Operating Systems|Python|Statistics,0,1,0.7,1,0.9333,0
Could you help me with the Operating Systems syllabus?,Operating Systems,CSE,Lecturer,Cloud Computing|Statistics|Advanced Computer Networks|Computer Networks,0,0,0.55,10,0.3333,0
I need guidance with my Data Science assignment.,Data Science,MCA,Lecturer,DBMS,0,1,0.55,14,0.0667,0
I have an academic query regarding Artificial Intelligence.,Artificial Intelligence,CSE,Lecturer,DBMS,0,0,0.55,6,0.6,0
I need help understanding Web Development.,Web Development,MCA,Assistant Professor,Data Structures|Advanced DBMS|Advanced Computer Networks|Statistics,0,1,0.7,10,0.3333,0
I am facing difficulty in Machine Learning and need clarification.,Machine Learning,IT,Assistant Professor,Advanced DBMS|Operating Systems|Algorithms|Java|Statistics,0,1,0.7,7,0.5333,0
I have an academic query regarding Advanced DBMS.,Advanced DBMS,CSE,Associate Professor,Computer Networks|Data Structures|Python|Web Development|Advanced DBMS,1,1,0.85,0,1.0,1
I have an academic query regarding Data Science.,Data Science,IT,Associate Professor,Data Structures|Cloud Computing|Python|Computer Networks|Deep Learning,0,1,0.85,9,0.4,0
Can you explain an issue related to Java?,Java,CSE,Associate Professor,Advanced Computer Networks|Data Structures|Advanced DBMS|Web Development,0,1,0.85,11,0.2667,1
Can you explain an issue related to Artificial Intelligence?,Artificial Intelligence,IT,Lecturer,Cloud Computing|Advanced DBMS|Data Structures|Artificial Intelligence,1,1,0.55,10,0.3333,0
I have a question about Advanced Computer Networks.,Advanced Computer Networks,CSE,Professor,Advanced DBMS|Machine Learning|Software Engineering|Algorithms,0,1,1.0,6,0.6,1
I need guidance with my Deep Learning assignment.,Deep Learning,CSE,Associate Professor,Web Development,0,1,0.85,6,0.6,1
I have an academic query regarding Advanced DBMS.,Advanced DBMS,CSE,Associate Professor,Advanced DBMS|Software Engineering|Artificial Intelligence|Deep Learning,1,1,0.85,14,0.0667,1
Please clarify the Operating Systems topic related to my course.,Operating Systems,CSE,Assistant Professor,Java,0,1,0.7,9,0.4,0
I have an academic query regarding Artificial Intelligence.,Artificial Intelligence,MCA,Lecturer,Operating Systems|Data Structures|DBMS,0,0,0.55,10,0.3333,0
Please clarify the Advanced DBMS topic related to my course.,Advanced DBMS,MCA,Assistant Professor,Java|Cloud Computing,0,1,0.7,3,0.8,0
I need help understanding Advanced DBMS.,Advanced DBMS,IT,Professor,Software Engineering,0,1,1.0,15,0.0,0
I am facing difficulty in Operating Systems and need clarification.,Operating Systems,IT,Lecturer,Advanced DBMS|Statistics|Artificial Intelligence,0,1,0.55,6,0.6,0
Please clarify the Web Development topic related to my course.,Web Development,IT,Professor,Advanced Computer Networks|Data Science|Algorithms,0,1,1.0,3,0.8,1
Can you explain an issue related to Data Structures?,Data Structures,MCA,Assistant Professor,Advanced DBMS|Advanced Computer Networks|Data Science|Data Structures,1,0,0.7,5,0.6667,1
Could you help me with the Artificial Intelligence syllabus?,Artificial Intelligence,MCA,Professor,Operating Systems|Cloud Computing,0,0,1.0,7,0.5333,0
Could you help me with the Advanced DBMS syllabus?,Advanced DBMS,CSE,Associate Professor,Artificial Intelligence,0,0,0.85,13,0.1333,1
I need help understanding Cloud Computing.,Cloud Computing,MCA,Professor,Software Engineering|Advanced Computer Networks|Web Development|Algorithms,0,0,1.0,3,0.8,0
I need guidance with my Artificial Intelligence assignment.,Artificial Intelligence,IT,Lecturer,Machine Learning|Cloud Computing|Advanced DBMS|Data Science|Computer Networks,0,1,0.55,8,0.4667,0
I have a question about Data Science.,Data Science,MCA,Professor,Python|Data Science,1,1,1.0,6,0.6,1
Can you explain an issue related to Data Science?,Data Science,CSE,Professor,Algorithms|Advanced DBMS,0,1,1.0,13,0.1333,0
I have an academic query regarding DBMS.,DBMS,MCA,Associate Professor,Cloud Computing,0,0,0.85,8,0.4667,0
I have an academic query regarding DBMS.,DBMS,CSE,Professor,Cloud Computing|Data Structures|Java|Statistics,0,1,1.0,14,0.0667,0
Could you help me with the Advanced DBMS syllabus?,Advanced DBMS,MCA,Professor,Java,0,1,1.0,8,0.4667,1
I need guidance with my Data Science assignment.,Data Science,IT,Lecturer,Algorithms|Advanced DBMS,0,1,0.55,13,0.1333,1
I am facing difficulty in Web Development and need clarification.,Web Development,MCA,Assistant Professor,Operating Systems|Statistics|Advanced DBMS|Python|Advanced Computer Networks,0,1,0.7,6,0.6,0
Can you explain an issue related to Data Structures?,Data Structures,MCA,Associate Professor,Python,0,1,0.85,15,0.0,0
Can you explain an issue related to Cloud Computing?,Cloud Computing,CSE,Lecturer,Algorithms,0,1,0.55,3,0.8,1
I need guidance with my Operating Systems assignment.,Operating Systems,IT,Professor,Data Science|Operating Systems|Software Engineering,1,0,1.0,1,0.9333,0
Could you help me with the Software Engineering syllabus?,Software Engineering,IT,Professor,Data Structures|Web Development,0,1,1.0,13,0.1333,0
I am facing difficulty in Software Engineering and need clarification.,Software Engineering,IT,Professor,Software Engineering|Computer Networks|Advanced DBMS|DBMS|Python,1,1,1.0,12,0.2,1
I need help understanding Python.,Python,MCA,Associate Professor,Machine Learning,0,1,0.85,9,0.4,1
I have an academic query regarding DBMS.,DBMS,CSE,Assistant Professor,Deep Learning|Data Science|Statistics,0,1,0.7,8,0.4667,0
I am facing difficulty in Machine Learning and need clarification.,Machine Learning,IT,Assistant Professor,Advanced Computer Networks|Python|Computer Networks|Advanced DBMS|Deep Learning,0,1,0.7,8,0.4667,0
I need guidance with my Statistics assignment.,Statistics,IT,Assistant Professor,Statistics,1,1,0.7,13,0.1333,0
I need guidance with my Python assignment.,Python,CSE,Associate Professor,Operating Systems|Web Development|Algorithms|Statistics,0,1,0.85,2,0.8667,1
I am facing difficulty in Java and need clarification.,Java,CSE,Lecturer,Machine Learning|Artificial Intelligence|Python|Advanced Computer Networks|Cloud Computing,0,1,0.55,5,0.6667,0
I have a question about Advanced DBMS.,Advanced DBMS,IT,Assistant Professor,Software Engineering|Python|Statistics|Artificial Intelligence|Deep Learning,0,1,0.7,12,0.2,0
I need guidance with my DBMS assignment.,DBMS,MCA,Associate Professor,Python|Operating Systems|Data Science|Advanced Computer Networks|Statistics,0,1,0.85,8,0.4667,0
I need guidance with my Artificial Intelligence assignment.,Artificial Intelligence,MCA,Assistant Professor,Software Engineering|Python,0,1,0.7,10,0.3333,1
I have an academic query regarding Artificial Intelligence.,Artificial Intelligence,IT,Associate Professor,Algorithms|Cloud Computing|Web Development|Deep Learning|Advanced DBMS,0,1,0.85,9,0.4,0
Could you help me with the DBMS syllabus?,DBMS,IT,Lecturer,Data Science|Operating Systems,0,1,0.55,11,0.2667,1
I need help understanding Advanced Computer Networks.,Advanced Computer Networks,MCA,Assistant Professor,Artificial Intelligence|Data Structures|Operating Systems|Java,0,1,0.7,15,0.0,1
Please clarify the Data Structures topic related to my course.,Data Structures,MCA,Lecturer,Computer Networks|Data Structures|Web Development,1,1,0.55,9,0.4,1
I need guidance with my Algorithms assignment.,Algorithms,MCA,Lecturer,Advanced Computer Networks,0,1,0.55,7,0.5333,1
I have a question about Java.,Java,CSE,Professor,Java|Advanced Computer Networks|Computer Networks|Python|Cloud Computing,1,0,1.0,1,0.9333,1
I am facing difficulty in Computer Networks and need clarification.,Computer Networks,MCA,Associate Professor,Machine Learning|Advanced DBMS|Python|Data Structures,0,1,0.85,7,0.5333,0
I need guidance with my Software Engineering assignment.,Software Engineering,CSE,Lecturer,Statistics|Advanced Computer Networks|Software Engineering|Computer Networks,1,1,0.55,14,0.0667,1
Please clarify the Web Development topic related to my course.,Web Development,CSE,Assistant Professor,Machine Learning|Computer Networks|DBMS|Operating Systems|Data Structures,0,1,0.7,8,0.4667,1
I need help understanding Deep Learning.,Deep Learning,MCA,Associate Professor,Computer Networks|Python|Advanced DBMS|Deep Learning,1,1,0.85,1,0.9333,1
I need guidance with my Computer Networks assignment.,Computer Networks,IT,Associate Professor,Artificial Intelligence|Computer Networks,1,1,0.85,2,0.8667,1
Could you help me with the Python syllabus?,Python,IT,Professor,Data Science|DBMS|Computer Networks|Algorithms,0,1,1.0,4,0.7333,0
I am facing difficulty in Data Science and need clarification.,Data Science,CSE,Lecturer,Deep Learning|Python|Algorithms,0,0,0.55,9,0.4,0
I am facing difficulty in Software Engineering and need clarification.,Software Engineering,MCA,Professor,Java|Advanced Computer Networks|Web Development|DBMS,0,1,1.0,14,0.0667,0
I have a question about Advanced Computer Networks.,Advanced Computer Networks,MCA,Associate Professor,Java|Machine Learning|Computer Networks|Data Structures|Advanced DBMS,0,0,0.85,5,0.6667,0
Please clarify the Advanced DBMS topic related to my course.,Advanced DBMS,MCA,Assistant Professor,Computer Networks|Statistics|Advanced Computer Networks|Cloud Computing|Machine Learning,0,1,0.7,5,0.6667,0
Please clarify the Java topic related to my course.,Java,IT,Assistant Professor,Cloud Computing,0,1,0.7,10,0.3333,0
I have a question about Operating Systems.,Operating Systems,CSE,Lecturer,Java|Software Engineering|DBMS,0,1,0.55,4,0.7333,1
I need guidance with my Data Science assignment.,Data Science,CSE,Professor,Advanced DBMS|Java|Software Engineering,0,1,1.0,12,0.2,0
I need guidance with my Python assignment.,Python,CSE,Lecturer,Artificial Intelligence,0,1,0.55,15,0.0,0
I need help understanding Machine Learning.,Machine Learning,MCA,Assistant Professor,Statistics|Machine Learning|Web Development|Java,1,1,0.7,7,0.5333,1
I have a question about Python.,Python,MCA,Associate Professor,Data Science|Machine Learning|Cloud Computing|Web Development|DBMS,0,1,0.85,14,0.0667,0
I am facing difficulty in Algorithms and need clarification.,Algorithms,MCA,Assistant Professor,Machine Learning|Advanced Computer Networks|Data Structures|Computer Networks,0,1,0.7,9,0.4,1
I need help understanding DBMS.,DBMS,IT,Professor,Operating Systems|Web Development|Advanced Computer Networks|Advanced DBMS,0,0,1.0,15,0.0,0
I need guidance with my Data Structures assignment.,Data Structures,IT,Associate Professor,Cloud Computing|Algorithms,0,1,0.85,10,0.3333,0
Could you help me with the Machine Learning syllabus?,Machine Learning,CSE,Lecturer,Data Structures|Artificial Intelligence|Advanced DBMS|Statistics|Web Development,0,1,0.55,10,0.3333,0
Could you help me with the Software Engineering syllabus?,Software Engineering,MCA,Lecturer,Java|Machine Learning|Data Structures|Deep Learning,0,1,0.55,7,0.5333,0
I need guidance with my Data Science assignment.,Data Science,CSE,Assistant Professor,Deep Learning|Software Engineering|Machine Learning,0,0,0.7,2,0.8667,0
Could you help me with the Software Engineering syllabus?,Software Engineering,MCA,Associate Professor,Operating Systems|Web Development,0,0,0.85,4,0.7333,0
I am facing difficulty in Artificial Intelligence and need clarification.,Artificial Intelligence,IT,Associate Professor,DBMS,0,1,0.85,13,0.1333,0
Please clarify the Java topic related to my course.,Java,IT,Lecturer,Algorithms|Java|Operating Systems|Advanced Computer Networks|Data Structures,1,1,0.55,13,0.1333,1
I need help understanding Software Engineering.,Software Engineering,MCA,Professor,Advanced DBMS|Algorithms|Python,0,1,1.0,6,0.6,0
Could you help me with the Advanced DBMS syllabus?,Advanced DBMS,CSE,Professor,Operating Systems|DBMS|Deep Learning|Data Science,0,0,1.0,4,0.7333,0
I have a question about Data Science.,Data Science,MCA,Lecturer,Computer Networks|Deep Learning|Cloud Computing|Java,0,1,0.55,13,0.1333,1
I have a question about Data Structures.,Data Structures,CSE,Assistant Professor,Cloud Computing|Data Science,0,1,0.7,4,0.7333,1
I have an academic query regarding Software Engineering.,Software Engineering,MCA,Assistant Professor,Algorithms|Computer Networks|Python|Web Development,0,1,0.7,14,0.0667,0
I have a question about Advanced DBMS.,Advanced DBMS,IT,Assistant Professor,Data Science,0,1,0.7,0,1.0,0
I have an academic query regarding Computer Networks.,Computer Networks,IT,Associate Professor,Computer Networks|Data Science|Deep Learning|Cloud Computing,1,1,0.85,5,0.6667,1
I need help understanding Cloud Computing.,Cloud Computing,MCA,Assistant Professor,Advanced Computer Networks|Python,0,0,0.7,2,0.8667,1
Please clarify the Data Science topic related to my course.,Data Science,MCA,Professor,Python|Software Engineering|Artificial Intelligence|Data Structures,0,1,1.0,10,0.3333,1
Could you help me with the Deep Learning syllabus?,Deep Learning,MCA,Associate Professor,Artificial Intelligence|Statistics|Advanced Computer Networks|Cloud Computing|Java,0,1,0.85,6,0.6,0
I need guidance with my Cloud Computing assignment.,Cloud Computing,CSE,Associate Professor,Java|Algorithms|Artificial Intelligence|Operating Systems,0,1,0.85,7,0.5333,1
I need help understanding Data Structures.,Data Structures,CSE,Assistant Professor,Computer Networks,0,1,0.7,15,0.0,0
I need help understanding Operating Systems.,Operating Systems,MCA,Associate Professor,Web Development|Computer Networks|Advanced DBMS|Python,0,1,0.85,3,0.8,0
I need guidance with my Operating Systems assignment.,Operating Systems,IT,Assistant Professor,Statistics|Python,0,1,0.7,3,0.8,0
I am facing difficulty in Machine Learning and need clarification.,Machine Learning,IT,Associate Professor,Web Development,0,1,0.85,14,0.0667,0
Please clarify the Artificial Intelligence topic related to my course.,Artificial Intelligence,MCA,Lecturer,DBMS|Java|Software Engineering,0,0,0.55,9,0.4,0
I have an academic query regarding Data Structures.,Data Structures,CSE,Associate Professor,Data Structures|Advanced Computer Networks|Operating Systems|Statistics|Artificial Intelligence,1,0,0.85,2,0.8667,1
I am facing difficulty in Statistics and need clarification.,Statistics,CSE,Lecturer,Operating Systems|Artificial Intelligence|Deep Learning|Computer Networks,0,1,0.55,13,0.1333,0
I have a question about Software Engineering.,Software Engineering,CSE,Associate Professor,Advanced DBMS|DBMS|Web Development|Cloud Computing|Software Engineering,1,1,0.85,10,0.3333,1
Could you help me with the DBMS syllabus?,DBMS,IT,Assistant Professor,Operating Systems|Java|Deep Learning|Python|Web Development,0,1,0.7,10,0.3333,0
Please clarify the Cloud Computing topic related to my course.,Cloud Computing,MCA,Associate Professor,Software Engineering|Python|Algorithms|Advanced DBMS|Data Science,0,1,0.85,1,0.9333,0
Can you explain an issue related to Web Development?,Web Development,IT,Assistant Professor,Statistics|Computer Networks|Artificial Intelligence|Deep Learning,0,1,0.7,11,0.2667,0
I need guidance with my Cloud Computing assignment.,Cloud Computing,MCA,Professor,Java|Artificial Intelligence|Algorithms|Python|Advanced Computer Networks,0,1,1.0,12,0.2,1
Can you explain an issue related to Advanced Computer Networks?,Advanced Computer Networks,CSE,Professor,Algorithms|Machine Learning|Statistics|Advanced Computer Networks|Artificial Intelligence,1,1,1.0,4,0.7333,1
I am facing difficulty in Computer Networks and need clarification.,Computer Networks,IT,Professor,Advanced DBMS,0,1,1.0,13,0.1333,0
I have an academic query regarding Software Engineering.,Software Engineering,MCA,Lecturer,Data Science|Computer Networks,0,1,0.55,7,0.5333,1
I have a question about Data Structures.,Data Structures,MCA,Lecturer,Software Engineering|Algorithms|Data Science,0,1,0.55,3,0.8,0
Could you help me with the Web Development syllabus?,Web Development,CSE,Assistant Professor,Java|Computer Networks|Data Structures|Algorithms,0,1,0.7,1,0.9333,1
I need guidance with my Statistics assignment.,Statistics,MCA,Associate Professor,Cloud Computing,0,1,0.85,0,1.0,0
I have a question about Operating Systems.,Operating Systems,CSE,Lecturer,Machine Learning|Web Development,0,1,0.55,13,0.1333,0
Could you help me with the Advanced DBMS syllabus?,Advanced DBMS,CSE,Associate Professor,DBMS,0,0,0.85,5,0.6667,0
Please clarify the DBMS topic related to my course.,DBMS,CSE,Assistant Professor,Data Structures|Machine Learning|Python|Data Science,0,1,0.7,1,0.9333,1
I have a question about Java.,Java,CSE,Professor,Statistics|Data Science|Algorithms,0,1,1.0,1,0.9333,0
I am facing difficulty in Statistics and need clarification.,Statistics,MCA,Assistant Professor,Cloud Computing|Statistics|Algorithms,1,1,0.7,7,0.5333,1
I need guidance with my Java assignment.,Java,MCA,Lecturer,Advanced Computer Networks|Machine Learning|Operating Systems|Java|DBMS,1,1,0.55,3,0.8,1
I have an academic query regarding Cloud Computing.,Cloud Computing,CSE,Professor,Advanced Computer Networks|DBMS|Machine Learning|Deep Learning|Data Science,0,1,1.0,4,0.7333,0
I need guidance with my Advanced DBMS assignment.,Advanced DBMS,CSE,Professor,Artificial Intelligence,0,0,1.0,1,0.9333,0
I am facing difficulty in Java and need clarification.,Java,IT,Professor,Java|Advanced DBMS|Python|Data Structures|DBMS,1,1,1.0,5,0.6667,1
Could you help me with the Machine Learning syllabus?,Machine Learning,IT,Associate Professor,Advanced Computer Networks|Statistics,0,1,0.85,14,0.0667,0
I have an academic query regarding Machine Learning.,Machine Learning,IT,Lecturer,Data Structures|Python,0,0,0.55,2,0.8667,0
Please clarify the Data Science topic related to my course.,Data Science,IT,Associate Professor,Algorithms|Computer Networks|Operating Systems|Advanced Computer Networks|DBMS,0,1,0.85,6,0.6,1
I need help understanding Data Structures.,Data Structures,MCA,Lecturer,Advanced DBMS|Computer Networks,0,1,0.55,14,0.0667,0
Please clarify the Cloud Computing topic related to my course.,Cloud Computing,CSE,Associate Professor,Advanced DBMS|Data Science|Advanced Computer Networks|Machine Learning|Data Structures,0,0,0.85,2,0.8667,0
I am facing difficulty in Advanced Computer Networks and need clarification.,Advanced Computer Networks,MCA,Professor,Algorithms,0,1,1.0,1,0.9333,1
Can you explain an issue related to Cloud Computing?,Cloud Computing,CSE,Lecturer,DBMS,0,0,0.55,4,0.7333,0
I have a question about Machine Learning.,Machine Learning,MCA,Lecturer,Statistics|Operating Systems|Data Science,0,1,0.55,5,0.6667,1
I am facing difficulty in Computer Networks and need clarification.,Computer Networks,CSE,Professor,Statistics|Algorithms|Operating Systems|Advanced Computer Networks,0,1,1.0,5,0.6667,1
Could you help me with the Advanced DBMS syllabus?,Advanced DBMS,CSE,Assistant Professor,Statistics|Artificial Intelligence|Deep Learning,0,0,0.7,9,0.4,0
I need help understanding Algorithms.,Algorithms,CSE,Assistant Professor,Java,0,1,0.7,14,0.0667,0
I have a question about Web Development.,Web Development,CSE,Assistant Professor,Data Structures|DBMS|Software Engineering,0,1,0.7,13,0.1333,0
I am facing difficulty in Deep Learning and need clarification.,Deep Learning,IT,Assistant Professor,Deep Learning,1,1,0.7,10,0.3333,1
I am facing difficulty in Advanced Computer Networks and need clarification.,Advanced Computer Networks,MCA,Assistant Professor,Python,0,1,0.7,9,0.4,0
Can you explain an issue related to Machine Learning?,Machine Learning,IT,Assistant Professor,Software Engineering,0,1,0.7,0,1.0,0
I need help understanding Data Structures.,Data Structures,IT,Associate Professor,Advanced Computer Networks,0,1,0.85,10,0.3333,0
I need guidance with my Algorithms assignment.,Algorithms,CSE,Lecturer,Advanced Computer Networks,0,0,0.55,9,0.4,0
I need guidance with my Cloud Computing assignment.,Cloud Computing,MCA,Associate Professor,DBMS|Advanced Computer Networks,0,1,0.85,11,0.2667,1
I need help understanding Statistics.,Statistics,MCA,Assistant Professor,Python,0,0,0.7,10,0.3333,0
Could you help me with the Cloud Computing syllabus?,Cloud Computing,MCA,Professor,Advanced DBMS|Operating Systems,0,0,1.0,4,0.7333,0
I have an academic query regarding Deep Learning.,Deep Learning,IT,Lecturer,Data Structures|Cloud Computing,0,1,0.55,14,0.0667,0
I have an academic query regarding Algorithms.,Algorithms,CSE,Associate Professor,Algorithms|Data Science,1,1,0.85,11,0.2667,1
I need help understanding Algorithms.,Algorithms,IT,Lecturer,Software Engineering|Deep Learning,0,1,0.55,6,0.6,0
I have a question about Advanced DBMS.,Advanced DBMS,IT,Assistant Professor,Advanced DBMS,1,0,0.7,7,0.5333,1
I need guidance with my Cloud Computing assignment.,Cloud Computing,MCA,Assistant Professor,Operating Systems|Deep Learning,0,0,0.7,11,0.2667,0
Can you explain an issue related to Operating Systems?,Operating Systems,MCA,Associate Professor,Data Structures|Advanced Computer Networks|Machine Learning,0,1,0.85,0,1.0,1
Could you help me with the Web Development syllabus?,Web Development,CSE,Associate Professor,Computer Networks,0,0,0.85,5,0.6667,0
Please clarify the Algorithms topic related to my course.,Algorithms,MCA,Assistant Professor,Data Science|Java|Advanced Computer Networks,0,1,0.7,12,0.2,0
Could you help me with the Software Engineering syllabus?,Software Engineering,IT,Lecturer,Artificial Intelligence|Computer Networks,0,1,0.55,11,0.2667,1
I need help understanding Advanced DBMS.,Advanced DBMS,IT,Lecturer,Python|Cloud Computing|DBMS|Data Structures|Deep Learning,0,1,0.55,12,0.2,1
Can you explain an issue related to Computer Networks?,Computer Networks,MCA,Associate Professor,Statistics|Advanced DBMS|Operating Systems,0,1,0.85,9,0.4,0
I am facing difficulty in Cloud Computing and need clarification.,Cloud Computing,MCA,Professor,Computer Networks|Advanced Computer Networks|Data Science|Software Engineering,0,1,1.0,12,0.2,1
Could you help me with the Advanced DBMS syllabus?,Advanced DBMS,IT,Lecturer,Data Structures|Data Science,0,1,0.55,6,0.6,0
Can you explain an issue related to Java?,Java,IT,Professor,Java|Algorithms|DBMS|Data Structures|Machine Learning,1,1,1.0,13,0.1333,1
Please clarify the Operating Systems topic related to my course.,Operating Systems,IT,Associate Professor,Advanced Computer Networks,0,0,0.85,1,0.9333,0
I have an academic query regarding Cloud Computing.,Cloud Computing,CSE,Associate Professor,Software Engineering|Advanced DBMS|Cloud Computing|Artificial Intelligence,1,1,0.85,11,0.2667,1
Please clarify the Artificial Intelligence topic related to my course.,Artificial Intelligence,CSE,Professor,Python|Statistics|Java|Software Engineering|Computer Networks,0,1,1.0,11,0.2667,1
I have a question about Data Science.,Data Science,IT,Assistant Professor,Software Engineering|Artificial Intelligence|Data Science|Computer Networks|Web Development,1,0,0.7,13,0.1333,0
I need guidance with my Advanced DBMS assignment.,Advanced DBMS,CSE,Professor,Software Engineering|Data Science|Python,0,1,1.0,8,0.4667,0
I am facing difficulty in Computer Networks and need clarification.,Computer Networks,IT,Professor,DBMS|Java|Data Structures|Machine Learning,0,0,1.0,13,0.1333,0
I have an academic query regarding Java.,Java,CSE,Lecturer,DBMS|Artificial Intelligence,0,1,0.55,1,0.9333,0
Please clarify the DBMS topic related to my course.,DBMS,MCA,Associate Professor,Operating Systems|Data Structures|Software Engineering,0,0,0.85,14,0.0667,0
I have a question about Data Science.,Data Science,IT,Lecturer,Data Structures|Web Development,0,1,0.55,7,0.5333,0
Can you explain an issue related to Web Development?,Web Development,IT,Professor,Software Engineering|Statistics|Machine Learning|DBMS,0,1,1.0,7,0.5333,0
I need help understanding Deep Learning.,Deep Learning,CSE,Professor,Statistics|Python|Advanced DBMS,0,1,1.0,2,0.8667,1
I need help understanding Java.,Java,IT,Associate Professor,Data Science|Advanced DBMS,0,1,0.85,2,0.8667,1
I need help understanding Machine Learning.,Machine Learning,IT,Assistant Professor,Deep Learning|Statistics,0,0,0.7,0,1.0,1
Can you explain an issue related to Software Engineering?,Software Engineering,IT,Lecturer,Python|Machine Learning,0,0,0.55,1,0.9333,0
I need help understanding DBMS.,DBMS,CSE,Professor,Java|Advanced Computer Networks,0,1,1.0,5,0.6667,0
Can you explain an issue related to Algorithms?,Algorithms,CSE,Lecturer,Advanced Computer Networks|Data Structures,0,1,0.55,9,0.4,0
I need guidance with my Algorithms assignment.,Algorithms,IT,Lecturer,Operating Systems|Computer Networks|Java,0,1,0.55,8,0.4667,1
Could you help me with the Data Structures syllabus?,Data Structures,MCA,Associate Professor,Data Science|Software Engineering,0,1,0.85,3,0.8,1
I need guidance with my Advanced Computer Networks assignment.,Advanced Computer Networks,MCA,Professor,Python|Data Science|Advanced DBMS|Algorithms|Cloud Computing,0,0,1.0,15,0.0,0
I have an academic query regarding Data Science.,Data Science,CSE,Professor,DBMS|Computer Networks|Advanced Computer Networks|Statistics|Artificial Intelligence,0,1,1.0,1,0.9333,0
I have an academic query regarding Operating Systems.,Operating Systems,CSE,Associate Professor,Deep Learning|Artificial Intelligence|Advanced Computer Networks|Machine Learning|Statistics,0,0,0.85,0,1.0,1
Could you help me with the Web Development syllabus?,Web Development,CSE,Assistant Professor,Cloud Computing|Python|Algorithms|Advanced Computer Networks|Data Structures,0,1,0.7,9,0.4,0
I am facing difficulty in Cloud Computing and need clarification.,Cloud Computing,CSE,Professor,DBMS|Advanced Computer Networks|Computer Networks|Statistics,0,1,1.0,9,0.4,0
Can you explain an issue related to Operating Systems?,Operating Systems,MCA,Associate Professor,Deep Learning,0,1,0.85,6,0.6,0
Please clarify the Data Structures topic related to my course.,Data Structures,IT,Associate Professor,DBMS|Java|Data Science,0,1,0.85,7,0.5333,0
I have an academic query regarding Cloud Computing.,Cloud Computing,MCA,Associate Professor,Python|Algorithms|Advanced Computer Networks|Advanced DBMS,0,1,0.85,13,0.1333,0
Please clarify the Machine Learning topic related to my course.,Machine Learning,MCA,Professor,Computer Networks|Cloud Computing|Advanced Computer Networks|Operating Systems,0,1,1.0,10,0.3333,1
Can you explain an issue related to Advanced Computer Networks?,Advanced Computer Networks,CSE,Associate Professor,Cloud Computing|Operating Systems|Artificial Intelligence|Java,0,0,0.85,7,0.5333,0
I need guidance with my Data Science assignment.,Data Science,MCA,Assistant Professor,Web Development|DBMS,0,1,0.7,12,0.2,1
I am facing difficulty in Computer Networks and need clarification.,Computer Networks,MCA,Lecturer,Java|Data Science,0,1,0.55,8,0.4667,0
I have a question about Java.,Java,CSE,Assistant Professor,Algorithms|Computer Networks|Python,0,0,0.7,14,0.0667,0
I need guidance with my Operating Systems assignment.,Operating Systems,IT,Professor,Software Engineering|Statistics|Operating Systems|Machine Learning|Java,1,1,1.0,12,0.2,0
I am facing difficulty in Algorithms and need clarification.,Algorithms,CSE,Associate Professor,Cloud Computing|Deep Learning|Data Structures|Data Science|Python,0,1,0.85,8,0.4667,1
Please clarify the Computer Networks topic related to my course.,Computer Networks,CSE,Professor,Data Structures,0,0,1.0,0,1.0,0
I am facing difficulty in Algorithms and need clarification.,Algorithms,CSE,Lecturer,Operating Systems|Computer Networks|Data Science|Advanced Computer Networks|Web Development,0,0,0.55,3,0.8,0
Please clarify the Statistics topic related to my course.,Statistics,MCA,Lecturer,Deep Learning|Cloud Computing|Advanced DBMS|Operating Systems|Advanced Computer Networks,0,1,0.55,13,0.1333,1
Could you help me with the Deep Learning syllabus?,Deep Learning,MCA,Assistant Professor,Python|Statistics|Operating Systems|Web Development|Computer Networks,0,1,0.7,3,0.8,0
I need guidance with my Python assignment.,Python,CSE,Associate Professor,Artificial Intelligence|DBMS|Software Engineering|Cloud Computing|Java,0,0,0.85,5,0.6667,0
I need guidance with my Advanced DBMS assignment.,Advanced DBMS,CSE,Professor,Cloud Computing|Data Science|Python|Operating Systems|DBMS,0,1,1.0,11,0.2667,0
I need guidance with my Web Development assignment.,Web Development,MCA,Lecturer,Machine Learning|Operating Systems,0,1,0.55,13,0.1333,1
Please clarify the Web Development topic related to my course.,Web Development,IT,Lecturer,Data Science|Algorithms|Software Engineering|Machine Learning,0,1,0.55,8,0.4667,1
I am facing difficulty in Operating Systems and need clarification.,Operating Systems,IT,Assistant Professor,Data Science,0,1,0.7,8,0.4667,1
I have a question about Web Development.,Web Development,CSE,Professor,Advanced Computer Networks|Deep Learning,0,1,1.0,13,0.1333,0
I have an academic query regarding Statistics.,Statistics,IT,Lecturer,Software Engineering|Advanced DBMS,0,1,0.55,10,0.3333,0
I need guidance with my DBMS assignment.,DBMS,CSE,Associate Professor,Operating Systems|Algorithms|Java,0,0,0.85,4,0.7333,0
I am facing difficulty in Deep Learning and need clarification.,Deep Learning,IT,Lecturer,Software Engineering|Data Structures,0,1,0.55,10,0.3333,0
I need help understanding Web Development.,Web Development,IT,Lecturer,Advanced Computer Networks|Algorithms|Statistics|Machine Learning|Data Science,0,0,0.55,10,0.3333,0
Please clarify the Web Development topic related to my course.,Web Development,IT,Professor,Algorithms|Statistics|Machine Learning|Operating Systems,0,1,1.0,12,0.2,1
I have a question about Algorithms.,Algorithms,CSE,Associate Professor,Operating Systems,0,1,0.85,5,0.6667,0
I need help understanding Machine Learning.,Machine Learning,CSE,Professor,Deep Learning|Software Engineering,0,1,1.0,15,0.0,0
Could you help me with the Algorithms syllabus?,Algorithms,MCA,Lecturer,DBMS,0,0,0.55,14,0.0667,0
I am facing difficulty in Computer Networks and need clarification.,Computer Networks,IT,Assistant Professor,Software Engineering,0,0,0.7,9,0.4,0
I need help understanding Advanced DBMS.,Advanced DBMS,IT,Professor,Computer Networks|Deep Learning|Advanced Computer Networks,0,0,1.0,13,0.1333,0
Can you explain an issue related to Advanced DBMS?,Advanced DBMS,CSE,Professor,Web Development|Java,0,1,1.0,2,0.8667,0
I am facing difficulty in Artificial Intelligence and need clarification.,Artificial Intelligence,CSE,Assistant Professor,Operating Systems|Algorithms|Artificial Intelligence|Advanced DBMS,1,1,0.7,9,0.4,1
I need guidance with my Data Structures assignment.,Data Structures,MCA,Professor,Software Engineering|Data Science,0,1,1.0,3,0.8,1
I need help understanding Machine Learning.,Machine Learning,IT,Associate Professor,Artificial Intelligence|Advanced Computer Networks|DBMS|Data Science,0,1,0.85,15,0.0,1
I need guidance with my DBMS assignment.,DBMS,IT,Professor,Cloud Computing|Statistics|Computer Networks|Algorithms,0,0,1.0,9,0.4,0
Can you explain an issue related to Advanced Computer Networks?,Advanced Computer Networks,IT,Associate Professor,Advanced DBMS|Deep Learning|Web Development,0,0,0.85,8,0.4667,0
Please clarify the Advanced DBMS topic related to my course.,Advanced DBMS,IT,Lecturer,Statistics,0,1,0.55,0,1.0,0
I am facing difficulty in Advanced Computer Networks and need clarification.,Advanced Computer Networks,IT,Professor,Statistics|Advanced Computer Networks|Artificial Intelligence,1,1,1.0,12,0.2,1
I have a question about Cloud Computing.,Cloud Computing,CSE,Assistant Professor,Web Development|DBMS|Computer Networks,0,1,0.7,3,0.8,1
I am facing difficulty in Web Development and need clarification.,Web Development,IT,Assistant Professor,Data Science|Web Development|Artificial Intelligence|Java,1,0,0.7,1,0.9333,1
I need guidance with my Operating Systems assignment.,Operating Systems,CSE,Professor,Computer Networks|Python,0,0,1.0,13,0.1333,0
I need guidance with my Cloud Computing assignment.,Cloud Computing,IT,Associate Professor,Advanced Computer Networks|Python|Computer Networks|Data Science,0,1,0.85,5,0.6667,1
I have an academic query regarding Artificial Intelligence.,Artificial Intelligence,CSE,Professor,Statistics|Web Development|Machine Learning|Software Engineering,0,1,1.0,15,0.0,0
I need guidance with my Python assignment.,Python,MCA,Professor,Statistics|Computer Networks,0,1,1.0,8,0.4667,0
I have an academic query regarding Data Structures.,Data Structures,IT,Professor,Algorithms,0,1,1.0,5,0.6667,1
Can you explain an issue related to Software Engineering?,Software Engineering,MCA,Lecturer,Cloud Computing|Artificial Intelligence|Advanced DBMS,0,1,0.55,13,0.1333,0
I have a question about DBMS.,DBMS,MCA,Associate Professor,Statistics|Machine Learning|Web Development,0,1,0.85,3,0.8,0
I have an academic query regarding Deep Learning.,Deep Learning,CSE,Professor,Statistics|Artificial Intelligence,0,1,1.0,8,0.4667,1
I have a question about Advanced Computer Networks.,Advanced Computer Networks,CSE,Assistant Professor,Deep Learning|DBMS|Statistics|Computer Networks|Operating Systems,0,1,0.7,7,0.5333,1
Can you explain an issue related to Data Structures?,Data Structures,MCA,Assistant Professor,Data Science|Python|Software Engineering|Algorithms|Operating Systems,0,1,0.7,3,0.8,1
Can you explain an issue related to Computer Networks?,Computer Networks,CSE,Professor,Machine Learning|Deep Learning|Web Development,0,1,1.0,1,0.9333,1
Could you help me with the Python syllabus?,Python,IT,Lecturer,Machine Learning|Advanced DBMS|Data Structures|Cloud Computing|Deep Learning,0,0,0.55,3,0.8,0
I am facing difficulty in Java and need clarification.,Java,CSE,Professor,Artificial Intelligence|Advanced DBMS,0,0,1.0,9,0.4,0
I need help understanding Software Engineering.,Software Engineering,CSE,Associate Professor,Deep Learning|DBMS|Web Development|Python|Statistics,0,1,0.85,6,0.6,0
Could you help me with the Machine Learning syllabus?,Machine Learning,CSE,Assistant Professor,Data Structures|Operating Systems|Java|Web Development|Software Engineering,0,1,0.7,2,0.8667,0
I need guidance with my Data Science assignment.,Data Science,IT,Associate Professor,Advanced Computer Networks,0,1,0.85,8,0.4667,0
I have an academic query regarding Software Engineering.,Software Engineering,IT,Assistant Professor,Deep Learning|Software Engineering|Computer Networks|Advanced DBMS,1,1,0.7,3,0.8,1
I need guidance with my Web Development assignment.,Web Development,MCA,Assistant Professor,Data Structures|Cloud Computing,0,1,0.7,3,0.8,0
Can you explain an issue related to Machine Learning?,Machine Learning,IT,Lecturer,Python|Computer Networks,0,1,0.55,4,0.7333,0
Can you explain an issue related to Data Science?,Data Science,CSE,Associate Professor,Algorithms|Cloud Computing|DBMS,0,1,0.85,5,0.6667,0
Can you explain an issue related to Web Development?,Web Development,CSE,Lecturer,Python|Cloud Computing|Machine Learning,0,1,0.55,0,1.0,0
I need guidance with my Advanced Computer Networks assignment.,Advanced Computer Networks,CSE,Professor,Advanced Computer Networks|Web Development|DBMS|Python|Statistics,1,0,1.0,15,0.0,1
Can you explain an issue related to Data Structures?,Data Structures,MCA,Associate Professor,Software Engineering,0,1,0.85,11,0.2667,0
Can you explain an issue related to Advanced DBMS?,Advanced DBMS,CSE,Lecturer,Statistics|Software Engineering,0,1,0.55,4,0.7333,1
I am facing difficulty in Artificial Intelligence and need clarification.,Artificial Intelligence,MCA,Lecturer,Advanced Computer Networks|Operating Systems|Machine Learning,0,1,0.55,11,0.2667,0
I have an academic query regarding Machine Learning.,Machine Learning,MCA,Associate Professor,Data Science|Artificial Intelligence|Software Engineering|Advanced Computer Networks|Statistics,0,1,0.85,0,1.0,0
I have an academic query regarding Web Development.,Web Development,MCA,Associate Professor,Java|Operating Systems|Advanced Computer Networks|Deep Learning,0,1,0.85,6,0.6,1
Please clarify the Advanced Computer Networks topic related to my course.,Advanced Computer Networks,IT,Professor,Computer Networks,0,1,1.0,7,0.5333,0
I need help understanding Data Structures.,Data Structures,CSE,Lecturer,Machine Learning|Software Engineering|Computer Networks|Python,0,1,0.55,8,0.4667,0
Can you explain an issue related to Machine Learning?,Machine Learning,IT,Professor,Machine Learning,1,1,1.0,7,0.5333,1
I need guidance with my Statistics assignment.,Statistics,IT,Associate Professor,Data Science|Artificial Intelligence|Python|Operating Systems,0,1,0.85,15,0.0,0
I need help understanding Advanced Computer Networks.,Advanced Computer Networks,MCA,Assistant Professor,DBMS|Python,0,1,0.7,7,0.5333,0
I need guidance with my DBMS assignment.,DBMS,CSE,Associate Professor,Algorithms|Data Structures|Advanced Computer Networks,0,1,0.85,14,0.0667,0
Please clarify the Statistics topic related to my course.,Statistics,IT,Assistant Professor,Advanced DBMS,0,0,0.7,11,0.2667,0
Could you help me with the Java syllabus?,Java,IT,Assistant Professor,Machine Learning|Advanced Computer Networks|Web Development|Computer Networks,0,1,0.7,7,0.5333,0
I have an academic query regarding Algorithms.,Algorithms,IT,Assistant Professor,Data Science|Java,0,1,0.7,7,0.5333,0
I need guidance with my Statistics assignment.,Statistics,CSE,Professor,Advanced Computer Networks|Advanced DBMS|Operating Systems|Algorithms,0,1,1.0,1,0.9333,1
Please clarify the Java topic related to my course.,Java,CSE,Professor,Algorithms|Java|Computer Networks|Web Development,1,0,1.0,14,0.0667,1
I have an academic query regarding Data Structures.,Data Structures,IT,Lecturer,Software Engineering|Artificial Intelligence,0,0,0.55,10,0.3333,0
I need help understanding Python.,Python,IT,Associate Professor,Deep Learning,0,1,0.85,10,0.3333,0
I am facing difficulty in Advanced Computer Networks and need clarification.,Advanced Computer Networks,IT,Assistant Professor,Artificial Intelligence,0,1,0.7,14,0.0667,1
I am facing difficulty in Software Engineering and need clarification.,Software Engineering,MCA,Lecturer,Data Structures|Cloud Computing,0,0,0.55,11,0.2667,0
I have a question about Statistics.,Statistics,IT,Professor,DBMS|Data Structures|Data Science|Statistics,1,1,1.0,3,0.8,1
I need guidance with my Deep Learning assignment.,Deep Learning,IT,Assistant Professor,Data Structures|Software Engineering,0,1,0.7,1,0.9333,0
Could you help me with the Artificial Intelligence syllabus?,Artificial Intelligence,CSE,Lecturer,Python|Deep Learning|DBMS,0,0,0.55,1,0.9333,0
I have an academic query regarding Statistics.,Statistics,MCA,Professor,Data Science|Data Structures|Web Development|DBMS|Python,0,0,1.0,15,0.0,0
Can you explain an issue related to Advanced DBMS?,Advanced DBMS,IT,Associate Professor,Java|Cloud Computing|Computer Networks|Advanced DBMS,1,1,0.85,4,0.7333,1
I have an academic query regarding Machine Learning.,Machine Learning,CSE,Professor,Deep Learning|Statistics|Artificial Intelligence|Web Development,0,1,1.0,5,0.6667,0
I am facing difficulty in Computer Networks and need clarification.,Computer Networks,MCA,Assistant Professor,Software Engineering|Statistics,0,1,0.7,14,0.0667,0
Can you explain an issue related to Statistics?,Statistics,MCA,Assistant Professor,Cloud Computing|Python,0,1,0.7,15,0.0,0
I need help understanding Artificial Intelligence.,Artificial Intelligence,MCA,Assistant Professor,Statistics|Artificial Intelligence|DBMS|Data Science|Advanced Computer Networks,1,0,0.7,2,0.8667,1
Could you help me with the Data Structures syllabus?,Data Structures,MCA,Lecturer,Machine Learning,0,1,0.55,8,0.4667,0
I need help understanding Software Engineering.,Software Engineering,IT,Lecturer,Algorithms|DBMS|Cloud Computing,0,0,0.55,2,0.8667,0
Can you explain an issue related to Java?,Java,MCA,Assistant Professor,Software Engineering|Advanced Computer Networks|Cloud Computing|Web Development,0,1,0.7,4,0.7333,0
I need guidance with my Cloud Computing assignment.,Cloud Computing,IT,Assistant Professor,Web Development|Python,0,1,0.7,12,0.2,0
I have an academic query regarding Data Science.,Data Science,CSE,Professor,Algorithms,0,1,1.0,7,0.5333,0
Can you explain an issue related to Statistics?,Statistics,CSE,Assistant Professor,Artificial Intelligence|Advanced DBMS|Python|Computer Networks,0,1,0.7,6,0.6,0
I have a question about Deep Learning.,Deep Learning,IT,Lecturer,Statistics|Python,0,1,0.55,9,0.4,1
Please clarify the Python topic related to my course.,Python,MCA,Assistant Professor,Cloud Computing|Computer Networks|Data Science|Statistics,0,1,0.7,6,0.6,0
Please clarify the Machine Learning topic related to my course.,Machine Learning,CSE,Professor,Operating Systems|Machine Learning|Advanced Computer Networks|Data Structures,1,1,1.0,1,0.9333,1
I am facing difficulty in Artificial Intelligence and need clarification.,Artificial Intelligence,MCA,Assistant Professor,Algorithms|Advanced Computer Networks,0,1,0.7,11,0.2667,0
I have a question about Advanced DBMS.,Advanced DBMS,IT,Assistant Professor,Cloud Computing|Statistics|Advanced Computer Networks|Algorithms|Web Development,0,1,0.7,11,0.2667,0
I need help understanding Algorithms.,Algorithms,MCA,Associate Professor,Cloud Computing|Deep Learning|Advanced DBMS|DBMS|Web Development,0,1,0.85,15,0.0,1
I have an academic query regarding Advanced Computer Networks.,Advanced Computer Networks,MCA,Professor,DBMS|Cloud Computing,0,1,1.0,6,0.6,0
I am facing difficulty in Software Engineering and need clarification.,Software Engineering,MCA,Associate Professor,Advanced Computer Networks,0,1,0.85,9,0.4,1
I need guidance with my Algorithms assignment.,Algorithms,MCA,Associate Professor,Artificial Intelligence|Operating Systems|Data Structures|Web Development|Python,0,1,0.85,2,0.8667,0
I need guidance with my Software Engineering assignment.,Software Engineering,MCA,Lecturer,Web Development|Python|Operating Systems|Java,0,1,0.55,7,0.5333,0
I need help understanding DBMS.,DBMS,IT,Assistant Professor,Algorithms|Data Science|Software Engineering|Computer Networks|Deep Learning,0,1,0.7,4,0.7333,0
Could you help me with the Advanced Computer Networks syllabus?,Advanced Computer Networks,MCA,Assistant Professor,Statistics|Algorithms,0,1,0.7,6,0.6,0
I need guidance with my Java assignment.,Java,CSE,Associate Professor,Data Structures|Java|Software Engineering|Web Development,1,1,0.85,13,0.1333,1
Please clarify the Python topic related to my course.,Python,MCA,Lecturer,Data Structures|Advanced Computer Networks,0,1,0.55,0,1.0,0
I need guidance with my Web Development assignment.,Web Development,IT,Professor,Machine Learning|Algorithms|Advanced DBMS|Computer Networks|Web Development,1,1,1.0,11,0.2667,1
I am facing difficulty in Deep Learning and need clarification.,Deep Learning,IT,Professor,Data Structures|Data Science|Machine Learning,0,1,1.0,13,0.1333,0
Could you help me with the Operating Systems syllabus?,Operating Systems,CSE,Lecturer,Artificial Intelligence|Computer Networks|Advanced Computer Networks|Operating Systems,1,1,0.55,13,0.1333,1
Could you help me with the Java syllabus?,Java,CSE,Assistant Professor,Advanced Computer Networks|Data Structures,0,1,0.7,14,0.0667,0
Please clarify the Advanced Computer Networks topic related to my course.,Advanced Computer Networks,MCA,Lecturer,DBMS|Data Structures|Cloud Computing|Software Engineering|Web Development,0,1,0.55,5,0.6667,0
I need guidance with my Web Development assignment.,Web Development,MCA,Associate Professor,Algorithms|Java,0,1,0.85,15,0.0,1
I need help understanding Machine Learning.,Machine Learning,CSE,Associate Professor,Java,0,1,0.85,0,1.0,1
Could you help me with the Software Engineering syllabus?,Software Engineering,MCA,Lecturer,Software Engineering|Advanced DBMS|Java|Machine Learning|DBMS,1,1,0.55,15,0.0,1
I need guidance with my Cloud Computing assignment.,Cloud Computing,MCA,Assistant Professor,Deep Learning|Artificial Intelligence|Advanced Computer Networks|Cloud Computing|DBMS,1,1,0.7,7,0.5333,1
I need guidance with my Computer Networks assignment.,Computer Networks,IT,Lecturer,Data Structures|Web Development|Operating Systems|Advanced Computer Networks|Cloud Computing,0,1,0.55,11,0.2667,0
Could you help me with the Statistics syllabus?,Statistics,MCA,Associate Professor,Operating Systems,0,0,0.85,8,0.4667,0
I am facing difficulty in Artificial Intelligence and need clarification.,Artificial Intelligence,CSE,Associate Professor,Python|Advanced DBMS|Algorithms|Advanced Computer Networks|DBMS,0,1,0.85,15,0.0,0
Please clarify the Advanced DBMS topic related to my course.,Advanced DBMS,MCA,Associate Professor,Data Structures|Operating Systems,0,1,0.85,14,0.0667,0
I need help understanding Artificial Intelligence.,Artificial Intelligence,IT,Lecturer,Web Development|Algorithms|Java,0,0,0.55,7,0.5333,0
Please clarify the Machine Learning topic related to my course.,Machine Learning,IT,Professor,Python,0,1,1.0,10,0.3333,1
I have an academic query regarding Statistics.,Statistics,MCA,Lecturer,Web Development|Java|Data Science,0,1,0.55,2,0.8667,0
I have a question about Java.,Java,MCA,Assistant Professor,DBMS|Algorithms|Machine Learning|Artificial Intelligence,0,1,0.7,7,0.5333,1
I am facing difficulty in Software Engineering and need clarification.,Software Engineering,CSE,Associate Professor,Web Development|Computer Networks,0,0,0.85,11,0.2667,0
I am facing difficulty in Python and need clarification.,Python,IT,Professor,Cloud Computing|Advanced DBMS|Operating Systems|Artificial Intelligence|Web Development,0,1,1.0,12,0.2,0
Could you help me with the Algorithms syllabus?,Algorithms,IT,Assistant Professor,Data Structures|DBMS|Cloud Computing|Web Development,0,1,0.7,6,0.6,0
I am facing difficulty in Advanced Computer Networks and need clarification.,Advanced Computer Networks,MCA,Lecturer,Advanced Computer Networks|Data Structures|Software Engineering|Computer Networks,1,0,0.55,13,0.1333,1
I have a question about Algorithms.,Algorithms,IT,Assistant Professor,Data Science|Machine Learning|Python,0,1,0.7,8,0.4667,0
I am facing difficulty in Statistics and need clarification.,Statistics,IT,Associate Professor,Cloud Computing|Advanced DBMS|Java|Web Development|Data Structures,0,1,0.85,2,0.8667,1
Could you help me with the Advanced Computer Networks syllabus?,Advanced Computer Networks,IT,Associate Professor,Cloud Computing|Web Development,0,1,0.85,5,0.6667,1
I need guidance with my Advanced Computer Networks assignment.,Advanced Computer Networks,MCA,Assistant Professor,Java|Artificial Intelligence|Web Development|Advanced DBMS|Computer Networks,0,1,0.7,2,0.8667,0
I have an academic query regarding Computer Networks.,Computer Networks,IT,Lecturer,Operating Systems|Python,0,1,0.55,14,0.0667,0
I am facing difficulty in Data Science and need clarification.,Data Science,CSE,Assistant Professor,Computer Networks|Data Science|Advanced DBMS,1,1,0.7,12,0.2,1
Can you explain an issue related to DBMS?,DBMS,CSE,Associate Professor,Web Development|Machine Learning|Cloud Computing|Advanced Computer Networks|Data Structures,0,1,0.85,0,1.0,1
Can you explain an issue related to Machine Learning?,Machine Learning,CSE,Lecturer,Advanced DBMS|Artificial Intelligence|Cloud Computing|Algorithms,0,1,0.55,10,0.3333,0
I need help understanding Statistics.,Statistics,MCA,Associate Professor,Data Structures|Python|Deep Learning|Advanced Computer Networks,0,1,0.85,4,0.7333,1
I have a question about Java.,Java,MCA,Associate Professor,Deep Learning|Algorithms|Data Structures|Data Science,0,0,0.85,13,0.1333,0
Could you help me with the Data Structures syllabus?,Data Structures,CSE,Associate Professor,Software Engineering,0,1,0.85,6,0.6,0
Could you help me with the Data Structures syllabus?,Data Structures,MCA,Lecturer,Advanced DBMS|Computer Networks|Operating Systems|Algorithms,0,1,0.55,13,0.1333,1
I have a question about Algorithms.,Algorithms,CSE,Assistant Professor,Web Development|Statistics|Cloud Computing,0,1,0.7,10,0.3333,1
Please clarify the Python topic related to my course.,Python,IT,Lecturer,DBMS|Web Development|Data Science|Data Structures,0,1,0.55,10,0.3333,0
I need guidance with my Data Science assignment.,Data Science,IT,Assistant Professor,Data Structures|Statistics|Artificial Intelligence,0,1,0.7,15,0.0,0
I have a question about Algorithms.,Algorithms,IT,Associate Professor,Data Structures,0,1,0.85,9,0.4,0
Please clarify the Java topic related to my course.,Java,MCA,Assistant Professor,Statistics,0,1,0.7,9,0.4,0
Could you help me with the Cloud Computing syllabus?,Cloud Computing,CSE,Professor,Deep Learning|Software Engineering|Cloud Computing|Python|Machine Learning,1,1,1.0,11,0.2667,1
I have a question about Artificial Intelligence.,Artificial Intelligence,MCA,Assistant Professor,Operating Systems,0,1,0.7,11,0.2667,1
I have a question about Java.,Java,CSE,Assistant Professor,DBMS,0,1,0.7,15,0.0,1
Can you explain an issue related to Cloud Computing?,Cloud Computing,CSE,Assistant Professor,Advanced Computer Networks|Python|Computer Networks|Algorithms|Advanced DBMS,0,1,0.7,1,0.9333,0
Please clarify the Cloud Computing topic related to my course.,Cloud Computing,MCA,Associate Professor,Java|Algorithms|Artificial Intelligence|Software Engineering,0,1,0.85,11,0.2667,0
I need help understanding Algorithms.,Algorithms,MCA,Associate Professor,Web Development|Artificial Intelligence,0,1,0.85,9,0.4,0
I have a question about Operating Systems.,Operating Systems,CSE,Lecturer,Advanced Computer Networks|Machine Learning|Cloud Computing|Data Science,0,1,0.55,8,0.4667,0
I am facing difficulty in Operating Systems and need clarification.,Operating Systems,IT,Lecturer,Advanced DBMS|Python|Machine Learning|DBMS,0,1,0.55,12,0.2,1
Could you help me with the Machine Learning syllabus?,Machine Learning,IT,Lecturer,Artificial Intelligence|Algorithms,0,0,0.55,3,0.8,0
I need guidance with my Deep Learning assignment.,Deep Learning,MCA,Professor,Java|Cloud Computing,0,1,1.0,5,0.6667,0
Can you explain an issue related to Machine Learning?,Machine Learning,MCA,Lecturer,Python|Operating Systems|Statistics,0,1,0.55,4,0.7333,0
I am facing difficulty in Deep Learning and need clarification.,Deep Learning,MCA,Assistant Professor,Software Engineering|Deep Learning,1,1,0.7,12,0.2,1
I need guidance with my Cloud Computing assignment.,Cloud Computing,MCA,Associate Professor,Web Development|Algorithms|Cloud Computing|Data Structures|Python,1,1,0.85,9,0.4,1
I am facing difficulty in Machine Learning and need clarification.,Machine Learning,IT,Professor,Data Structures|Statistics|Machine Learning|Advanced Computer Networks|Deep Learning,1,1,1.0,2,0.8667,1
Could you help me with the Deep Learning syllabus?,Deep Learning,CSE,Professor,Advanced DBMS|Cloud Computing|Software Engineering,0,1,1.0,8,0.4667,0
I need help understanding Python.,Python,MCA,Assistant Professor,Deep Learning|Web Development|Artificial Intelligence,0,1,0.7,9,0.4,0
I am facing difficulty in Software Engineering and need clarification.,Software Engineering,IT,Assistant Professor,Operating Systems|Artificial Intelligence|Python,0,1,0.7,3,0.8,0
Could you help me with the Machine Learning syllabus?,Machine Learning,CSE,Lecturer,DBMS|Data Science|Java|Deep Learning,0,1,0.55,6,0.6,0
Please clarify the Python topic related to my course.,Python,IT,Associate Professor,Advanced DBMS|Algorithms|Python,1,1,0.85,15,0.0,1
I have an academic query regarding Java.,Java,CSE,Assistant Professor,Data Science|Advanced DBMS|Computer Networks,0,1,0.7,6,0.6,0
Please clarify the DBMS topic related to my course.,DBMS,CSE,Assistant Professor,Cloud Computing|Artificial Intelligence|Operating Systems,0,1,0.7,13,0.1333,0
I need guidance with my Computer Networks assignment.,Computer Networks,IT,Assistant Professor,Web Development,0,1,0.7,0,1.0,0
I have a question about Operating Systems.,Operating Systems,MCA,Assistant Professor,Algorithms|Python,0,1,0.7,12,0.2,0
Can you explain an issue related to Data Structures?,Data Structures,CSE,Associate Professor,Statistics,0,1,0.85,2,0.8667,1
Can you explain an issue related to Computer Networks?,Computer Networks,CSE,Professor,Computer Networks|Algorithms,1,1,1.0,3,0.8,1
I am facing difficulty in DBMS and need clarification.,DBMS,CSE,Lecturer,Statistics|Advanced Computer Networks,0,1,0.55,13,0.1333,1
I am facing difficulty in Software Engineering and need clarification.,Software Engineering,CSE,Assistant Professor,Python|Deep Learning|Java|Data Structures,0,0,0.7,12,0.2,0
I need guidance with my Statistics assignment.,Statistics,CSE,Associate Professor,Java|Operating Systems|Data Structures|Statistics|Deep Learning,1,1,0.85,6,0.6,1
I need guidance with my Algorithms assignment.,Algorithms,MCA,Lecturer,Data Structures|Operating Systems|Web Development|Software Engineering,0,1,0.55,0,1.0,0
Can you explain an issue related to Advanced Computer Networks?,Advanced Computer Networks,CSE,Lecturer,Data Structures|Computer Networks|Cloud Computing|Artificial Intelligence,0,1,0.55,2,0.8667,0
Please clarify the Deep Learning topic related to my course.,Deep Learning,CSE,Lecturer,Data Science|Python|Deep Learning|DBMS|Data Structures,1,0,0.55,7,0.5333,1
Could you help me with the Python syllabus?,Python,IT,Professor,Data Science|Deep Learning|Computer Networks|Statistics|DBMS,0,1,1.0,0,1.0,1
Please clarify the DBMS topic related to my course.,DBMS,IT,Professor,Advanced Computer Networks,0,1,1.0,11,0.2667,0
Please clarify the Deep Learning topic related to my course.,Deep Learning,CSE,Assistant Professor,Algorithms|Deep Learning,1,1,0.7,7,0.5333,1
I need help understanding Python.,Python,IT,Professor,Cloud Computing,0,1,1.0,0,1.0,0
I need help understanding Advanced Computer Networks.,Advanced Computer Networks,IT,Lecturer,Machine Learning|Java|Computer Networks,0,1,0.55,4,0.7333,0
Could you help me with the DBMS syllabus?,DBMS,CSE,Lecturer,DBMS|Data Structures|Statistics|Advanced DBMS|Machine Learning,1,1,0.55,4,0.7333,1
I have a question about Deep Learning.,Deep Learning,MCA,Assistant Professor,Software Engineering,0,1,0.7,1,0.9333,0
I am facing difficulty in Artificial Intelligence and need clarification.,Artificial Intelligence,CSE,Lecturer,Algorithms|Data Science|Computer Networks|Artificial Intelligence|Web Development,1,1,0.55,2,0.8667,1
Please clarify the Web Development topic related to my course.,Web Development,MCA,Lecturer,Cloud Computing|Software Engineering|Statistics|Advanced DBMS|Data Science,0,0,0.55,6,0.6,0
Can you explain an issue related to Cloud Computing?,Cloud Computing,IT,Associate Professor,Java,0,1,0.85,7,0.5333,0
I have a question about Machine Learning.,Machine Learning,IT,Lecturer,Operating Systems,0,1,0.55,0,1.0,1
I need help understanding DBMS.,DBMS,MCA,Professor,Cloud Computing|Advanced DBMS|Computer Networks,0,1,1.0,15,0.0,1
I need help understanding Java.,Java,CSE,Assistant Professor,Python|Statistics|Java|Operating Systems|Web Development,1,1,0.7,5,0.6667,1
I am facing difficulty in Statistics and need clarification.,Statistics,MCA,Professor,Advanced DBMS|DBMS|Java,0,1,1.0,6,0.6,1
I have an academic query regarding Advanced DBMS.,Advanced DBMS,CSE,Assistant Professor,Deep Learning,0,1,0.7,7,0.5333,0
I am facing difficulty in Algorithms and need clarification.,Algorithms,CSE,Assistant Professor,Artificial Intelligence|Cloud Computing,0,1,0.7,11,0.2667,0
I need guidance with my Machine Learning assignment.,Machine Learning,MCA,Lecturer,Advanced DBMS|Operating Systems|Cloud Computing|Computer Networks|Deep Learning,0,1,0.55,7,0.5333,0
I am facing difficulty in Web Development and need clarification.,Web Development,IT,Assistant Professor,Operating Systems,0,0,0.7,10,0.3333,0
I need help understanding Web Development.,Web Development,MCA,Professor,Statistics|Machine Learning|Java|Data Structures,0,1,1.0,6,0.6,1
I need guidance with my Deep Learning assignment.,Deep Learning,IT,Professor,Web Development|Data Science,0,1,1.0,6,0.6,1
Can you explain an issue related to Software Engineering?,Software Engineering,IT,Lecturer,Data Science|Deep Learning|Data Structures,0,1,0.55,12,0.2,1
Could you help me with the Computer Networks syllabus?,Computer Networks,CSE,Associate Professor,Software Engineering,0,1,0.85,5,0.6667,0
Could you help me with the Machine Learning syllabus?,Machine Learning,IT,Associate Professor,Cloud Computing,0,1,0.85,4,0.7333,0
Please clarify the Advanced Computer Networks topic related to my course.,Advanced Computer Networks,MCA,Professor,Deep Learning|Java|Data Science|Operating Systems,0,0,1.0,6,0.6,1
Please clarify the Algorithms topic related to my course.,Algorithms,MCA,Lecturer,Java,0,1,0.55,8,0.4667,1
Can you explain an issue related to Web Development?,Web Development,MCA,Professor,Data Science|Data Structures|Software Engineering|Statistics|Cloud Computing,0,1,1.0,13,0.1333,0
I need help understanding Web Development.,Web Development,MCA,Lecturer,Web Development|Data Structures,1,1,0.55,13,0.1333,1
Please clarify the Operating Systems topic related to my course.,Operating Systems,MCA,Associate Professor,DBMS,0,1,0.85,12,0.2,0
I need guidance with my Machine Learning assignment.,Machine Learning,CSE,Lecturer,Software Engineering|Data Science|Artificial Intelligence,0,1,0.55,5,0.6667,0
I need guidance with my Statistics assignment.,Statistics,CSE,Lecturer,Artificial Intelligence|Java|Algorithms,0,1,0.55,15,0.0,1
Please clarify the Computer Networks topic related to my course.,Computer Networks,MCA,Associate Professor,Algorithms|Web Development|Artificial Intelligence|Computer Networks,1,0,0.85,10,0.3333,1
Please clarify the Cloud Computing topic related to my course.,Cloud Computing,IT,Associate Professor,Algorithms,0,0,0.85,10,0.3333,0
I have an academic query regarding Artificial Intelligence.,Artificial Intelligence,MCA,Assistant Professor,Operating Systems|Deep Learning,0,1,0.7,9,0.4,0
I have an academic query regarding Software Engineering.,Software Engineering,CSE,Associate Professor,Computer Networks,0,1,0.85,15,0.0,0
I have a question about Artificial Intelligence.,Artificial Intelligence,IT,Professor,Cloud Computing|Python|DBMS|Advanced DBMS,0,1,1.0,11,0.2667,0
Please clarify the Computer Networks topic related to my course.,Computer Networks,CSE,Professor,Artificial Intelligence,0,0,1.0,12,0.2,0
I need help understanding Statistics.,Statistics,MCA,Lecturer,Computer Networks,0,1,0.55,1,0.9333,1
I have a question about Statistics.,Statistics,MCA,Associate Professor,Data Structures,0,1,0.85,2,0.8667,0
I need guidance with my Advanced Computer Networks assignment.,Advanced Computer Networks,CSE,Lecturer,Cloud Computing|Web Development|Software Engineering|Computer Networks|DBMS,0,1,0.55,2,0.8667,0
Please clarify the Java topic related to my course.,Java,MCA,Lecturer,Statistics,0,1,0.55,4,0.7333,0
I have an academic query regarding Deep Learning.,Deep Learning,CSE,Assistant Professor,Operating Systems|Advanced DBMS,0,1,0.7,2,0.8667,0
I have a question about Algorithms.,Algorithms,CSE,Assistant Professor,Software Engineering|DBMS|Algorithms|Cloud Computing,1,1,0.7,4,0.7333,1
Can you explain an issue related to Software Engineering?,Software Engineering,CSE,Associate Professor,Artificial Intelligence,0,1,0.85,8,0.4667,0
Could you help me with the Data Structures syllabus?,Data Structures,IT,Assistant Professor,Python,0,1,0.7,7,0.5333,1
Can you explain an issue related to Cloud Computing?,Cloud Computing,CSE,Associate Professor,Algorithms,0,1,0.85,8,0.4667,0
Can you explain an issue related to Deep Learning?,Deep Learning,CSE,Assistant Professor,Python|Data Science|Computer Networks|Algorithms|Cloud Computing,0,1,0.7,9,0.4,1
I have a question about Algorithms.,Algorithms,IT,Professor,Java|Software Engineering,0,1,1.0,7,0.5333,0
Can you explain an issue related to Algorithms?,Algorithms,IT,Professor,Software Engineering|Python|Advanced Computer Networks|Web Development,0,1,1.0,3,0.8,0
I have an academic query regarding Data Science.,Data Science,CSE,Professor,Operating Systems|Java|Advanced Computer Networks,0,1,1.0,15,0.0,1
I need guidance with my Advanced Computer Networks assignment.,Advanced Computer Networks,CSE,Lecturer,Software Engineering|Algorithms,0,1,0.55,13,0.1333,0
I have a question about DBMS.,DBMS,CSE,Associate Professor,Algorithms,0,1,0.85,10,0.3333,1
I am facing difficulty in Computer Networks and need clarification.,Computer Networks,CSE,Professor,Deep Learning,0,1,1.0,12,0.2,0
I need guidance with my Operating Systems assignment.,Operating Systems,IT,Professor,Web Development|Advanced DBMS|Java|Data Science|Algorithms,0,1,1.0,11,0.2667,1
Can you explain an issue related to Algorithms?,Algorithms,IT,Associate Professor,Artificial Intelligence|Operating Systems|Advanced Computer Networks|Web Development|Data Structures,0,1,0.85,1,0.9333,0
Could you help me with the Advanced DBMS syllabus?,Advanced DBMS,CSE,Professor,Deep Learning|Artificial Intelligence|Java|Advanced DBMS,1,0,1.0,1,0.9333,0
Please clarify the Advanced DBMS topic related to my course.,Advanced DBMS,IT,Lecturer,Data Science|Machine Learning|Computer Networks|Operating Systems|Cloud Computing,0,1,0.55,3,0.8,1
Could you help me with the Statistics syllabus?,Statistics,IT,Assistant Professor,DBMS|Data Structures|Cloud Computing|Software Engineering|Artificial Intelligence,0,1,0.7,2,0.8667,1
I need help understanding Algorithms.,Algorithms,CSE,Associate Professor,Data Science|Computer Networks|Operating Systems,0,0,0.85,13,0.1333,0
I am facing difficulty in Statistics and need clarification.,Statistics,IT,Professor,Artificial Intelligence|Computer Networks|DBMS,0,1,1.0,15,0.0,0
Please clarify the Computer Networks topic related to my course.,Computer Networks,MCA,Associate Professor,Algorithms|Advanced Computer Networks|Web Development,0,1,0.85,8,0.4667,1
I am facing difficulty in Java and need clarification.,Java,IT,Associate Professor,Operating Systems,0,1,0.85,14,0.0667,0
I need guidance with my Operating Systems assignment.,Operating Systems,MCA,Assistant Professor,Statistics|Artificial Intelligence|Java|Web Development|Data Structures,0,1,0.7,10,0.3333,1
Can you explain an issue related to DBMS?,DBMS,IT,Assistant Professor,Data Science|Web Development,0,1,0.7,15,0.0,0
Please clarify the Cloud Computing topic related to my course.,Cloud Computing,CSE,Associate Professor,Computer Networks|Statistics|Java|Advanced DBMS,0,1,0.85,7,0.5333,0
Please clarify the Software Engineering topic related to my course.,Software Engineering,IT,Professor,DBMS|Artificial Intelligence,0,1,1.0,3,0.8,1
I have a question about Advanced Computer Networks.,Advanced Computer Networks,IT,Associate Professor,Deep Learning,0,1,0.85,10,0.3333,1
I need help understanding Advanced DBMS.,Advanced DBMS,CSE,Lecturer,Operating Systems|Java|Web Development|Statistics|Machine Learning,0,1,0.55,4,0.7333,0
I am facing difficulty in Advanced DBMS and need clarification.,Advanced DBMS,MCA,Associate Professor,Algorithms,0,1,0.85,10,0.3333,0
I am facing difficulty in Machine Learning and need clarification.,Machine Learning,IT,Assistant Professor,Deep Learning|Advanced Computer Networks,0,1,0.7,11,0.2667,0
I have a question about Data Structures.,Data Structures,MCA,Lecturer,Advanced DBMS|Deep Learning|Algorithms|Machine Learning|Computer Networks,0,1,0.55,5,0.6667,1
I have an academic query regarding Data Structures.,Data Structures,MCA,Associate Professor,Artificial Intelligence|Web Development|Machine Learning|Java,0,1,0.85,14,0.0667,0
Can you explain an issue related to Operating Systems?,Operating Systems,IT,Associate Professor,Data Science|Computer Networks|Advanced Computer Networks|Python|DBMS,0,0,0.85,14,0.0667,0
I have an academic query regarding Deep Learning.,Deep Learning,MCA,Associate Professor,Statistics|Machine Learning,0,1,0.85,8,0.4667,0
Can you explain an issue related to Web Development?,Web Development,CSE,Assistant Professor,Statistics,0,0,0.7,0,1.0,1
I need help understanding Web Development.,Web Development,CSE,Associate Professor,Operating Systems|Deep Learning,0,1,0.85,0,1.0,0
I need help understanding Advanced Computer Networks.,Advanced Computer Networks,IT,Assistant Professor,DBMS,0,1,0.7,8,0.4667,0
Please clarify the Python topic related to my course.,Python,IT,Lecturer,Advanced Computer Networks|Statistics|Machine Learning,0,0,0.55,13,0.1333,0
I am facing difficulty in Python and need clarification.,Python,MCA,Associate Professor,Statistics,0,1,0.85,12,0.2,0
Please clarify the Machine Learning topic related to my course.,Machine Learning,IT,Lecturer,Advanced Computer Networks|Artificial Intelligence,0,1,0.55,2,0.8667,0
Can you explain an issue related to Deep Learning?,Deep Learning,IT,Assistant Professor,Advanced Computer Networks|Data Science|Java,0,1,0.7,6,0.6,0
Can you explain an issue related to Operating Systems?,Operating Systems,IT,Professor,Algorithms|Data Structures,0,1,1.0,14,0.0667,1
I have a question about Algorithms.,Algorithms,IT,Associate Professor,Software Engineering,0,1,0.85,4,0.7333,0
I have an academic query regarding Java.,Java,CSE,Associate Professor,Algorithms,0,1,0.85,3,0.8,0
I need guidance with my Statistics assignment.,Statistics,IT,Assistant Professor,Java|Software Engineering,0,1,0.7,15,0.0,1
I am facing difficulty in Python and need clarification.,Python,MCA,Lecturer,DBMS|Data Science|Advanced DBMS,0,1,0.55,7,0.5333,0
I need guidance with my Deep Learning assignment.,Deep Learning,MCA,Professor,Advanced DBMS|Machine Learning|Java|Data Structures,0,1,1.0,0,1.0,0
Please clarify the Python topic related to my course.,Python,MCA,Professor,Software Engineering|Operating Systems|DBMS|Advanced DBMS|Computer Networks,0,1,1.0,14,0.0667,0
I need guidance with my Statistics assignment.,Statistics,CSE,Assistant Professor,Machine Learning|Python,0,1,0.7,11,0.2667,0
I need guidance with my Python assignment.,Python,CSE,Lecturer,Data Science|Advanced DBMS|Data Structures,0,1,0.55,12,0.2,0
I have a question about Advanced Computer Networks.,Advanced Computer Networks,MCA,Professor,Advanced Computer Networks,1,0,1.0,2,0.8667,1
I need guidance with my Web Development assignment.,Web Development,IT,Professor,Algorithms|Data Science|Java|Machine Learning,0,0,1.0,8,0.4667,0
I have an academic query regarding Java.,Java,IT,Assistant Professor,Machine Learning,0,1,0.7,9,0.4,1
I am facing difficulty in Software Engineering and need clarification.,Software Engineering,CSE,Assistant Professor,Statistics|Cloud Computing|Operating Systems,0,1,0.7,9,0.4,0
Could you help me with the Web Development syllabus?,Web Development,MCA,Assistant Professor,Data Science|Java|Statistics|Operating Systems,0,1,0.7,4,0.7333,0
Please clarify the Software Engineering topic related to my course.,Software Engineering,MCA,Assistant Professor,Software Engineering|Machine Learning|Algorithms|Deep Learning,1,1,0.7,15,0.0,1
Please clarify the Artificial Intelligence topic related to my course.,Artificial Intelligence,IT,Professor,Deep Learning|Cloud Computing,0,1,1.0,11,0.2667,1
Please clarify the Web Development topic related to my course.,Web Development,IT,Assistant Professor,Data Science|Java|Deep Learning|Machine Learning|Advanced DBMS,0,0,0.7,14,0.0667,0
Please clarify the Algorithms topic related to my course.,Algorithms,CSE,Professor,Operating Systems|Algorithms|Cloud Computing|Advanced Computer Networks,1,0,1.0,12,0.2,0
I need help understanding Machine Learning.,Machine Learning,IT,Associate Professor,Advanced Computer Networks|Deep Learning,0,1,0.85,12,0.2,0
Could you help me with the Web Development syllabus?,Web Development,CSE,Lecturer,Software Engineering,0,1,0.55,9,0.4,1
Please clarify the Java topic related to my course.,Java,CSE,Associate Professor,Java|Artificial Intelligence|Python,1,1,0.85,5,0.6667,1
I am facing difficulty in Artificial Intelligence and need clarification.,Artificial Intelligence,MCA,Lecturer,Operating Systems|Data Structures,0,1,0.55,5,0.6667,0
I have an academic query regarding Python.,Python,IT,Professor,Java|Data Structures|Data Science,0,0,1.0,9,0.4,0
I am facing difficulty in Cloud Computing and need clarification.,Cloud Computing,MCA,Associate Professor,Data Structures|Algorithms|Operating Systems,0,1,0.85,15,0.0,0
I have an academic query regarding Cloud Computing.,Cloud Computing,IT,Lecturer,Operating Systems|Algorithms|Statistics|Deep Learning,0,1,0.55,1,0.9333,1
Could you help me with the DBMS syllabus?,DBMS,CSE,Professor,Deep Learning|Statistics|Machine Learning|Computer Networks|Artificial Intelligence,0,0,1.0,14,0.0667,0
I have an academic query regarding Statistics.,Statistics,CSE,Lecturer,Machine Learning|Artificial Intelligence|Java|Data Structures,0,1,0.55,11,0.2667,1
I have a question about DBMS.,DBMS,CSE,Associate Professor,Statistics,0,1,0.85,15,0.0,0
Can you explain an issue related to Data Structures?,Data Structures,CSE,Lecturer,Python|Deep Learning|Data Science|Data Structures,1,1,0.55,13,0.1333,1
I need guidance with my Software Engineering assignment.,Software Engineering,CSE,Professor,Operating Systems|Statistics|Advanced Computer Networks,0,0,1.0,3,0.8,0
I have an academic query regarding Statistics.,Statistics,CSE,Professor,Web Development|Data Science,0,1,1.0,11,0.2667,0
Could you help me with the Operating Systems syllabus?,Operating Systems,IT,Assistant Professor,Python,0,1,0.7,10,0.3333,1
Could you help me with the Computer Networks syllabus?,Computer Networks,CSE,Assistant Professor,Operating Systems|Web Development|Advanced DBMS,0,1,0.7,15,0.0,0
I need guidance with my Computer Networks assignment.,Computer Networks,MCA,Assistant Professor,Advanced DBMS|Data Science|Web Development,0,0,0.7,10,0.3333,1
I need guidance with my Computer Networks assignment.,Computer Networks,MCA,Lecturer,Algorithms|Data Structures,0,1,0.55,4,0.7333,0
Could you help me with the Data Structures syllabus?,Data Structures,IT,Lecturer,Operating Systems,0,0,0.55,5,0.6667,0
I have an academic query regarding Cloud Computing.,Cloud Computing,MCA,Associate Professor,Software Engineering|Data Science|Cloud Computing|Python,1,1,0.85,14,0.0667,1
Could you help me with the Operating Systems syllabus?,Operating Systems,IT,Associate Professor,Java|Computer Networks|Web Development|Advanced DBMS|Data Science,0,1,0.85,15,0.0,0
I have an academic query regarding Deep Learning.,Deep Learning,CSE,Assistant Professor,Algorithms|Data Structures,0,0,0.7,14,0.0667,0
Could you help me with the DBMS syllabus?,DBMS,CSE,Lecturer,Software Engineering,0,0,0.55,2,0.8667,0
I need help understanding Computer Networks.,Computer Networks,IT,Lecturer,Python|Data Science|Software Engineering|Statistics|Data Structures,0,1,0.55,5,0.6667,0
I need help understanding Web Development.,Web Development,MCA,Professor,Artificial Intelligence|Web Development|Computer Networks|Java,1,1,1.0,1,0.9333,1
I have an academic query regarding Computer Networks.,Computer Networks,MCA,Lecturer,Data Science,0,1,0.55,6,0.6,1
I have an academic query regarding Data Science.,Data Science,MCA,Associate Professor,Java|Advanced Computer Networks|Artificial Intelligence|Software Engineering,0,0,0.85,5,0.6667,0
Please clarify the Java topic related to my course.,Java,MCA,Professor,Cloud Computing,0,1,1.0,11,0.2667,0
I am facing difficulty in Deep Learning and need clarification.,Deep Learning,IT,Associate Professor,Java|Software Engineering|Statistics|DBMS|Data Science,0,1,0.85,3,0.8,0
Can you explain an issue related to Deep Learning?,Deep Learning,CSE,Lecturer,Web Development|Deep Learning|Machine Learning,1,1,0.55,0,1.0,1
Can you explain an issue related to Machine Learning?,Machine Learning,CSE,Lecturer,Software Engineering|Operating Systems|Artificial Intelligence|Deep Learning,0,1,0.55,9,0.4,0
Can you explain an issue related to Algorithms?,Algorithms,CSE,Assistant Professor,Data Structures|Java,0,1,0.7,15,0.0,0
I am facing difficulty in Java and need clarification.,Java,IT,Assistant Professor,Advanced Computer Networks,0,1,0.7,5,0.6667,0
I need help understanding DBMS.,DBMS,IT,Professor,Computer Networks|Artificial Intelligence|Data Structures|Algorithms,0,1,1.0,10,0.3333,0
I am facing difficulty in Software Engineering and need clarification.,Software Engineering,CSE,Associate Professor,Java|Advanced Computer Networks|Web Development,0,1,0.85,12,0.2,0
I am facing difficulty in Algorithms and need clarification.,Algorithms,IT,Associate Professor,Data Structures|Operating Systems|Software Engineering|Java|Machine Learning,0,1,0.85,13,0.1333,0
Could you help me with the Algorithms syllabus?,Algorithms,CSE,Lecturer,Cloud Computing|Artificial Intelligence|Data Science|DBMS|Statistics,0,1,0.55,5,0.6667,0
I have a question about Python.,Python,MCA,Assistant Professor,Python,1,1,0.7,2,0.8667,1
Please clarify the DBMS topic related to my course.,DBMS,MCA,Assistant Professor,Operating Systems,0,1,0.7,0,1.0,0
I am facing difficulty in Artificial Intelligence and need clarification.,Artificial Intelligence,MCA,Assistant Professor,Advanced Computer Networks|Statistics,0,1,0.7,5,0.6667,0
Please clarify the Data Structures topic related to my course.,Data Structures,MCA,Assistant Professor,Cloud Computing|Advanced Computer Networks|Data Structures|Advanced DBMS|Software Engineering,1,1,0.7,6,0.6,1
Please clarify the Artificial Intelligence topic related to my course.,Artificial Intelligence,MCA,Professor,Data Structures|Java|Advanced DBMS,0,1,1.0,7,0.5333,0
Can you explain an issue related to Advanced Computer Networks?,Advanced Computer Networks,CSE,Professor,Artificial Intelligence,0,0,1.0,14,0.0667,0
I am facing difficulty in Artificial Intelligence and need clarification.,Artificial Intelligence,CSE,Assistant Professor,Data Science|Algorithms|Deep Learning|Data Structures,0,1,0.7,3,0.8,0
I have an academic query regarding Computer Networks.,Computer Networks,CSE,Associate Professor,Algorithms|Machine Learning,0,1,0.85,0,1.0,1
I have an academic query regarding Advanced DBMS.,Advanced DBMS,CSE,Associate Professor,Advanced DBMS,1,0,0.85,5,0.6667,0
Could you help me with the Data Science syllabus?,Data Science,MCA,Lecturer,Computer Networks,0,1,0.55,10,0.3333,1
I am facing difficulty in Cloud Computing and need clarification.,Cloud Computing,MCA,Associate Professor,Artificial Intelligence|Operating Systems|Deep Learning,0,1,0.85,1,0.9333,0
Can you explain an issue related to Artificial Intelligence?,Artificial Intelligence,MCA,Professor,Java,0,1,1.0,2,0.8667,0
I have an academic query regarding Artificial Intelligence.,Artificial Intelligence,IT,Professor,Python|Software Engineering|Data Science|Algorithms|Artificial Intelligence,1,1,1.0,6,0.6,1
I need guidance with my Algorithms assignment.,Algorithms,CSE,Lecturer,Machine Learning|Python|DBMS|Operating Systems,0,0,0.55,10,0.3333,0
Could you help me with the Algorithms syllabus?,Algorithms,CSE,Professor,Advanced DBMS|Data Structures|DBMS,0,1,1.0,8,0.4667,0
I need help understanding Operating Systems.,Operating Systems,IT,Lecturer,Algorithms,0,1,0.55,8,0.4667,0
I need guidance with my Algorithms assignment.,Algorithms,CSE,Professor,Java,0,1,1.0,3,0.8,0
Could you help me with the Data Science syllabus?,Data Science,MCA,Lecturer,Web Development|Algorithms|Data Science,1,1,0.55,12,0.2,1
I have an academic query regarding Python.,Python,MCA,Assistant Professor,Java|Artificial Intelligence|Statistics,0,1,0.7,8,0.4667,0
Please clarify the DBMS topic related to my course.,DBMS,IT,Lecturer,Data Science|Machine Learning|Web Development|Advanced DBMS,0,0,0.55,2,0.8667,0
I need help understanding Advanced Computer Networks.,Advanced Computer Networks,CSE,Lecturer,Software Engineering|Operating Systems,0,0,0.55,14,0.0667,1
Please clarify the Operating Systems topic related to my course.,Operating Systems,MCA,Lecturer,Data Structures|Deep Learning|DBMS|Artificial Intelligence|Data Science,0,1,0.55,12,0.2,0
I need guidance with my Statistics assignment.,Statistics,IT,Professor,Software Engineering,0,1,1.0,8,0.4667,1
I am facing difficulty in Algorithms and need clarification.,Algorithms,MCA,Associate Professor,Statistics|Cloud Computing|Computer Networks|Web Development|Machine Learning,0,1,0.85,10,0.3333,1
I am facing difficulty in Artificial Intelligence and need clarification.,Artificial Intelligence,CSE,Professor,Algorithms,0,1,1.0,2,0.8667,0
I have an academic query regarding Web Development.,Web Development,MCA,Professor,Statistics,0,0,1.0,8,0.4667,0
I am facing difficulty in Web Development and need clarification.,Web Development,CSE,Lecturer,Deep Learning|Software Engineering|Statistics|Advanced Computer Networks,0,1,0.55,1,0.9333,0
I have a question about DBMS.,DBMS,IT,Professor,Advanced DBMS|Data Structures|Operating Systems|Cloud Computing|Deep Learning,0,1,1.0,3,0.8,1
Can you explain an issue related to DBMS?,DBMS,MCA,Assistant Professor,Statistics|Advanced DBMS,0,1,0.7,15,0.0,0
I have a question about Software Engineering.,Software Engineering,CSE,Assistant Professor,Data Structures,0,1,0.7,3,0.8,1
I need help understanding Web Development.,Web Development,IT,Assistant Professor,Statistics|Cloud Computing|Java,0,1,0.7,0,1.0,1
I have a question about Python.,Python,CSE,Associate Professor,Computer Networks,0,1,0.85,0,1.0,0
Could you help me with the DBMS syllabus?,DBMS,CSE,Lecturer,Artificial Intelligence,0,0,0.55,5,0.6667,0
Could you help me with the Advanced Computer Networks syllabus?,Advanced Computer Networks,CSE,Professor,Web Development|Python,0,1,1.0,3,0.8,1
Could you help me with the Statistics syllabus?,Statistics,CSE,Professor,Software Engineering|DBMS|Java|Computer Networks,0,0,1.0,11,0.2667,0
Can you explain an issue related to Computer Networks?,Computer Networks,CSE,Professor,Web Development|Advanced Computer Networks,0,0,1.0,12,0.2,0
I have an academic query regarding DBMS.,DBMS,MCA,Associate Professor,Python|Operating Systems,0,1,0.85,0,1.0,1
Can you explain an issue related to Data Science?,Data Science,IT,Lecturer,Statistics|Computer Networks|Software Engineering|Python|Operating Systems,0,1,0.55,3,0.8,0
I have an academic query regarding Java.,Java,MCA,Professor,Data Science,0,1,1.0,10,0.3333,0
I need guidance with my Advanced Computer Networks assignment.,Advanced Computer Networks,IT,Associate Professor,Data Science,0,1,0.85,1,0.9333,1
I have a question about Software Engineering.,Software Engineering,MCA,Lecturer,Cloud Computing,0,1,0.55,7,0.5333,0
I am facing difficulty in Java and need clarification.,Java,CSE,Lecturer,Machine Learning|Python|Web Development|Operating Systems|Deep Learning,0,1,0.55,15,0.0,1
I have a question about Data Structures.,Data Structures,IT,Professor,Statistics|Software Engineering,0,1,1.0,3,0.8,0
Can you explain an issue related to Machine Learning?,Machine Learning,CSE,Professor,Python,0,0,1.0,10,0.3333,0
I need guidance with my Data Structures assignment.,Data Structures,MCA,Assistant Professor,Algorithms|Java,0,1,0.7,5,0.6667,0
I need guidance with my Data Science assignment.,Data Science,CSE,Associate Professor,Python|Advanced Computer Networks|Artificial Intelligence,0,1,0.85,4,0.7333,0
Please clarify the Artificial Intelligence topic related to my course.,Artificial Intelligence,CSE,Assistant Professor,Deep Learning,0,1,0.7,5,0.6667,1
I have an academic query regarding Artificial Intelligence.,Artificial Intelligence,CSE,Lecturer,Data Science|Web Development|Machine Learning,0,1,0.55,3,0.8,0
I have a question about Artificial Intelligence.,Artificial Intelligence,IT,Professor,Artificial Intelligence|Java|Machine Learning,1,1,1.0,0,1.0,1
I need help understanding Operating Systems.,Operating Systems,IT,Assistant Professor,Python,0,1,0.7,6,0.6,1
I need help understanding Algorithms.,Algorithms,CSE,Associate Professor,Operating Systems|Statistics|Deep Learning|Data Structures,0,1,0.85,6,0.6,1
I need help understanding Web Development.,Web Development,MCA,Associate Professor,Machine Learning|Cloud Computing|Data Science|Advanced DBMS|Computer Networks,0,1,0.85,1,0.9333,0
Please clarify the Java topic related to my course.,Java,MCA,Associate Professor,Computer Networks|Java|Algorithms|Machine Learning,1,1,0.85,10,0.3333,1
Can you explain an issue related to Advanced Computer Networks?,Advanced Computer Networks,CSE,Lecturer,Java|Computer Networks|Algorithms|DBMS|Deep Learning,0,0,0.55,11,0.2667,0
I need guidance with my Artificial Intelligence assignment.,Artificial Intelligence,IT,Assistant Professor,Operating Systems|Web Development|Computer Networks,0,1,0.7,3,0.8,0
Can you explain an issue related to Deep Learning?,Deep Learning,CSE,Lecturer,Deep Learning|Statistics,1,1,0.55,15,0.0,0
Can you explain an issue related to Advanced Computer Networks?,Advanced Computer Networks,IT,Professor,Computer Networks|Data Science,0,1,1.0,6,0.6,1
I need help understanding Data Structures.,Data Structures,IT,Associate Professor,Cloud Computing,0,1,0.85,4,0.7333,1
Could you help me with the Algorithms syllabus?,Algorithms,MCA,Assistant Professor,Data Science,0,1,0.7,7,0.5333,0
I am facing difficulty in Cloud Computing and need clarification.,Cloud Computing,CSE,Assistant Professor,Machine Learning|Algorithms|Python|Artificial Intelligence,0,1,0.7,5,0.6667,0
I have a question about Data Structures.,Data Structures,IT,Lecturer,Computer Networks|Software Engineering|Operating Systems|Data Science,0,1,0.55,15,0.0,1
I am facing difficulty in Data Structures and need clarification.,Data Structures,MCA,Associate Professor,Machine Learning|Statistics,0,1,0.85,5,0.6667,1
Could you help me with the Machine Learning syllabus?,Machine Learning,IT,Lecturer,Deep Learning|Cloud Computing|Artificial Intelligence,0,1,0.55,13,0.1333,0
Could you help me with the Statistics syllabus?,Statistics,IT,Associate Professor,Artificial Intelligence|Software Engineering|Operating Systems|Java|Computer Networks,0,1,0.85,12,0.2,0
I have an academic query regarding Data Structures.,Data Structures,IT,Professor,Algorithms|Machine Learning,0,1,1.0,5,0.6667,0
I am facing difficulty in Cloud Computing and need clarification.,Cloud Computing,CSE,Professor,Artificial Intelligence|Statistics|Java|Data Structures,0,1,1.0,9,0.4,1
I have a question about Statistics.,Statistics,MCA,Associate Professor,Machine Learning,0,1,0.85,6,0.6,1
Can you explain an issue related to Web Development?,Web Development,IT,Assistant Professor,Data Structures|Statistics|Operating Systems,0,1,0.7,8,0.4667,0
I need help understanding Computer Networks.,Computer Networks,CSE,Lecturer,Cloud Computing|Statistics|Algorithms,0,1,0.55,4,0.7333,0
I am facing difficulty in Deep Learning and need clarification.,Deep Learning,MCA,Professor,Data Science|Software Engineering|Web Development|Computer Networks|Statistics,0,1,1.0,9,0.4,1
I need guidance with my Java assignment.,Java,MCA,Professor,Algorithms|Data Science|Software Engineering|Web Development|Deep Learning,0,1,1.0,5,0.6667,0
I need guidance with my Advanced Computer Networks assignment.,Advanced Computer Networks,CSE,Professor,Software Engineering|Algorithms,0,1,1.0,2,0.8667,1
Please clarify the Algorithms topic related to my course.,Algorithms,IT,Professor,Statistics|Computer Networks,0,1,1.0,9,0.4,0
Please clarify the Algorithms topic related to my course.,Algorithms,IT,Assistant Professor,DBMS|Operating Systems|Advanced Computer Networks|Java,0,1,0.7,8,0.4667,1
I need help understanding Algorithms.,Algorithms,IT,Associate Professor,Advanced Computer Networks|Machine Learning|Advanced DBMS|Python,0,0,0.85,15,0.0,0
I have a question about Machine Learning.,Machine Learning,IT,Assistant Professor,Statistics,0,1,0.7,12,0.2,1
I need guidance with my Deep Learning assignment.,Deep Learning,CSE,Lecturer,Java|Software Engineering|Computer Networks|Artificial Intelligence,0,1,0.55,15,0.0,0
I need help understanding Software Engineering.,Software Engineering,CSE,Associate Professor,Python|Java|Artificial Intelligence,0,1,0.85,13,0.1333,0
I have a question about Advanced DBMS.,Advanced DBMS,IT,Professor,Advanced DBMS|DBMS|Web Development|Computer Networks,1,1,1.0,8,0.4667,1
Can you explain an issue related to Deep Learning?,Deep Learning,CSE,Assistant Professor,Advanced Computer Networks,0,1,0.7,14,0.0667,0
I need guidance with my Software Engineering assignment.,Software Engineering,IT,Associate Professor,DBMS|Computer Networks,0,0,0.85,12,0.2,0
Could you help me with the Operating Systems syllabus?,Operating Systems,CSE,Lecturer,Software Engineering|Data Structures,0,0,0.55,1,0.9333,0
I need help understanding Web Development.,Web Development,CSE,Assistant Professor,Machine Learning|Java|Deep Learning|Advanced Computer Networks|Python,0,0,0.7,9,0.4,0
Please clarify the Software Engineering topic related to my course.,Software Engineering,MCA,Lecturer,Web Development|Data Science,0,1,0.55,1,0.9333,1
I have a question about DBMS.,DBMS,CSE,Lecturer,Cloud Computing|Machine Learning|Java,0,1,0.55,2,0.8667,1
I have an academic query regarding Artificial Intelligence.,Artificial Intelligence,MCA,Professor,Deep Learning|Software Engineering|Computer Networks|Advanced DBMS|Python,0,1,1.0,10,0.3333,1
I need help understanding Advanced Computer Networks.,Advanced Computer Networks,MCA,Professor,Algorithms,0,0,1.0,8,0.4667,0
I am facing difficulty in Algorithms and need clarification.,Algorithms,IT,Assistant Professor,Data Science|Python,0,1,0.7,4,0.7333,1
Could you help me with the Computer Networks syllabus?,Computer Networks,MCA,Lecturer,Advanced DBMS|Deep Learning,0,1,0.55,12,0.2,0
I am facing difficulty in Deep Learning and need clarification.,Deep Learning,MCA,Lecturer,Cloud Computing,0,1,0.55,2,0.8667,0
I need help understanding Artificial Intelligence.,Artificial Intelligence,MCA,Assistant Professor,DBMS,0,1,0.7,0,1.0,0
Could you help me with the DBMS syllabus?,DBMS,CSE,Lecturer,Advanced Computer Networks|Java|Software Engineering,0,1,0.55,9,0.4,0
I have an academic query regarding Python.,Python,MCA,Lecturer,Machine Learning|Python|Deep Learning,1,1,0.55,15,0.0,1
I am facing difficulty in Artificial Intelligence and need clarification.,Artificial Intelligence,MCA,Lecturer,Advanced DBMS,0,1,0.55,11,0.2667,1
I need help understanding Python.,Python,CSE,Lecturer,Advanced DBMS|Machine Learning|DBMS,0,1,0.55,11,0.2667,0
I have a question about Data Structures.,Data Structures,IT,Associate Professor,Machine Learning|Deep Learning,0,1,0.85,8,0.4667,0
I need help understanding Advanced Computer Networks.,Advanced Computer Networks,IT,Associate Professor,Algorithms|Statistics|Web Development|DBMS|Software Engineering,0,1,0.85,9,0.4,1
I am facing difficulty in Java and need clarification.,Java,CSE,Lecturer,Software Engineering|Algorithms|Web Development|Python|Statistics,0,1,0.55,1,0.9333,1
I have an academic query regarding Statistics.,Statistics,MCA,Assistant Professor,Operating Systems|Algorithms|Artificial Intelligence|Cloud Computing,0,0,0.7,6,0.6,0
I have an academic query regarding Deep Learning.,Deep Learning,IT,Professor,Statistics|Artificial Intelligence|Data Science|Data Structures,0,1,1.0,14,0.0667,0
Could you help me with the Advanced DBMS syllabus?,Advanced DBMS,IT,Associate Professor,Advanced Computer Networks|Artificial Intelligence|Computer Networks|Python|DBMS,0,1,0.85,4,0.7333,0
I need guidance with my Web Development assignment.,Web Development,IT,Assistant Professor,Algorithms|Machine Learning|Statistics|Software Engineering|Cloud Computing,0,1,0.7,2,0.8667,1
I need guidance with my Algorithms assignment.,Algorithms,IT,Professor,Data Structures|Operating Systems|Deep Learning,0,1,1.0,11,0.2667,0
I am facing difficulty in Deep Learning and need clarification.,Deep Learning,IT,Associate Professor,Java|Computer Networks,0,0,0.85,8,0.4667,1
I am facing difficulty in Data Science and need clarification.,Data Science,IT,Professor,Computer Networks|Artificial Intelligence|Web Development|Deep Learning,0,1,1.0,9,0.4,1
I need help understanding Operating Systems.,Operating Systems,CSE,Professor,Computer Networks|Deep Learning|Artificial Intelligence|Operating Systems,1,1,1.0,3,0.8,1
I am facing difficulty in Cloud Computing and need clarification.,Cloud Computing,CSE,Associate Professor,Data Structures,0,1,0.85,8,0.4667,1
I need guidance with my Data Structures assignment.,Data Structures,IT,Associate Professor,Statistics|Machine Learning|Advanced Computer Networks|Data Science,0,1,0.85,0,1.0,0
I have an academic query regarding Data Science.,Data Science,IT,Lecturer,Cloud Computing|Computer Networks,0,1,0.55,12,0.2,1
I have a question about Computer Networks.,Computer Networks,MCA,Lecturer,Statistics|DBMS|Data Science,0,0,0.55,15,0.0,0
I am facing difficulty in Operating Systems and need clarification.,Operating Systems,IT,Lecturer,Algorithms,0,1,0.55,7,0.5333,0
Please clarify the Algorithms topic related to my course.,Algorithms,IT,Assistant Professor,Computer Networks|Software Engineering,0,0,0.7,6,0.6,0
I need guidance with my Data Structures assignment.,Data Structures,CSE,Assistant Professor,Operating Systems|Deep Learning|Software Engineering,0,1,0.7,7,0.5333,0
I need guidance with my Statistics assignment.,Statistics,IT,Associate Professor,Advanced DBMS|Cloud Computing|Algorithms|Artificial Intelligence|Web Development,0,1,0.85,3,0.8,0
I need guidance with my Deep Learning assignment.,Deep Learning,CSE,Assistant Professor,Algorithms|Java,0,1,0.7,15,0.0,0
Can you explain an issue related to Python?,Python,IT,Associate Professor,Computer Networks|Artificial Intelligence,0,0,0.85,14,0.0667,0
Could you help me with the Artificial Intelligence syllabus?,Artificial Intelligence,IT,Associate Professor,Algorithms|Python|Statistics,0,1,0.85,2,0.8667,0
I need help understanding Deep Learning.,Deep Learning,CSE,Lecturer,Machine Learning|DBMS|Data Structures,0,1,0.55,0,1.0,0
I need help understanding Algorithms.,Algorithms,IT,Lecturer,Web Development|Statistics|Data Science,0,1,0.55,11,0.2667,1
Could you help me with the Python syllabus?,Python,MCA,Professor,Computer Networks|Deep Learning|Java|Web Development,0,1,1.0,6,0.6,0
I am facing difficulty in Computer Networks and need clarification.,Computer Networks,MCA,Lecturer,Advanced DBMS|Algorithms|DBMS|Python|Cloud Computing,0,1,0.55,5,0.6667,1
Can you explain an issue related to Python?,Python,MCA,Professor,Web Development,0,1,1.0,8,0.4667,0
I have an academic query regarding Algorithms.,Algorithms,MCA,Professor,Python|Statistics|Java|Deep Learning,0,1,1.0,9,0.4,0
Could you help me with the Operating Systems syllabus?,Operating Systems,IT,Assistant Professor,Cloud Computing,0,1,0.7,10,0.3333,0
I am facing difficulty in Advanced DBMS and need clarification.,Advanced DBMS,IT,Assistant Professor,Operating Systems|Data Science,0,0,0.7,4,0.7333,0
Please clarify the Artificial Intelligence topic related to my course.,Artificial Intelligence,CSE,Lecturer,Software Engineering|Python,0,1,0.55,14,0.0667,1
Could you help me with the DBMS syllabus?,DBMS,CSE,Professor,Data Science,0,0,1.0,2,0.8667,0
Please clarify the Statistics topic related to my course.,Statistics,MCA,Professor,Web Development|Deep Learning|DBMS|Statistics,1,0,1.0,11,0.2667,1
I have a question about Software Engineering.,Software Engineering,CSE,Lecturer,Data Science|Artificial Intelligence|Web Development|Advanced DBMS,0,1,0.55,8,0.4667,1
Could you help me with the Artificial Intelligence syllabus?,Artificial Intelligence,MCA,Associate Professor,Web Development|Python|Advanced Computer Networks|Computer Networks,0,1,0.85,14,0.0667,0
I have a question about Web Development.,Web Development,IT,Lecturer,DBMS|Algorithms,0,1,0.55,9,0.4,1
I have an academic query regarding Python.,Python,MCA,Lecturer,Python|Data Science|Cloud Computing|Statistics|Software Engineering,1,1,0.55,7,0.5333,1
Please clarify the Software Engineering topic related to my course.,Software Engineering,IT,Associate Professor,Java,0,1,0.85,0,1.0,0
I have a question about Cloud Computing.,Cloud Computing,CSE,Associate Professor,Advanced Computer Networks|Data Science|Advanced DBMS|Deep Learning,0,1,0.85,9,0.4,1
I have a question about Algorithms.,Algorithms,IT,Professor,DBMS|Computer Networks|Data Science|Java,0,1,1.0,12,0.2,1
I am facing difficulty in Algorithms and need clarification.,Algorithms,MCA,Professor,Cloud Computing|Deep Learning|Computer Networks|Java,0,1,1.0,13,0.1333,0
Could you help me with the Machine Learning syllabus?,Machine Learning,CSE,Professor,Deep Learning|Data Structures|Advanced Computer Networks,0,1,1.0,15,0.0,0
I have an academic query regarding Computer Networks.,Computer Networks,MCA,Assistant Professor,Statistics|Machine Learning|Java|Data Structures,0,1,0.7,1,0.9333,0
I have an academic query regarding Software Engineering.,Software Engineering,MCA,Associate Professor,Data Structures|Advanced Computer Networks,0,1,0.85,15,0.0,0
Could you help me with the Algorithms syllabus?,Algorithms,CSE,Associate Professor,Computer Networks|Statistics|Advanced DBMS,0,1,0.85,12,0.2,0
I need guidance with my Advanced DBMS assignment.,Advanced DBMS,CSE,Assistant Professor,Advanced DBMS|Advanced Computer Networks|Data Science|Software Engineering|Cloud Computing,1,0,0.7,14,0.0667,1
I need help understanding Operating Systems.,Operating Systems,CSE,Assistant Professor,Web Development|Data Science|Machine Learning|Cloud Computing|Deep Learning,0,0,0.7,6,0.6,0
Could you help me with the Artificial Intelligence syllabus?,Artificial Intelligence,MCA,Assistant Professor,Statistics|Artificial Intelligence|DBMS|Data Science,1,1,0.7,5,0.6667,0
I have an academic query regarding Java.,Java,IT,Professor,Statistics|Artificial Intelligence,0,1,1.0,10,0.3333,1
I am facing difficulty in Advanced DBMS and need clarification.,Advanced DBMS,IT,Associate Professor,Web Development,0,0,0.85,13,0.1333,0
I have a question about Artificial Intelligence.,Artificial Intelligence,MCA,Professor,Artificial Intelligence|Web Development|Machine Learning|Operating Systems|Algorithms,1,1,1.0,7,0.5333,1
I need guidance with my Data Science assignment.,Data Science,CSE,Lecturer,Machine Learning|Java|Computer Networks|Web Development|DBMS,0,1,0.55,8,0.4667,1
Please clarify the Artificial Intelligence topic related to my course.,Artificial Intelligence,CSE,Professor,Advanced Computer Networks|Operating Systems|Statistics|Artificial Intelligence|Data Structures,1,1,1.0,2,0.8667,0
I have a question about Advanced DBMS.,Advanced DBMS,CSE,Professor,Data Structures,0,0,1.0,13,0.1333,0
Could you help me with the Software Engineering syllabus?,Software Engineering,IT,Professor,Java|Artificial Intelligence|Computer Networks,0,0,1.0,13,0.1333,0
I have a question about Deep Learning.,Deep Learning,MCA,Lecturer,DBMS|Operating Systems|Artificial Intelligence|Data Science,0,1,0.55,15,0.0,1
I need guidance with my Python assignment.,Python,IT,Assistant Professor,DBMS|Operating Systems|Python|Data Science|Data Structures,1,1,0.7,15,0.0,1
Please clarify the Algorithms topic related to my course.,Algorithms,MCA,Assistant Professor,Machine Learning,0,1,0.7,6,0.6,1
I am facing difficulty in Data Structures and need clarification.,Data Structures,CSE,Professor,Web Development|Software Engineering|Artificial Intelligence|Cloud Computing,0,1,1.0,9,0.4,0
I have a question about Software Engineering.,Software Engineering,CSE,Professor,Operating Systems|Web Development|Software Engineering|Data Structures|Deep Learning,1,1,1.0,11,0.2667,1
I am facing difficulty in Artificial Intelligence and need clarification.,Artificial Intelligence,MCA,Associate Professor,Advanced Computer Networks|Computer Networks|DBMS|Java,0,0,0.85,4,0.7333,0
I have an academic query regarding Algorithms.,Algorithms,MCA,Assistant Professor,Java|Advanced DBMS|Computer Networks|Operating Systems|Artificial Intelligence,0,1,0.7,11,0.2667,0
I need guidance with my Computer Networks assignment.,Computer Networks,IT,Assistant Professor,Advanced DBMS|Artificial Intelligence|Deep Learning,0,1,0.7,0,1.0,1
Can you explain an issue related to Python?,Python,CSE,Lecturer,Operating Systems|Deep Learning|Python|Advanced DBMS|Machine Learning,1,1,0.55,11,0.2667,0
I need help understanding Advanced DBMS.,Advanced DBMS,MCA,Lecturer,Data Science|Computer Networks|Java,0,1,0.55,3,0.8,0
Can you explain an issue related to Python?,Python,MCA,Associate Professor,Operating Systems|Advanced Computer Networks,0,1,0.85,4,0.7333,1
I need guidance with my Web Development assignment.,Web Development,IT,Lecturer,Software Engineering|Python|Computer Networks|Artificial Intelligence|Operating Systems,0,1,0.55,6,0.6,0
I need help understanding Data Science.,Data Science,MCA,Lecturer,Python|Data Structures|Web Development,0,1,0.55,9,0.4,0
Can you explain an issue related to Java?,Java,MCA,Lecturer,Advanced DBMS|Cloud Computing|Artificial Intelligence|Data Structures|Web Development,0,1,0.55,14,0.0667,0
I have a question about Statistics.,Statistics,MCA,Lecturer,Web Development|Statistics,1,1,0.55,12,0.2,1
I am facing difficulty in Web Development and need clarification.,Web Development,CSE,Associate Professor,Software Engineering|DBMS,0,1,0.85,2,0.8667,0
I am facing difficulty in Web Development and need clarification.,Web Development,MCA,Professor,Web Development,1,1,1.0,4,0.7333,1
I need guidance with my Data Science assignment.,Data Science,MCA,Assistant Professor,Java,0,0,0.7,14,0.0667,0
I am facing difficulty in Cloud Computing and need clarification.,Cloud Computing,IT,Lecturer,Algorithms|Artificial Intelligence,0,1,0.55,14,0.0667,0
I need help understanding Data Science.,Data Science,IT,Professor,Advanced Computer Networks|Advanced DBMS|Operating Systems,0,0,1.0,2,0.8667,0
Could you help me with the Advanced Computer Networks syllabus?,Advanced Computer Networks,IT,Lecturer,Statistics|Web Development|Software Engineering,0,1,0.55,15,0.0,0
I need help understanding Operating Systems.,Operating Systems,CSE,Assistant Professor,Advanced DBMS,0,1,0.7,12,0.2,1
Could you help me with the DBMS syllabus?,DBMS,MCA,Associate Professor,Software Engineering|Operating Systems|Python,0,1,0.85,4,0.7333,0
I have an academic query regarding Deep Learning.,Deep Learning,MCA,Professor,Artificial Intelligence|Cloud Computing|Data Science|Web Development,0,1,1.0,6,0.6,0
I need help understanding Python.,Python,MCA,Professor,Data Structures|Computer Networks|Operating Systems|Web Development,0,1,1.0,4,0.7333,1
I am facing difficulty in Data Structures and need clarification.,Data Structures,IT,Lecturer,Java,0,1,0.55,15,0.0,0
I need guidance with my Deep Learning assignment.,Deep Learning,MCA,Associate Professor,Computer Networks|Data Science|Advanced DBMS|Data Structures,0,1,0.85,13,0.1333,0
Could you help me with the Machine Learning syllabus?,Machine Learning,IT,Lecturer,Java|Artificial Intelligence|Algorithms|Deep Learning|Advanced DBMS,0,1,0.55,0,1.0,0
I need help understanding Data Science.,Data Science,IT,Professor,Data Science,1,1,1.0,9,0.4,1
I need guidance with my Computer Networks assignment.,Computer Networks,IT,Lecturer,Advanced Computer Networks,0,1,0.55,13,0.1333,0
I am facing difficulty in Data Structures and need clarification.,Data Structures,CSE,Assistant Professor,Computer Networks|Algorithms|Artificial Intelligence,0,1,0.7,6,0.6,1
Can you explain an issue related to Algorithms?,Algorithms,CSE,Associate Professor,Advanced Computer Networks|Artificial Intelligence|Web Development|Java|Machine Learning,0,1,0.85,1,0.9333,0
Could you help me with the Data Structures syllabus?,Data Structures,CSE,Associate Professor,Algorithms,0,1,0.85,15,0.0,0
I am facing difficulty in Data Structures and need clarification.,Data Structures,IT,Assistant Professor,Deep Learning|Data Structures,1,1,0.7,1,0.9333,1
I am facing difficulty in Operating Systems and need clarification.,Operating Systems,CSE,Associate Professor,Artificial Intelligence|Advanced Computer Networks|Machine Learning|Statistics|Data Structures,0,0,0.85,11,0.2667,0
I am facing difficulty in Java and need clarification.,Java,CSE,Professor,Machine Learning|DBMS,0,1,1.0,3,0.8,1
I am facing difficulty in Data Structures and need clarification.,Data Structures,MCA,Lecturer,Java,0,1,0.55,7,0.5333,0
Can you explain an issue related to Python?,Python,IT,Professor,Python,1,1,1.0,5,0.6667,1
Please clarify the Data Science topic related to my course.,Data Science,CSE,Professor,Web Development|DBMS|Software Engineering|Advanced Computer Networks,0,1,1.0,12,0.2,1
I need help understanding Data Science.,Data Science,IT,Assistant Professor,Deep Learning|Machine Learning,0,1,0.7,2,0.8667,0
I am facing difficulty in Python and need clarification.,Python,MCA,Associate Professor,Advanced DBMS|DBMS|Deep Learning|Operating Systems,0,1,0.85,2,0.8667,1
Can you explain an issue related to Machine Learning?,Machine Learning,MCA,Professor,Artificial Intelligence|Java|Data Science|Machine Learning|Cloud Computing,1,1,1.0,12,0.2,1
I have a question about Cloud Computing.,Cloud Computing,MCA,Lecturer,DBMS|Algorithms|Artificial Intelligence|Data Science,0,1,0.55,9,0.4,0
I need help understanding Software Engineering.,Software Engineering,IT,Associate Professor,Advanced Computer Networks|Data Structures|Deep Learning,0,1,0.85,3,0.8,0
Please clarify the Software Engineering topic related to my course.,Software Engineering,MCA,Assistant Professor,Machine Learning,0,1,0.7,8,0.4667,0
Could you help me with the Algorithms syllabus?,Algorithms,MCA,Professor,Artificial Intelligence|Python|Machine Learning,0,1,1.0,4,0.7333,1
Could you help me with the Statistics syllabus?,Statistics,MCA,Professor,DBMS|Java|Data Science|Advanced Computer Networks|Data Structures,0,1,1.0,6,0.6,1
I need guidance with my Software Engineering assignment.,Software Engineering,CSE,Associate Professor,Machine Learning|Advanced Computer Networks,0,1,0.85,7,0.5333,0
I have a question about Algorithms.,Algorithms,CSE,Associate Professor,Deep Learning|Python,0,0,0.85,0,1.0,0
Could you help me with the Java syllabus?,Java,MCA,Lecturer,Cloud Computing|Algorithms,0,1,0.55,2,0.8667,0
I have an academic query regarding Data Structures.,Data Structures,MCA,Professor,Cloud Computing|Web Development|Data Science,0,0,1.0,0,1.0,0
I need help understanding Web Development.,Web Development,CSE,Assistant Professor,Java|Advanced DBMS|Data Science|Machine Learning,0,1,0.7,0,1.0,1
I need guidance with my Data Science assignment.,Data Science,MCA,Lecturer,Deep Learning|Data Science|Computer Networks,1,1,0.55,3,0.8,1
I need guidance with my Machine Learning assignment.,Machine Learning,CSE,Assistant Professor,Advanced DBMS,0,1,0.7,14,0.0667,0
I have an academic query regarding Data Science.,Data Science,CSE,Lecturer,Cloud Computing,0,1,0.55,4,0.7333,0
I have a question about Computer Networks.,Computer Networks,IT,Lecturer,Software Engineering|Algorithms|Cloud Computing,0,0,0.55,0,1.0,1
I need guidance with my Operating Systems assignment.,Operating Systems,IT,Lecturer,Data Science,0,0,0.55,12,0.2,0
I am facing difficulty in Advanced Computer Networks and need clarification.,Advanced Computer Networks,CSE,Lecturer,Java|Artificial Intelligence|DBMS|Statistics,0,1,0.55,15,0.0,1
I have a question about Java.,Java,CSE,Associate Professor,Java,1,1,0.85,11,0.2667,1
I have an academic query regarding Machine Learning.,Machine Learning,MCA,Professor,Web Development|Java|Advanced Computer Networks|Deep Learning,0,0,1.0,13,0.1333,0
I need help understanding DBMS.,DBMS,CSE,Associate Professor,Operating Systems|Computer Networks|Algorithms|Python|Machine Learning,0,1,0.85,0,1.0,0
Can you explain an issue related to Operating Systems?,Operating Systems,CSE,Professor,Deep Learning|Operating Systems|Web Development|Computer Networks|Python,1,1,1.0,1,0.9333,1
I need guidance with my Software Engineering assignment.,Software Engineering,MCA,Lecturer,Deep Learning|Algorithms|Data Science,0,1,0.55,0,1.0,1
I need help understanding Advanced DBMS.,Advanced DBMS,CSE,Assistant Professor,Artificial Intelligence|Computer Networks,0,1,0.7,2,0.8667,0
Can you explain an issue related to Advanced DBMS?,Advanced DBMS,IT,Professor,Web Development|Java|Statistics|Machine Learning|Advanced Computer Networks,0,1,1.0,1,0.9333,1
Can you explain an issue related to Statistics?,Statistics,IT,Professor,Operating Systems|Advanced DBMS|Data Structures,0,1,1.0,6,0.6,0
I need guidance with my Cloud Computing assignment.,Cloud Computing,IT,Professor,Advanced DBMS,0,1,1.0,13,0.1333,0
I am facing difficulty in Software Engineering and need clarification.,Software Engineering,MCA,Associate Professor,Cloud Computing,0,1,0.85,8,0.4667,0
Please clarify the Cloud Computing topic related to my course.,Cloud Computing,CSE,Lecturer,Web Development|Cloud Computing|Artificial Intelligence|Advanced DBMS|Data Science,1,1,0.55,11,0.2667,1
Please clarify the Java topic related to my course.,Java,MCA,Associate Professor,Statistics|Data Science|Data Structures,0,1,0.85,5,0.6667,0
I need guidance with my Data Science assignment.,Data Science,MCA,Assistant Professor,Deep Learning|Operating Systems|Data Structures,0,1,0.7,4,0.7333,1
Please clarify the DBMS topic related to my course.,DBMS,MCA,Associate Professor,Software Engineering|Python,0,0,0.85,3,0.8,0
I need guidance with my Data Structures assignment.,Data Structures,MCA,Assistant Professor,Data Structures|Computer Networks,1,1,0.7,1,0.9333,1
I have an academic query regarding Computer Networks.,Computer Networks,MCA,Lecturer,Advanced Computer Networks|Data Science|Web Development|Python,0,1,0.55,1,0.9333,1
Please clarify the Data Science topic related to my course.,Data Science,MCA,Lecturer,Statistics|Cloud Computing|Java|Artificial Intelligence,0,1,0.55,2,0.8667,0
I have an academic query regarding Data Science.,Data Science,CSE,Professor,Deep Learning|Statistics|Data Science|Java,1,1,1.0,15,0.0,1
Can you explain an issue related to Web Development?,Web Development,IT,Assistant Professor,Software Engineering,0,1,0.7,3,0.8,0
I need guidance with my Data Structures assignment.,Data Structures,CSE,Lecturer,Computer Networks|Java|Deep Learning|Machine Learning,0,1,0.55,10,0.3333,0
I am facing difficulty in Software Engineering and need clarification.,Software Engineering,CSE,Lecturer,Python|Statistics|Java|Artificial Intelligence|Algorithms,0,1,0.55,13,0.1333,1
I have a question about Computer Networks.,Computer Networks,MCA,Assistant Professor,Algorithms|Machine Learning,0,1,0.7,2,0.8667,0
I am facing difficulty in Python and need clarification.,Python,CSE,Lecturer,Deep Learning|Operating Systems|Machine Learning,0,1,0.55,9,0.4,1
Could you help me with the Cloud Computing syllabus?,Cloud Computing,IT,Associate Professor,Data Structures|Statistics,0,1,0.85,2,0.8667,0
Could you help me with the Machine Learning syllabus?,Machine Learning,CSE,Professor,Deep Learning|Algorithms|Cloud Computing|Data Science|Artificial Intelligence,0,1,1.0,5,0.6667,0
Please clarify the Advanced Computer Networks topic related to my course.,Advanced Computer Networks,CSE,Assistant Professor,Statistics|Advanced Computer Networks,1,1,0.7,2,0.8667,1
Could you help me with the Data Structures syllabus?,Data Structures,CSE,Associate Professor,Artificial Intelligence|Computer Networks|Advanced DBMS,0,0,0.85,15,0.0,0
I need help understanding DBMS.,DBMS,CSE,Professor,Deep Learning,0,1,1.0,9,0.4,0
I have an academic query regarding Data Science.,Data Science,CSE,Associate Professor,Statistics|Algorithms|Data Structures,0,1,0.85,7,0.5333,0
Please clarify the Deep Learning topic related to my course.,Deep Learning,CSE,Assistant Professor,Software Engineering|Java|Advanced Computer Networks,0,0,0.7,6,0.6,1
I have an academic query regarding Cloud Computing.,Cloud Computing,IT,Assistant Professor,Advanced DBMS|Cloud Computing|Computer Networks|Deep Learning|Advanced Computer Networks,1,1,0.7,0,1.0,1
Please clarify the Advanced Computer Networks topic related to my course.,Advanced Computer Networks,IT,Associate Professor,Deep Learning,0,1,0.85,11,0.2667,0
I have an academic query regarding Cloud Computing.,Cloud Computing,CSE,Lecturer,Data Structures,0,1,0.55,1,0.9333,0
I need help understanding Artificial Intelligence.,Artificial Intelligence,IT,Professor,Java|Data Structures,0,0,1.0,5,0.6667,0
Could you help me with the Software Engineering syllabus?,Software Engineering,MCA,Lecturer,Operating Systems|Cloud Computing,0,1,0.55,14,0.0667,1
Can you explain an issue related to Computer Networks?,Computer Networks,MCA,Assistant Professor,Computer Networks|Artificial Intelligence|Operating Systems|Machine Learning|Deep Learning,1,1,0.7,4,0.7333,1
Please clarify the Data Structures topic related to my course.,Data Structures,IT,Professor,Python|Data Science|Data Structures,1,1,1.0,7,0.5333,1
Could you help me with the Artificial Intelligence syllabus?,Artificial Intelligence,CSE,Assistant Professor,Software Engineering|Operating Systems|Java|Artificial Intelligence,1,1,0.7,6,0.6,1
I need guidance with my Deep Learning assignment.,Deep Learning,MCA,Associate Professor,DBMS|Advanced DBMS|Python|Advanced Computer Networks,0,1,0.85,3,0.8,0
I am facing difficulty in Web Development and need clarification.,Web Development,MCA,Associate Professor,Data Structures|Advanced Computer Networks|Data Science,0,0,0.85,2,0.8667,0
I am facing difficulty in Artificial Intelligence and need clarification.,Artificial Intelligence,CSE,Professor,Advanced Computer Networks|Java,0,1,1.0,15,0.0,0
Please clarify the Cloud Computing topic related to my course.,Cloud Computing,MCA,Associate Professor,Algorithms|Java|Data Structures|Data Science|Advanced Computer Networks,0,1,0.85,8,0.4667,0
Can you explain an issue related to Data Science?,Data Science,CSE,Professor,Artificial Intelligence|Software Engineering,0,1,1.0,2,0.8667,1
I need help understanding Statistics.,Statistics,IT,Associate Professor,Python|Advanced Computer Networks|Cloud Computing|Data Science|Statistics,1,1,0.85,4,0.7333,0
Could you help me with the Statistics syllabus?,Statistics,IT,Professor,Software Engineering|Web Development|Deep Learning,0,1,1.0,7,0.5333,0
Could you help me with the Data Structures syllabus?,Data Structures,IT,Associate Professor,Advanced DBMS|Machine Learning,0,1,0.85,9,0.4,0
I have a question about Deep Learning.,Deep Learning,IT,Professor,Software Engineering|Advanced DBMS|Deep Learning,1,0,1.0,12,0.2,1
I have a question about Artificial Intelligence.,Artificial Intelligence,IT,Assistant Professor,Algorithms|Machine Learning|Data Structures|DBMS,0,1,0.7,2,0.8667,0
I need help understanding Operating Systems.,Operating Systems,CSE,Lecturer,Advanced DBMS,0,1,0.55,6,0.6,0
Could you help me with the Java syllabus?,Java,IT,Lecturer,Data Structures|Python|Computer Networks,0,1,0.55,14,0.0667,0
Can you explain an issue related to Artificial Intelligence?,Artificial Intelligence,CSE,Associate Professor,Statistics|Data Structures,0,0,0.85,0,1.0,0
Could you help me with the Python syllabus?,Python,IT,Professor,Software Engineering|Machine Learning,0,1,1.0,15,0.0,0
Please clarify the Operating Systems topic related to my course.,Operating Systems,IT,Associate Professor,Cloud Computing|Advanced Computer Networks|Python|Deep Learning,0,1,0.85,11,0.2667,0
I need guidance with my Data Structures assignment.,Data Structures,CSE,Assistant Professor,Python|Algorithms,0,1,0.7,15,0.0,0
I have an academic query regarding DBMS.,DBMS,IT,Assistant Professor,Data Structures|Advanced Computer Networks|Computer Networks,0,1,0.7,6,0.6,0
I need help understanding Advanced DBMS.,Advanced DBMS,MCA,Lecturer,Java,0,1,0.55,8,0.4667,0
I need help understanding Web Development.,Web Development,CSE,Lecturer,DBMS,0,1,0.55,15,0.0,0
I have an academic query regarding Python.,Python,IT,Professor,Deep Learning|Data Science|Data Structures|Advanced Computer Networks,0,1,1.0,6,0.6,0
I have a question about Data Science.,Data Science,MCA,Professor,Computer Networks|Algorithms|DBMS,0,1,1.0,5,0.6667,0
I am facing difficulty in Data Structures and need clarification.,Data Structures,IT,Lecturer,Python|Deep Learning|Data Science,0,1,0.55,3,0.8,0
I need guidance with my Data Science assignment.,Data Science,CSE,Associate Professor,Computer Networks|Artificial Intelligence|Deep Learning|Algorithms|Java,0,1,0.85,5,0.6667,0
I need guidance with my Java assignment.,Java,MCA,Assistant Professor,Artificial Intelligence,0,0,0.7,12,0.2,0
I am facing difficulty in Web Development and need clarification.,Web Development,CSE,Lecturer,Data Structures|Cloud Computing|Deep Learning,0,1,0.55,2,0.8667,0
I have an academic query regarding Data Science.,Data Science,CSE,Lecturer,Python,0,0,0.55,15,0.0,0
Could you help me with the Deep Learning syllabus?,Deep Learning,MCA,Lecturer,Data Science,0,1,0.55,12,0.2,0
I need help understanding Artificial Intelligence.,Artificial Intelligence,IT,Assistant Professor,Artificial Intelligence|Statistics,1,1,0.7,0,1.0,1
Could you help me with the Java syllabus?,Java,CSE,Assistant Professor,Statistics|Artificial Intelligence|Operating Systems|Machine Learning,0,1,0.7,7,0.5333,0
I have an academic query regarding Statistics.,Statistics,CSE,Lecturer,Web Development|Operating Systems|Computer Networks,0,1,0.55,12,0.2,0
I have an academic query regarding Advanced DBMS.,Advanced DBMS,CSE,Professor,Computer Networks|Advanced Computer Networks|Software Engineering,0,1,1.0,5,0.6667,0
I have an academic query regarding Software Engineering.,Software Engineering,IT,Lecturer,Machine Learning|Deep Learning|Operating Systems|Advanced Computer Networks,0,1,0.55,1,0.9333,1
Could you help me with the Data Science syllabus?,Data Science,MCA,Lecturer,Java|Statistics,0,1,0.55,3,0.8,1
I have an academic query regarding Deep Learning.,Deep Learning,IT,Associate Professor,Machine Learning|Advanced DBMS|Artificial Intelligence|Python,0,1,0.85,6,0.6,0
I am facing difficulty in Java and need clarification.,Java,MCA,Professor,Artificial Intelligence|Computer Networks,0,1,1.0,10,0.3333,0
Can you explain an issue related to Data Science?,Data Science,MCA,Lecturer,Python|Cloud Computing,0,1,0.55,15,0.0,1
I need guidance with my Machine Learning assignment.,Machine Learning,CSE,Associate Professor,Web Development|Statistics|Software Engineering|Operating Systems,0,0,0.85,14,0.0667,0
Could you help me with the Deep Learning syllabus?,Deep Learning,MCA,Assistant Professor,Advanced Computer Networks,0,1,0.7,14,0.0667,0
I am facing difficulty in Algorithms and need clarification.,Algorithms,IT,Assistant Professor,Computer Networks|DBMS|Web Development|Artificial Intelligence|Algorithms,1,0,0.7,12,0.2,1
I have a question about Artificial Intelligence.,Artificial Intelligence,IT,Lecturer,Python|Data Structures|Cloud Computing|Advanced Computer Networks,0,1,0.55,3,0.8,0
Can you explain an issue related to Java?,Java,CSE,Assistant Professor,Advanced DBMS,0,1,0.7,8,0.4667,0
I have an academic query regarding Data Structures.,Data Structures,MCA,Lecturer,Statistics|Cloud Computing|Java|DBMS|Machine Learning,0,1,0.55,12,0.2,0
I have an academic query regarding Data Structures.,Data Structures,CSE,Lecturer,Data Science|Algorithms|Operating Systems|Computer Networks|Deep Learning,0,1,0.55,2,0.8667,0
I have an academic query regarding Deep Learning.,Deep Learning,IT,Associate Professor,Machine Learning|Java|Algorithms,0,1,0.85,9,0.4,0
I am facing difficulty in Statistics and need clarification.,Statistics,CSE,Associate Professor,Machine Learning|Statistics|Artificial Intelligence|Advanced DBMS,1,1,0.85,10,0.3333,1
I have a question about Software Engineering.,Software Engineering,MCA,Professor,Python|Operating Systems|Advanced Computer Networks|Software Engineering|Data Structures,1,1,1.0,15,0.0,1
I need help understanding Statistics.,Statistics,CSE,Professor,Advanced Computer Networks|Deep Learning|Statistics|DBMS|Computer Networks,1,1,1.0,7,0.5333,1
I am facing difficulty in Data Science and need clarification.,Data Science,MCA,Assistant Professor,Data Structures|Deep Learning|Python|Data Science,1,1,0.7,11,0.2667,1
I need help understanding Statistics.,Statistics,MCA,Lecturer,Data Science|Deep Learning|Algorithms,0,1,0.55,6,0.6,0
I am facing difficulty in Python and need clarification.,Python,CSE,Lecturer,Algorithms|Java|Cloud Computing|Python|Statistics,1,1,0.55,7,0.5333,1
Can you explain an issue related to Algorithms?,Algorithms,MCA,Lecturer,Software Engineering|Data Structures,0,1,0.55,13,0.1333,1
Could you help me with the Advanced Computer Networks syllabus?,Advanced Computer Networks,IT,Lecturer,Deep Learning|Advanced Computer Networks,1,1,0.55,6,0.6,1
I am facing difficulty in DBMS and need clarification.,DBMS,CSE,Lecturer,Data Science|Operating Systems|Computer Networks,0,1,0.55,8,0.4667,0
I need help understanding Data Science.,Data Science,CSE,Associate Professor,Java|Operating Systems|Cloud Computing|Deep Learning,0,1,0.85,10,0.3333,1
Can you explain an issue related to Deep Learning?,Deep Learning,IT,Lecturer,Advanced DBMS|Machine Learning|Statistics|Operating Systems,0,1,0.55,2,0.8667,0
Could you help me with the Operating Systems syllabus?,Operating Systems,IT,Associate Professor,Data Science|Data Structures|Cloud Computing|Python|Java,0,1,0.85,0,1.0,1
Please clarify the Python topic related to my course.,Python,MCA,Assistant Professor,Cloud Computing|Software Engineering|Java,0,1,0.7,1,0.9333,1
I have an academic query regarding Advanced DBMS.,Advanced DBMS,MCA,Associate Professor,Python,0,1,0.85,9,0.4,1
Could you help me with the Deep Learning syllabus?,Deep Learning,CSE,Lecturer,Data Structures|Operating Systems|Web Development,0,1,0.55,14,0.0667,0
I have an academic query regarding Artificial Intelligence.,Artificial Intelligence,IT,Associate Professor,Statistics|Computer Networks|Cloud Computing|Deep Learning,0,1,0.85,10,0.3333,0
I need help understanding DBMS.,DBMS,MCA,Professor,Operating Systems|Data Structures|Cloud Computing|Advanced DBMS|Advanced Computer Networks,0,1,1.0,12,0.2,1
I am facing difficulty in Web Development and need clarification.,Web Development,MCA,Lecturer,Artificial Intelligence|Data Science|Deep Learning,0,1,0.55,9,0.4,1
I need guidance with my Advanced Computer Networks assignment.,Advanced Computer Networks,IT,Associate Professor,Web Development|DBMS|Deep Learning|Algorithms,0,1,0.85,13,0.1333,0
Could you help me with the Java syllabus?,Java,CSE,Professor,Machine Learning|Advanced Computer Networks,0,1,1.0,8,0.4667,0
Please clarify the Statistics topic related to my course.,Statistics,IT,Associate Professor,Operating Systems|Java|Python|Data Science,0,1,0.85,5,0.6667,0
I need guidance with my Java assignment.,Java,IT,Associate Professor,Computer Networks|Python|Statistics,0,1,0.85,8,0.4667,0
Can you explain an issue related to Software Engineering?,Software Engineering,MCA,Lecturer,Algorithms,0,1,0.55,2,0.8667,0
I have an academic query regarding Data Structures.,Data Structures,CSE,Lecturer,Artificial Intelligence|Advanced Computer Networks|Web Development,0,1,0.55,1,0.9333,0
I have a question about Artificial Intelligence.,Artificial Intelligence,IT,Assistant Professor,Web Development,0,1,0.7,4,0.7333,0
Could you help me with the Web Development syllabus?,Web Development,IT,Assistant Professor,Software Engineering|Web Development|Machine Learning,1,1,0.7,12,0.2,1
I need guidance with my Deep Learning assignment.,Deep Learning,MCA,Assistant Professor,Statistics|Computer Networks|Python|Advanced Computer Networks|Artificial Intelligence,0,1,0.7,0,1.0,1
I need guidance with my Operating Systems assignment.,Operating Systems,CSE,Assistant Professor,Operating Systems|Data Structures,1,0,0.7,4,0.7333,1
I need guidance with my Operating Systems assignment.,Operating Systems,IT,Professor,Advanced DBMS,0,1,1.0,6,0.6,1
Can you explain an issue related to Machine Learning?,Machine Learning,CSE,Lecturer,Data Science|Python,0,1,0.55,0,1.0,0
I need guidance with my Operating Systems assignment.,Operating Systems,IT,Associate Professor,Advanced DBMS|Cloud Computing,0,1,0.85,10,0.3333,0
I need guidance with my Web Development assignment.,Web Development,IT,Lecturer,Data Structures|Java,0,1,0.55,11,0.2667,0
I need guidance with my Statistics assignment.,Statistics,IT,Associate Professor,Advanced Computer Networks|Java,0,1,0.85,0,1.0,0
I need guidance with my Artificial Intelligence assignment.,Artificial Intelligence,IT,Assistant Professor,Statistics|Advanced DBMS|Cloud Computing|Operating Systems,0,0,0.7,0,1.0,0
I have an academic query regarding Algorithms.,Algorithms,MCA,Associate Professor,Statistics|Computer Networks|Data Science|Python|Machine Learning,0,1,0.85,13,0.1333,0
Could you help me with the Cloud Computing syllabus?,Cloud Computing,IT,Professor,Java|Python|Software Engineering|Computer Networks,0,1,1.0,10,0.3333,0
I am facing difficulty in Statistics and need clarification.,Statistics,MCA,Associate Professor,Statistics|Deep Learning,1,0,0.85,14,0.0667,1
Could you help me with the Python syllabus?,Python,MCA,Professor,Machine Learning|Algorithms,0,1,1.0,4,0.7333,1
I am facing difficulty in Machine Learning and need clarification.,Machine Learning,CSE,Assistant Professor,Data Science|Cloud Computing,0,0,0.7,8,0.4667,0
I have an academic query regarding Computer Networks.,Computer Networks,IT,Associate Professor,DBMS,0,1,0.85,8,0.4667,0
I need help understanding Data Science.,Data Science,IT,Lecturer,Deep Learning|Algorithms,0,1,0.55,0,1.0,1
Could you help me with the Machine Learning syllabus?,Machine Learning,MCA,Lecturer,Advanced DBMS|Artificial Intelligence|Web Development|Computer Networks,0,1,0.55,8,0.4667,0
Can you explain an issue related to Artificial Intelligence?,Artificial Intelligence,IT,Lecturer,Software Engineering|Operating Systems|Advanced Computer Networks|Machine Learning,0,0,0.55,15,0.0,0
Please clarify the Web Development topic related to my course.,Web Development,MCA,Lecturer,Software Engineering|Web Development|Artificial Intelligence,1,0,0.55,0,1.0,1
I need guidance with my Computer Networks assignment.,Computer Networks,MCA,Professor,Cloud Computing,0,1,1.0,7,0.5333,1
I have an academic query regarding Advanced DBMS.,Advanced DBMS,IT,Professor,Algorithms,0,1,1.0,12,0.2,0
I am facing difficulty in Computer Networks and need clarification.,Computer Networks,MCA,Lecturer,Java,0,1,0.55,7,0.5333,1
Could you help me with the DBMS syllabus?,DBMS,MCA,Associate Professor,Cloud Computing|Operating Systems|DBMS,1,1,0.85,1,0.9333,1
Please clarify the Machine Learning topic related to my course.,Machine Learning,CSE,Lecturer,Algorithms|Statistics,0,1,0.55,5,0.6667,1
Please clarify the Deep Learning topic related to my course.,Deep Learning,MCA,Professor,Advanced DBMS|Data Science|Operating Systems|Python,0,1,1.0,1,0.9333,0
I need guidance with my Statistics assignment.,Statistics,MCA,Assistant Professor,Operating Systems|Statistics|Python|Software Engineering,1,1,0.7,10,0.3333,1
I need guidance with my Statistics assignment.,Statistics,CSE,Lecturer,Data Science|Advanced Computer Networks|Cloud Computing|Web Development|Deep Learning,0,1,0.55,14,0.0667,0
Could you help me with the Operating Systems syllabus?,Operating Systems,CSE,Professor,Computer Networks,0,1,1.0,15,0.0,0
Can you explain an issue related to Python?,Python,MCA,Associate Professor,Data Science,0,1,0.85,6,0.6,1
Could you help me with the Data Science syllabus?,Data Science,CSE,Associate Professor,Statistics,0,0,0.85,0,1.0,1
Please clarify the Statistics topic related to my course.,Statistics,CSE,Assistant Professor,Statistics|Web Development|Deep Learning,1,1,0.7,13,0.1333,1
Can you explain an issue related to Software Engineering?,Software Engineering,MCA,Associate Professor,Artificial Intelligence|Deep Learning|Advanced Computer Networks,0,0,0.85,4,0.7333,0
I have a question about Machine Learning.,Machine Learning,MCA,Assistant Professor,Advanced DBMS|Artificial Intelligence|Advanced Computer Networks|Cloud Computing|Algorithms,0,0,0.7,7,0.5333,0
I have an academic query regarding Machine Learning.,Machine Learning,IT,Assistant Professor,Data Science|Software Engineering|Statistics|Web Development|Machine Learning,1,1,0.7,11,0.2667,1
I need help understanding Java.,Java,IT,Associate Professor,Cloud Computing,0,0,0.85,14,0.0667,0
I am facing difficulty in Artificial Intelligence and need clarification.,Artificial Intelligence,MCA,Associate Professor,Deep Learning|Cloud Computing|Operating Systems|Machine Learning,0,1,0.85,3,0.8,0
I am facing difficulty in Software Engineering and need clarification.,Software Engineering,CSE,Associate Professor,DBMS|Artificial Intelligence|Advanced DBMS,0,1,0.85,13,0.1333,0
I have an academic query regarding Deep Learning.,Deep Learning,MCA,Professor,Data Science|Cloud Computing|Operating Systems|Computer Networks,0,1,1.0,13,0.1333,1
I am facing difficulty in Deep Learning and need clarification.,Deep Learning,CSE,Lecturer,Web Development|Java,0,1,0.55,10,0.3333,1
I am facing difficulty in Java and need clarification.,Java,MCA,Assistant Professor,Python|Statistics,0,1,0.7,12,0.2,0
I need help understanding Algorithms.,Algorithms,MCA,Assistant Professor,Cloud Computing,0,1,0.7,12,0.2,1
I need guidance with my Advanced Computer Networks assignment.,Advanced Computer Networks,IT,Lecturer,Deep Learning,0,1,0.55,0,1.0,0
Could you help me with the Machine Learning syllabus?,Machine Learning,IT,Lecturer,Web Development,0,1,0.55,3,0.8,0
Could you help me with the Advanced Computer Networks syllabus?,Advanced Computer Networks,MCA,Associate Professor,Java,0,1,0.85,15,0.0,1
I need help understanding Artificial Intelligence.,Artificial Intelligence,IT,Professor,Web Development|Advanced Computer Networks|Deep Learning,0,1,1.0,9,0.4,1
Can you explain an issue related to Data Science?,Data Science,CSE,Associate Professor,Data Structures|Artificial Intelligence|Advanced DBMS|Web Development|Software Engineering,0,1,0.85,12,0.2,1
Can you explain an issue related to Data Science?,Data Science,IT,Professor,Artificial Intelligence|Computer Networks|DBMS,0,0,1.0,8,0.4667,0
I need help understanding Software Engineering.,Software Engineering,MCA,Assistant Professor,Data Structures|Machine Learning|Web Development|Operating Systems,0,1,0.7,7,0.5333,1
I am facing difficulty in Java and need clarification.,Java,IT,Assistant Professor,Software Engineering,0,1,0.7,4,0.7333,1
Can you explain an issue related to Java?,Java,MCA,Professor,Software Engineering|Java|Advanced Computer Networks|DBMS|Artificial Intelligence,1,1,1.0,6,0.6,1
I need help understanding Java.,Java,IT,Lecturer,Advanced DBMS,0,1,0.55,10,0.3333,1
Can you explain an issue related to Machine Learning?,Machine Learning,IT,Assistant Professor,Operating Systems|DBMS|Computer Networks,0,1,0.7,15,0.0,0
Can you explain an issue related to Deep Learning?,Deep Learning,MCA,Assistant Professor,Deep Learning|DBMS|Python|Cloud Computing|Operating Systems,1,0,0.7,12,0.2,0
I am facing difficulty in Operating Systems and need clarification.,Operating Systems,MCA,Assistant Professor,Statistics,0,0,0.7,8,0.4667,0
I need guidance with my Software Engineering assignment.,Software Engineering,CSE,Associate Professor,Java|Cloud Computing,0,0,0.85,12,0.2,0
I need guidance with my Deep Learning assignment.,Deep Learning,CSE,Associate Professor,Algorithms,0,1,0.85,14,0.0667,1
I have a question about DBMS.,DBMS,IT,Assistant Professor,Operating Systems|Statistics|Data Science,0,1,0.7,10,0.3333,1
I have an academic query regarding Web Development.,Web Development,CSE,Assistant Professor,Data Structures|Machine Learning|Advanced Computer Networks,0,1,0.7,9,0.4,0
Can you explain an issue related to Deep Learning?,Deep Learning,MCA,Associate Professor,Advanced DBMS,0,1,0.85,1,0.9333,0
I have a question about Computer Networks.,Computer Networks,CSE,Assistant Professor,Advanced DBMS|DBMS|Statistics|Algorithms|Data Structures,0,1,0.7,3,0.8,0
Please clarify the Computer Networks topic related to my course.,Computer Networks,CSE,Associate Professor,Deep Learning|Algorithms|Computer Networks,1,1,0.85,11,0.2667,1
Please clarify the Operating Systems topic related to my course.,Operating Systems,MCA,Professor,Deep Learning|Machine Learning|Python|Algorithms|DBMS,0,1,1.0,14,0.0667,0
I need help understanding Advanced DBMS.,Advanced DBMS,IT,Associate Professor,Data Structures|Operating Systems|DBMS,0,1,0.85,0,1.0,0
I need guidance with my Statistics assignment.,Statistics,CSE,Professor,Statistics|Algorithms,1,1,1.0,10,0.3333,1
I have a question about Computer Networks.,Computer Networks,IT,Professor,Deep Learning|Statistics|DBMS|Algorithms|Advanced Computer Networks,0,1,1.0,8,0.4667,1
Could you help me with the Computer Networks syllabus?,Computer Networks,MCA,Associate Professor,Machine Learning|Cloud Computing,0,1,0.85,3,0.8,0
I have an academic query regarding Python.,Python,IT,Assistant Professor,DBMS,0,1,0.7,7,0.5333,0
Could you help me with the Python syllabus?,Python,MCA,Lecturer,Statistics|DBMS|Operating Systems,0,1,0.55,5,0.6667,1
Please clarify the Python topic related to my course.,Python,CSE,Associate Professor,Machine Learning|Data Science|Operating Systems|Algorithms,0,1,0.85,0,1.0,0
I am facing difficulty in Data Structures and need clarification.,Data Structures,IT,Professor,Advanced Computer Networks,0,1,1.0,10,0.3333,0
Can you explain an issue related to DBMS?,DBMS,IT,Lecturer,Algorithms|Advanced DBMS|Cloud Computing|Web Development|Python,0,0,0.55,4,0.7333,1
I need help understanding Data Science.,Data Science,CSE,Professor,Artificial Intelligence,0,0,1.0,13,0.1333,0
Please clarify the Advanced DBMS topic related to my course.,Advanced DBMS,MCA,Lecturer,Cloud Computing|Advanced DBMS|Machine Learning|Algorithms,1,1,0.55,11,0.2667,1
I have an academic query regarding Machine Learning.,Machine Learning,CSE,Professor,Statistics|DBMS,0,1,1.0,5,0.6667,0
Could you help me with the DBMS syllabus?,DBMS,IT,Lecturer,Python|Advanced Computer Networks,0,1,0.55,5,0.6667,0
Can you explain an issue related to Computer Networks?,Computer Networks,IT,Lecturer,Python|Web Development|Java,0,1,0.55,4,0.7333,0
Can you explain an issue related to Advanced Computer Networks?,Advanced Computer Networks,CSE,Assistant Professor,Data Structures|Web Development|Advanced Computer Networks|Software Engineering|Artificial Intelligence,1,0,0.7,7,0.5333,1
I have a question about Data Structures.,Data Structures,IT,Professor,Artificial Intelligence|Data Science|Advanced DBMS|Statistics,0,0,1.0,15,0.0,0
I have an academic query regarding DBMS.,DBMS,IT,Lecturer,Operating Systems,0,1,0.55,1,0.9333,0
I have an academic query regarding Artificial Intelligence.,Artificial Intelligence,CSE,Lecturer,Python|Advanced DBMS|Data Structures|Data Science|Artificial Intelligence,1,1,0.55,3,0.8,1
I have an academic query regarding Artificial Intelligence.,Artificial Intelligence,MCA,Professor,Advanced DBMS|Operating Systems|Data Structures|Cloud Computing,0,1,1.0,15,0.0,1
I am facing difficulty in Machine Learning and need clarification.,Machine Learning,MCA,Associate Professor,Advanced DBMS|Cloud Computing|Data Structures|Web Development,0,1,0.85,0,1.0,0
Can you explain an issue related to Advanced DBMS?,Advanced DBMS,MCA,Professor,Data Science|Web Development|Advanced Computer Networks|Cloud Computing|Data Structures,0,1,1.0,15,0.0,0
Could you help me with the Python syllabus?,Python,CSE,Assistant Professor,DBMS|Python,1,1,0.7,11,0.2667,1
Can you explain an issue related to Data Structures?,Data Structures,MCA,Assistant Professor,Data Science|Data Structures|Machine Learning|Advanced DBMS,1,1,0.7,3,0.8,1
I need guidance with my Cloud Computing assignment.,Cloud Computing,MCA,Assistant Professor,Java|Data Structures,0,1,0.7,1,0.9333,1
I need guidance with my Deep Learning assignment.,Deep Learning,IT,Professor,Statistics|DBMS|Algorithms|Web Development,0,1,1.0,13,0.1333,1
I have a question about Algorithms.,Algorithms,IT,Lecturer,Java|Algorithms,1,1,0.55,14,0.0667,1
Could you help me with the Computer Networks syllabus?,Computer Networks,CSE,Lecturer,Data Science|Deep Learning,0,0,0.55,1,0.9333,1
I need help understanding Advanced Computer Networks.,Advanced Computer Networks,CSE,Lecturer,Artificial Intelligence|Data Science|Software Engineering,0,1,0.55,4,0.7333,1
I need help understanding Advanced DBMS.,Advanced DBMS,MCA,Professor,Algorithms|Web Development|Advanced Computer Networks,0,1,1.0,13,0.1333,0
Could you help me with the Data Structures syllabus?,Data Structures,CSE,Lecturer,Statistics|Web Development|Algorithms,0,1,0.55,4,0.7333,1
I am facing difficulty in Python and need clarification.,Python,CSE,Assistant Professor,Software Engineering,0,1,0.7,8,0.4667,0
I need guidance with my Data Structures assignment.,Data Structures,MCA,Lecturer,Data Structures|Algorithms|Machine Learning,1,1,0.55,1,0.9333,1
I have an academic query regarding Web Development.,Web Development,CSE,Lecturer,Python|Advanced Computer Networks|Deep Learning,0,1,0.55,11,0.2667,1
I need guidance with my Data Structures assignment.,Data Structures,CSE,Assistant Professor,Data Science|Java|Software Engineering|Machine Learning,0,1,0.7,9,0.4,0
Could you help me with the Cloud Computing syllabus?,Cloud Computing,MCA,Associate Professor,Machine Learning|Software Engineering|Java|Advanced DBMS,0,1,0.85,2,0.8667,0
Please clarify the Deep Learning topic related to my course.,Deep Learning,MCA,Lecturer,Web Development|Python|Java,0,1,0.55,5,0.6667,0
Please clarify the Computer Networks topic related to my course.,Computer Networks,MCA,Associate Professor,Artificial Intelligence|Statistics|Software Engineering,0,0,0.85,14,0.0667,0
I have a question about Data Structures.,Data Structures,MCA,Professor,Statistics|Data Structures|DBMS|Software Engineering,1,1,1.0,1,0.9333,1
Can you explain an issue related to Data Structures?,Data Structures,CSE,Associate Professor,Deep Learning|Operating Systems|Data Structures|Python,1,1,0.85,8,0.4667,1
Could you help me with the Java syllabus?,Java,CSE,Lecturer,Computer Networks|Software Engineering|Machine Learning|Data Structures|Python,0,1,0.55,15,0.0,0
Please clarify the Java topic related to my course.,Java,IT,Assistant Professor,Machine Learning|Java|Deep Learning|Data Structures|Cloud Computing,1,1,0.7,10,0.3333,1
Could you help me with the Statistics syllabus?,Statistics,IT,Professor,Python,0,1,1.0,2,0.8667,1
I need guidance with my Data Science assignment.,Data Science,CSE,Assistant Professor,Java|Machine Learning|Artificial Intelligence|Python,0,0,0.7,9,0.4,0
Can you explain an issue related to Statistics?,Statistics,CSE,Assistant Professor,Deep Learning|Advanced DBMS|Computer Networks,0,1,0.7,7,0.5333,1
I have an academic query regarding Statistics.,Statistics,MCA,Professor,Advanced Computer Networks|Web Development|Java|DBMS|Machine Learning,0,1,1.0,7,0.5333,0
I need help understanding Python.,Python,IT,Associate Professor,Advanced DBMS|Web Development,0,1,0.85,1,0.9333,0
Can you explain an issue related to Java?,Java,CSE,Assistant Professor,Artificial Intelligence|Deep Learning|Cloud Computing|Computer Networks,0,0,0.7,14,0.0667,0
I am facing difficulty in Python and need clarification.,Python,MCA,Assistant Professor,DBMS|Software Engineering|Deep Learning|Artificial Intelligence|Advanced Computer Networks,0,1,0.7,4,0.7333,1
I am facing difficulty in Operating Systems and need clarification.,Operating Systems,IT,Professor,Data Structures|Artificial Intelligence,0,1,1.0,12,0.2,1
Could you help me with the Cloud Computing syllabus?,Cloud Computing,MCA,Assistant Professor,Computer Networks|Data Structures|DBMS,0,1,0.7,0,1.0,1
I need help understanding Computer Networks.,Computer Networks,MCA,Assistant Professor,Operating Systems|Artificial Intelligence|Web Development|Computer Networks,1,1,0.7,15,0.0,1
Please clarify the Python topic related to my course.,Python,MCA,Professor,Artificial Intelligence|Operating Systems|Python,1,1,1.0,7,0.5333,0
I need help understanding Algorithms.,Algorithms,MCA,Associate Professor,Data Structures|Web Development|Data Science|DBMS,0,1,0.85,9,0.4,0
I have an academic query regarding Cloud Computing.,Cloud Computing,MCA,Associate Professor,Python|Java,0,1,0.85,4,0.7333,0
I have a question about Machine Learning.,Machine Learning,CSE,Assistant Professor,Machine Learning|Cloud Computing,1,0,0.7,3,0.8,0
I am facing difficulty in Data Science and need clarification.,Data Science,CSE,Assistant Professor,DBMS|Algorithms|Advanced DBMS|Software Engineering|Python,0,1,0.7,8,0.4667,1
Please clarify the Machine Learning topic related to my course.,Machine Learning,CSE,Lecturer,Advanced Computer Networks|Data Structures|Advanced DBMS|Statistics|Software Engineering,0,1,0.55,11,0.2667,0
I have a question about Data Structures.,Data Structures,MCA,Assistant Professor,Statistics|Java,0,1,0.7,12,0.2,0
Could you help me with the Machine Learning syllabus?,Machine Learning,CSE,Assistant Professor,Computer Networks|Data Structures|Statistics|Operating Systems,0,1,0.7,4,0.7333,0
I am facing difficulty in Data Science and need clarification.,Data Science,IT,Assistant Professor,Java,0,1,0.7,11,0.2667,1
I need guidance with my Python assignment.,Python,MCA,Assistant Professor,Cloud Computing|Web Development|Data Structures|Advanced DBMS,0,1,0.7,1,0.9333,0
Can you explain an issue related to Cloud Computing?,Cloud Computing,IT,Lecturer,Advanced DBMS|Computer Networks,0,1,0.55,5,0.6667,1
I am facing difficulty in Data Science and need clarification.,Data Science,MCA,Lecturer,Artificial Intelligence|Deep Learning,0,0,0.55,13,0.1333,0
I need help understanding Deep Learning.,Deep Learning,IT,Associate Professor,Advanced Computer Networks|Python|Java|Machine Learning,0,1,0.85,2,0.8667,0
Could you help me with the Machine Learning syllabus?,Machine Learning,MCA,Lecturer,DBMS,0,1,0.55,6,0.6,1
I need help understanding Deep Learning.,Deep Learning,CSE,Professor,Java|Python,0,1,1.0,4,0.7333,1
I have a question about Advanced DBMS.,Advanced DBMS,CSE,Associate Professor,DBMS,0,1,0.85,4,0.7333,0
I need help understanding Data Science.,Data Science,MCA,Professor,DBMS|Statistics,0,1,1.0,5,0.6667,0
I need help understanding Operating Systems.,Operating Systems,IT,Associate Professor,Machine Learning|Algorithms|Java,0,1,0.85,7,0.5333,0
I am facing difficulty in Python and need clarification.,Python,CSE,Professor,Software Engineering|Advanced DBMS|Java|DBMS,0,0,1.0,8,0.4667,0
Can you explain an issue related to Cloud Computing?,Cloud Computing,CSE,Professor,Statistics|Data Structures|Java|Advanced DBMS|Deep Learning,0,1,1.0,8,0.4667,1
I need help understanding Data Science.,Data Science,IT,Lecturer,Machine Learning,0,1,0.55,7,0.5333,0
Can you explain an issue related to Algorithms?,Algorithms,MCA,Professor,Software Engineering|Algorithms|Data Structures,1,1,1.0,13,0.1333,1
I need help understanding Software Engineering.,Software Engineering,MCA,Associate Professor,Python|Algorithms|Web Development,0,1,0.85,14,0.0667,1
I need help understanding Java.,Java,MCA,Associate Professor,Operating Systems,0,1,0.85,5,0.6667,1
I have a question about Data Structures.,Data Structures,MCA,Associate Professor,Artificial Intelligence|Computer Networks|Operating Systems|Advanced DBMS|Data Structures,1,1,0.85,6,0.6,1
Please clarify the Cloud Computing topic related to my course.,Cloud Computing,MCA,Lecturer,Java,0,0,0.55,1,0.9333,0
I need help understanding Operating Systems.,Operating Systems,CSE,Professor,Java|Python,0,0,1.0,5,0.6667,0
Could you help me with the Operating Systems syllabus?,Operating Systems,CSE,Lecturer,Data Science|Advanced Computer Networks|Java|Web Development,0,1,0.55,11,0.2667,1
Can you explain an issue related to Advanced DBMS?,Advanced DBMS,IT,Associate Professor,Statistics|Operating Systems,0,1,0.85,6,0.6,0
I have an academic query regarding Computer Networks.,Computer Networks,IT,Lecturer,Web Development|Artificial Intelligence|Data Structures|Cloud Computing|Java,0,1,0.55,7,0.5333,0
I am facing difficulty in Python and need clarification.,Python,IT,Lecturer,Web Development|Machine Learning|Operating Systems,0,1,0.55,5,0.6667,0
Please clarify the DBMS topic related to my course.,DBMS,MCA,Associate Professor,Data Science|Data Structures,0,1,0.85,13,0.1333,0
Please clarify the Software Engineering topic related to my course.,Software Engineering,IT,Assistant Professor,Java|Cloud Computing|Python|Advanced Computer Networks|DBMS,0,1,0.7,11,0.2667,1
I need help understanding Operating Systems.,Operating Systems,IT,Associate Professor,Cloud Computing|Web Development|Data Science,0,1,0.85,12,0.2,0
I have an academic query regarding Statistics.,Statistics,IT,Professor,Python|DBMS,0,1,1.0,11,0.2667,0
Could you help me with the Deep Learning syllabus?,Deep Learning,MCA,Professor,Web Development|Software Engineering|Artificial Intelligence,0,1,1.0,2,0.8667,1
Can you explain an issue related to Statistics?,Statistics,CSE,Professor,Operating Systems|Machine Learning|Web Development|Advanced DBMS|Java,0,1,1.0,15,0.0,1
Can you explain an issue related to Software Engineering?,Software Engineering,CSE,Associate Professor,Python|Computer Networks|Web Development,0,1,0.85,13,0.1333,0
I need guidance with my DBMS assignment.,DBMS,CSE,Professor,Advanced Computer Networks|Java|Software Engineering,0,1,1.0,6,0.6,0
Could you help me with the DBMS syllabus?,DBMS,IT,Assistant Professor,Deep Learning|Machine Learning,0,1,0.7,10,0.3333,0
I need help understanding Advanced Computer Networks.,Advanced Computer Networks,IT,Professor,Web Development|Advanced Computer Networks|Data Structures|Machine Learning|Statistics,1,0,1.0,5,0.6667,0
I need help understanding Cloud Computing.,Cloud Computing,CSE,Lecturer,Statistics|Data Structures|Data Science,0,1,0.55,12,0.2,0
Please clarify the Data Structures topic related to my course.,Data Structures,CSE,Associate Professor,Statistics,0,0,0.85,0,1.0,0
I have a question about Machine Learning.,Machine Learning,IT,Professor,Deep Learning,0,1,1.0,9,0.4,0
I have a question about Web Development.,Web Development,CSE,Assistant Professor,Deep Learning|Data Structures,0,1,0.7,15,0.0,0
Please clarify the Data Science topic related to my course.,Data Science,CSE,Assistant Professor,Artificial Intelligence|Machine Learning|Python|Cloud Computing|Web Development,0,1,0.7,5,0.6667,0
Could you help me with the Java syllabus?,Java,IT,Associate Professor,Java,1,1,0.85,6,0.6,1
I have an academic query regarding Java.,Java,MCA,Assistant Professor,DBMS,0,1,0.7,14,0.0667,1
I have a question about Computer Networks.,Computer Networks,MCA,Professor,Web Development|Data Science|Deep Learning,0,1,1.0,14,0.0667,0
I need guidance with my Cloud Computing assignment.,Cloud Computing,CSE,Professor,Statistics|Web Development|Python|Machine Learning,0,1,1.0,8,0.4667,0
I am facing difficulty in Artificial Intelligence and need clarification.,Artificial Intelligence,CSE,Lecturer,Web Development,0,1,0.55,4,0.7333,0
I need guidance with my Machine Learning assignment.,Machine Learning,IT,Associate Professor,Python,0,1,0.85,12,0.2,1
I have an academic query regarding Deep Learning.,Deep Learning,MCA,Professor,Advanced DBMS|Algorithms|Software Engineering|Machine Learning,0,1,1.0,11,0.2667,0
I am facing difficulty in Deep Learning and need clarification.,Deep Learning,MCA,Lecturer,Software Engineering,0,0,0.55,0,1.0,0
I need help understanding Advanced DBMS.,Advanced DBMS,CSE,Assistant Professor,Deep Learning|Machine Learning,0,1,0.7,15,0.0,0
I need help understanding DBMS.,DBMS,MCA,Lecturer,Python|Machine Learning,0,1,0.55,9,0.4,0
Can you explain an issue related to Java?,Java,MCA,Lecturer,Software Engineering,0,1,0.55,4,0.7333,1
Please clarify the Advanced Computer Networks topic related to my course.,Advanced Computer Networks,CSE,Professor,Data Science,0,0,1.0,7,0.5333,0
Please clarify the Operating Systems topic related to my course.,Operating Systems,MCA,Professor,Data Structures|Deep Learning|Artificial Intelligence|Software Engineering|Web Development,0,0,1.0,14,0.0667,0
I need guidance with my DBMS assignment.,DBMS,IT,Associate Professor,Data Structures|Statistics|Software Engineering|DBMS|Web Development,1,1,0.85,8,0.4667,1
I am facing difficulty in Operating Systems and need clarification.,Operating Systems,IT,Associate Professor,Python|Machine Learning|Artificial Intelligence,0,1,0.85,8,0.4667,0
Please clarify the Advanced Computer Networks topic related to my course.,Advanced Computer Networks,IT,Lecturer,Cloud Computing|Software Engineering|Statistics|DBMS|Operating Systems,0,1,0.55,2,0.8667,1
Can you explain an issue related to Advanced DBMS?,Advanced DBMS,IT,Associate Professor,DBMS|Operating Systems|Deep Learning|Data Science,0,1,0.85,15,0.0,0
I have a question about Cloud Computing.,Cloud Computing,CSE,Lecturer,Artificial Intelligence|Data Science|Advanced Computer Networks|Algorithms|Operating Systems,0,1,0.55,4,0.7333,1
I am facing difficulty in Data Structures and need clarification.,Data Structures,IT,Associate Professor,Artificial Intelligence|Advanced Computer Networks|Deep Learning,0,1,0.85,3,0.8,0
I have a question about Advanced DBMS.,Advanced DBMS,MCA,Associate Professor,Software Engineering|Cloud Computing,0,1,0.85,12,0.2,0
Could you help me with the Artificial Intelligence syllabus?,Artificial Intelligence,CSE,Associate Professor,Python|Deep Learning|Data Structures|Artificial Intelligence|Computer Networks,1,1,0.85,12,0.2,1
I need help understanding Software Engineering.,Software Engineering,MCA,Professor,Operating Systems,0,1,1.0,7,0.5333,0
Can you explain an issue related to Algorithms?,Algorithms,CSE,Lecturer,Software Engineering|Data Science,0,1,0.55,13,0.1333,1
I am facing difficulty in Computer Networks and need clarification.,Computer Networks,IT,Assistant Professor,Cloud Computing,0,1,0.7,12,0.2,0
I have a question about Software Engineering.,Software Engineering,MCA,Assistant Professor,Data Science|Data Structures|Python,0,1,0.7,1,0.9333,0
I need guidance with my Computer Networks assignment.,Computer Networks,MCA,Lecturer,Advanced DBMS|Web Development|Data Science|Algorithms|Software Engineering,0,1,0.55,1,0.9333,1
Could you help me with the Software Engineering syllabus?,Software Engineering,CSE,Assistant Professor,Java,0,1,0.7,4,0.7333,1
Please clarify the Artificial Intelligence topic related to my course.,Artificial Intelligence,CSE,Professor,Data Science|Advanced DBMS|Java,0,1,1.0,1,0.9333,0
Please clarify the Deep Learning topic related to my course.,Deep Learning,IT,Professor,Computer Networks|Software Engineering|Advanced Computer Networks,0,1,1.0,0,1.0,1
I have a question about Statistics.,Statistics,CSE,Assistant Professor,Artificial Intelligence|Deep Learning|Cloud Computing|Advanced Computer Networks|Computer Networks,0,1,0.7,11,0.2667,1
I need help understanding Operating Systems.,Operating Systems,MCA,Lecturer,Computer Networks|Deep Learning|Advanced DBMS,0,1,0.55,11,0.2667,0
Can you explain an issue related to Advanced DBMS?,Advanced DBMS,IT,Assistant Professor,Advanced Computer Networks,0,0,0.7,12,0.2,1
I need guidance with my Machine Learning assignment.,Machine Learning,MCA,Lecturer,Java|Software Engineering|Advanced Computer Networks|Algorithms,0,1,0.55,12,0.2,0
I need help understanding Computer Networks.,Computer Networks,CSE,Professor,Advanced Computer Networks|Operating Systems|Python,0,1,1.0,15,0.0,0
Please clarify the Algorithms topic related to my course.,Algorithms,MCA,Professor,Machine Learning|Statistics,0,1,1.0,0,1.0,1
Please clarify the Data Science topic related to my course.,Data Science,MCA,Professor,DBMS|Data Science,1,1,1.0,7,0.5333,1
Could you help me with the Cloud Computing syllabus?,Cloud Computing,MCA,Professor,Statistics|Web Development|Advanced Computer Networks|Algorithms|Operating Systems,0,1,1.0,11,0.2667,1
I have an academic query regarding Cloud Computing.,Cloud Computing,MCA,Professor,Cloud Computing|Operating Systems|DBMS|Statistics,1,0,1.0,1,0.9333,1
Please clarify the Cloud Computing topic related to my course.,Cloud Computing,IT,Professor,DBMS|Data Structures|Web Development|Artificial Intelligence,0,0,1.0,14,0.0667,0
I need help understanding Data Science.,Data Science,CSE,Assistant Professor,Advanced DBMS,0,1,0.7,0,1.0,0
Could you help me with the Data Structures syllabus?,Data Structures,IT,Assistant Professor,Web Development|Python|Java|Artificial Intelligence,0,0,0.7,10,0.3333,0
I need help understanding Operating Systems.,Operating Systems,IT,Associate Professor,Statistics|Operating Systems,1,1,0.85,2,0.8667,1
Can you explain an issue related to Advanced Computer Networks?,Advanced Computer Networks,IT,Assistant Professor,Statistics|Software Engineering|Machine Learning|Cloud Computing|Python,0,1,0.7,8,0.4667,1
I am facing difficulty in Statistics and need clarification.,Statistics,MCA,Lecturer,Machine Learning,0,1,0.55,14,0.0667,0
I have a question about Java.,Java,CSE,Lecturer,Deep Learning|Computer Networks,0,1,0.55,5,0.6667,0
Please clarify the Data Science topic related to my course.,Data Science,MCA,Assistant Professor,Advanced DBMS|Algorithms|Operating Systems|Cloud Computing|Data Structures,0,1,0.7,6,0.6,1
Could you help me with the Python syllabus?,Python,MCA,Associate Professor,Software Engineering,0,1,0.85,0,1.0,0
I need help understanding Machine Learning.,Machine Learning,MCA,Professor,Software Engineering|Python|Operating Systems|Java,0,1,1.0,5,0.6667,0
I have an academic query regarding Web Development.,Web Development,CSE,Assistant Professor,DBMS|Computer Networks|Operating Systems|Software Engineering|Advanced DBMS,0,1,0.7,1,0.9333,0
Can you explain an issue related to Java?,Java,IT,Assistant Professor,Advanced Computer Networks,0,0,0.7,12,0.2,0
Could you help me with the Operating Systems syllabus?,Operating Systems,CSE,Lecturer,Data Science|Deep Learning|DBMS|Statistics|Java,0,1,0.55,1,0.9333,1
Please clarify the Python topic related to my course.,Python,MCA,Associate Professor,Advanced Computer Networks|Artificial Intelligence|Advanced DBMS|Python|Deep Learning,1,1,0.85,0,1.0,1
Can you explain an issue related to Machine Learning?,Machine Learning,CSE,Lecturer,Software Engineering|Data Science|Machine Learning|Advanced DBMS|Algorithms,1,1,0.55,7,0.5333,0
Please clarify the Operating Systems topic related to my course.,Operating Systems,CSE,Professor,Data Structures|DBMS,0,1,1.0,8,0.4667,0
I need guidance with my Data Structures assignment.,Data Structures,MCA,Associate Professor,Data Structures|Deep Learning|DBMS|Python,1,1,0.85,9,0.4,1
I have a question about Data Science.,Data Science,CSE,Assistant Professor,Data Structures|DBMS,0,1,0.7,6,0.6,0
I need guidance with my Machine Learning assignment.,Machine Learning,CSE,Lecturer,Statistics|Python|Advanced DBMS|Data Science,0,1,0.55,10,0.3333,1
Could you help me with the Algorithms syllabus?,Algorithms,IT,Lecturer,Advanced Computer Networks,0,1,0.55,14,0.0667,1
Can you explain an issue related to Artificial Intelligence?,Artificial Intelligence,CSE,Associate Professor,Algorithms|Operating Systems|Machine Learning,0,0,0.85,2,0.8667,0
I have an academic query regarding DBMS.,DBMS,IT,Assistant Professor,Software Engineering|Artificial Intelligence|Python|DBMS,1,1,0.7,5,0.6667,0
I am facing difficulty in Advanced Computer Networks and need clarification.,Advanced Computer Networks,CSE,Assistant Professor,Python|Artificial Intelligence|Advanced Computer Networks|Operating Systems|Algorithms,1,1,0.7,11,0.2667,1
I am facing difficulty in Computer Networks and need clarification.,Computer Networks,MCA,Lecturer,Operating Systems,0,0,0.55,12,0.2,1
Can you explain an issue related to Operating Systems?,Operating Systems,MCA,Lecturer,Data Science|Machine Learning|Data Structures,0,0,0.55,4,0.7333,0
Could you help me with the Python syllabus?,Python,IT,Lecturer,Statistics|Advanced Computer Networks,0,1,0.55,15,0.0,0
I have an academic query regarding Python.,Python,CSE,Professor,Advanced Computer Networks|Java,0,0,1.0,15,0.0,0
I need guidance with my Web Development assignment.,Web Development,MCA,Associate Professor,Operating Systems|Data Science|Cloud Computing|Artificial Intelligence,0,1,0.85,5,0.6667,0
I need guidance with my Software Engineering assignment.,Software Engineering,CSE,Associate Professor,Advanced Computer Networks|Cloud Computing|Data Structures|Advanced DBMS|Computer Networks,0,1,0.85,11,0.2667,0
Could you help me with the Operating Systems syllabus?,Operating Systems,MCA,Associate Professor,Data Structures|Advanced Computer Networks|Java,0,1,0.85,11,0.2667,0
I have an academic query regarding Java.,Java,IT,Associate Professor,Machine Learning|Operating Systems,0,1,0.85,10,0.3333,1
I need help understanding Algorithms.,Algorithms,CSE,Assistant Professor,Computer Networks|Data Science|Machine Learning|Operating Systems|Web Development,0,1,0.7,12,0.2,0
I am facing difficulty in Statistics and need clarification.,Statistics,MCA,Assistant Professor,Data Structures|Python,0,0,0.7,4,0.7333,0
Can you explain an issue related to Artificial Intelligence?,Artificial Intelligence,CSE,Associate Professor,Operating Systems|Advanced Computer Networks|Data Science,0,1,0.85,14,0.0667,0
I have a question about Python.,Python,CSE,Assistant Professor,Operating Systems|Machine Learning,0,1,0.7,8,0.4667,0
I am facing difficulty in Java and need clarification.,Java,IT,Lecturer,Data Structures|Cloud Computing|Web Development|Statistics|Python,0,1,0.55,1,0.9333,0
I need guidance with my Cloud Computing assignment.,Cloud Computing,MCA,Assistant Professor,Algorithms|Advanced DBMS,0,1,0.7,14,0.0667,1
Could you help me with the Statistics syllabus?,Statistics,IT,Lecturer,Algorithms|Artificial Intelligence,0,1,0.55,13,0.1333,1
I am facing difficulty in Advanced DBMS and need clarification.,Advanced DBMS,MCA,Lecturer,Cloud Computing|Algorithms,0,0,0.55,7,0.5333,0
Could you help me with the Computer Networks syllabus?,Computer Networks,MCA,Assistant Professor,Computer Networks,1,0,0.7,3,0.8,1
Please clarify the Deep Learning topic related to my course.,Deep Learning,CSE,Associate Professor,Cloud Computing|Software Engineering|Advanced Computer Networks,0,0,0.85,12,0.2,0
Could you help me with the Data Structures syllabus?,Data Structures,MCA,Associate Professor,Statistics|Advanced DBMS|Artificial Intelligence,0,1,0.85,12,0.2,0
I need guidance with my Statistics assignment.,Statistics,MCA,Lecturer,Cloud Computing,0,0,0.55,2,0.8667,0
I have a question about Statistics.,Statistics,IT,Associate Professor,Statistics|Web Development|Algorithms,1,1,0.85,10,0.3333,0
I need help understanding Data Science.,Data Science,IT,Associate Professor,Artificial Intelligence|Advanced Computer Networks|Cloud Computing,0,1,0.85,8,0.4667,0
Please clarify the Java topic related to my course.,Java,CSE,Professor,Web Development,0,0,1.0,5,0.6667,0
I have a question about Deep Learning.,Deep Learning,IT,Assistant Professor,Statistics,0,1,0.7,0,1.0,0
I have an academic query regarding Software Engineering.,Software Engineering,CSE,Lecturer,Computer Networks|Deep Learning|Algorithms|Machine Learning,0,1,0.55,12,0.2,0
Can you explain an issue related to Python?,Python,MCA,Associate Professor,Cloud Computing|Java,0,1,0.85,10,0.3333,0
Could you help me with the Web Development syllabus?,Web Development,MCA,Associate Professor,Artificial Intelligence|Machine Learning,0,1,0.85,10,0.3333,0
I am facing difficulty in Statistics and need clarification.,Statistics,CSE,Professor,Web Development|Statistics|Advanced Computer Networks,1,1,1.0,3,0.8,1
Can you explain an issue related to Data Science?,Data Science,CSE,Lecturer,DBMS|Web Development|Operating Systems|Deep Learning|Artificial Intelligence,0,1,0.55,8,0.4667,0
Could you help me with the Python syllabus?,Python,CSE,Assistant Professor,Computer Networks|Cloud Computing|Software Engineering|Advanced Computer Networks,0,1,0.7,7,0.5333,0
Could you help me with the Advanced Computer Networks syllabus?,Advanced Computer Networks,CSE,Assistant Professor,Java|Deep Learning|Data Science,0,1,0.7,6,0.6,0
I have an academic query regarding Statistics.,Statistics,MCA,Associate Professor,Cloud Computing,0,0,0.85,0,1.0,0
I have an academic query regarding DBMS.,DBMS,IT,Associate Professor,Artificial Intelligence,0,1,0.85,5,0.6667,1
I need help understanding Computer Networks.,Computer Networks,IT,Assistant Professor,Software Engineering,0,1,0.7,15,0.0,0
I need help understanding Machine Learning.,Machine Learning,IT,Associate Professor,Algorithms|DBMS|Software Engineering|Machine Learning|Statistics,1,1,0.85,0,1.0,1
I have an academic query regarding Data Structures.,Data Structures,MCA,Professor,Web Development,0,0,1.0,11,0.2667,0
I have a question about Algorithms.,Algorithms,CSE,Professor,Machine Learning|Cloud Computing|Operating Systems|Data Science,0,0,1.0,1,0.9333,0
I have an academic query regarding Data Science.,Data Science,CSE,Assistant Professor,Data Structures|Data Science|Machine Learning|Cloud Computing,1,1,0.7,6,0.6,1
Please clarify the Computer Networks topic related to my course.,Computer Networks,MCA,Lecturer,Web Development,0,1,0.55,6,0.6,1
I have a question about Deep Learning.,Deep Learning,CSE,Assistant Professor,Python|DBMS|Java|Machine Learning|Cloud Computing,0,1,0.7,3,0.8,0
I need guidance with my Artificial Intelligence assignment.,Artificial Intelligence,MCA,Lecturer,Artificial Intelligence|Algorithms|Python,1,1,0.55,4,0.7333,1
Please clarify the Java topic related to my course.,Java,IT,Associate Professor,Data Science|Data Structures|Statistics|Machine Learning,0,1,0.85,0,1.0,1
Can you explain an issue related to Python?,Python,IT,Associate Professor,Data Science|Cloud Computing|DBMS|Deep Learning,0,1,0.85,11,0.2667,0
Please clarify the Operating Systems topic related to my course.,Operating Systems,IT,Lecturer,DBMS|Machine Learning,0,1,0.55,13,0.1333,1
I need help understanding Web Development.,Web Development,MCA,Assistant Professor,Data Science|Web Development,1,1,0.7,11,0.2667,0
Please clarify the Java topic related to my course.,Java,IT,Professor,Algorithms|Machine Learning|DBMS,0,1,1.0,10,0.3333,0
I have an academic query regarding Cloud Computing.,Cloud Computing,IT,Associate Professor,Java|Machine Learning,0,0,0.85,14,0.0667,0
Could you help me with the Deep Learning syllabus?,Deep Learning,MCA,Associate Professor,Computer Networks|Deep Learning|Python,1,1,0.85,2,0.8667,1
I have a question about Algorithms.,Algorithms,CSE,Professor,Web Development|DBMS|Machine Learning|Operating Systems|Advanced DBMS,0,1,1.0,12,0.2,0
I need guidance with my Operating Systems assignment.,Operating Systems,IT,Associate Professor,Operating Systems|DBMS|Java|Data Science|Software Engineering,1,0,0.85,4,0.7333,1
I need help understanding Algorithms.,Algorithms,IT,Associate Professor,Machine Learning|Computer Networks|Advanced Computer Networks|Data Science|Deep Learning,0,1,0.85,6,0.6,0
Please clarify the Machine Learning topic related to my course.,Machine Learning,CSE,Lecturer,Java|Web Development|Deep Learning|Algorithms|Data Science,0,1,0.55,14,0.0667,0
Can you explain an issue related to Computer Networks?,Computer Networks,CSE,Professor,Web Development|Deep Learning|Statistics|DBMS|Data Science,0,1,1.0,2,0.8667,0
I need guidance with my Cloud Computing assignment.,Cloud Computing,MCA,Lecturer,Data Science,0,1,0.55,8,0.4667,0
I have an academic query regarding Java.,Java,IT,Professor,Computer Networks|Operating Systems,0,1,1.0,3,0.8,1
I have an academic query regarding Python.,Python,MCA,Assistant Professor,Advanced Computer Networks|Cloud Computing|Artificial Intelligence,0,1,0.7,11,0.2667,0
I need help understanding Operating Systems.,Operating Systems,MCA,Associate Professor,Statistics|Machine Learning|Algorithms|Software Engineering|Data Science,0,1,0.85,4,0.7333,1
I have a question about Operating Systems.,Operating Systems,MCA,Lecturer,Deep Learning|Data Structures|Machine Learning|Software Engineering,0,1,0.55,7,0.5333,1
Could you help me with the Cloud Computing syllabus?,Cloud Computing,IT,Assistant Professor,Software Engineering|Artificial Intelligence,0,1,0.7,12,0.2,0
Can you explain an issue related to Java?,Java,IT,Professor,Data Science,0,1,1.0,5,0.6667,0
I need help understanding Data Science.,Data Science,MCA,Lecturer,Cloud Computing|Python|Advanced DBMS|Algorithms,0,0,0.55,14,0.0667,0
I need help understanding Advanced Computer Networks.,Advanced Computer Networks,IT,Associate Professor,Data Structures|Java|Machine Learning|DBMS,0,1,0.85,9,0.4,0
I need guidance with my Advanced DBMS assignment.,Advanced DBMS,IT,Professor,Operating Systems|Machine Learning|Advanced DBMS|Deep Learning,1,1,1.0,0,1.0,1
I need guidance with my Data Science assignment.,Data Science,IT,Assistant Professor,Data Structures|Artificial Intelligence,0,1,0.7,7,0.5333,0
I have an academic query regarding Statistics.,Statistics,CSE,Associate Professor,Data Science,0,1,0.85,15,0.0,1
I need guidance with my Deep Learning assignment.,Deep Learning,MCA,Assistant Professor,Artificial Intelligence|Web Development|Algorithms|Advanced Computer Networks|Java,0,1,0.7,2,0.8667,0
Please clarify the Artificial Intelligence topic related to my course.,Artificial Intelligence,IT,Assistant Professor,Web Development|Data Structures|Artificial Intelligence|Java|Computer Networks,1,1,0.7,10,0.3333,1
I have a question about Algorithms.,Algorithms,MCA,Associate Professor,Java|DBMS|Algorithms|Cloud Computing|Operating Systems,1,1,0.85,5,0.6667,1
I need help understanding Advanced DBMS.,Advanced DBMS,MCA,Associate Professor,Artificial Intelligence|Statistics|Data Structures|Computer Networks|Advanced DBMS,1,1,0.85,7,0.5333,1
I need guidance with my Machine Learning assignment.,Machine Learning,CSE,Assistant Professor,Data Structures|Deep Learning|Algorithms|Machine Learning,1,1,0.7,12,0.2,1
I have a question about Advanced Computer Networks.,Advanced Computer Networks,MCA,Associate Professor,DBMS,0,1,0.85,2,0.8667,1
I have an academic query regarding Deep Learning.,Deep Learning,MCA,Associate Professor,Java,0,1,0.85,9,0.4,1
I am facing difficulty in Advanced Computer Networks and need clarification.,Advanced Computer Networks,CSE,Lecturer,Data Science|Web Development|Advanced DBMS|Python|Java,0,1,0.55,4,0.7333,0
I am facing difficulty in Data Science and need clarification.,Data Science,IT,Associate Professor,Machine Learning|Java|Algorithms|Advanced Computer Networks,0,1,0.85,15,0.0,0
I have an academic query regarding Advanced DBMS.,Advanced DBMS,CSE,Lecturer,Software Engineering|Java|Machine Learning|Statistics|Deep Learning,0,1,0.55,14,0.0667,0
I am facing difficulty in Cloud Computing and need clarification.,Cloud Computing,CSE,Associate Professor,Cloud Computing|Computer Networks|Deep Learning|Java,1,1,0.85,0,1.0,1
Please clarify the Deep Learning topic related to my course.,Deep Learning,MCA,Assistant Professor,Python|Machine Learning|Data Structures|Cloud Computing,0,1,0.7,5,0.6667,1
Can you explain an issue related to Artificial Intelligence?,Artificial Intelligence,MCA,Lecturer,Java,0,1,0.55,11,0.2667,0
Please clarify the Advanced Computer Networks topic related to my course.,Advanced Computer Networks,IT,Associate Professor,Artificial Intelligence|Java,0,1,0.85,3,0.8,0
I need guidance with my Software Engineering assignment.,Software Engineering,CSE,Lecturer,Java|Software Engineering|Data Structures,1,1,0.55,15,0.0,1
I am facing difficulty in Artificial Intelligence and need clarification.,Artificial Intelligence,MCA,Professor,Algorithms|Statistics|Artificial Intelligence,1,1,1.0,1,0.9333,1
I have an academic query regarding Deep Learning.,Deep Learning,CSE,Assistant Professor,Cloud Computing|Data Science|Artificial Intelligence|Computer Networks|DBMS,0,1,0.7,12,0.2,0
I have a question about Python.,Python,IT,Assistant Professor,Computer Networks|Statistics|Machine Learning|Cloud Computing,0,1,0.7,15,0.0,0
I have an academic query regarding Data Structures.,Data Structures,IT,Professor,Statistics|Artificial Intelligence|Machine Learning,0,0,1.0,15,0.0,0
I have an academic query regarding Operating Systems.,Operating Systems,MCA,Professor,Algorithms|Operating Systems,1,1,1.0,8,0.4667,1
I am facing difficulty in Advanced Computer Networks and need clarification.,Advanced Computer Networks,CSE,Associate Professor,Cloud Computing|Software Engineering|Data Science|DBMS,0,1,0.85,12,0.2,0
I am facing difficulty in Deep Learning and need clarification.,Deep Learning,MCA,Professor,Artificial Intelligence|Advanced DBMS|Web Development|Advanced Computer Networks,0,1,1.0,7,0.5333,1
Can you explain an issue related to Statistics?,Statistics,CSE,Lecturer,Data Structures|Java|Advanced DBMS|Web Development,0,1,0.55,7,0.5333,0
I need guidance with my Deep Learning assignment.,Deep Learning,IT,Professor,Software Engineering|Algorithms|Advanced DBMS,0,0,1.0,3,0.8,0
I have a question about Operating Systems.,Operating Systems,IT,Assistant Professor,Statistics|Data Structures|Python,0,1,0.7,14,0.0667,0
Can you explain an issue related to Algorithms?,Algorithms,CSE,Professor,Web Development|Python|Deep Learning,0,1,1.0,0,1.0,1
I need help understanding Deep Learning.,Deep Learning,CSE,Professor,Algorithms|Advanced DBMS,0,0,1.0,5,0.6667,1
I need help understanding Web Development.,Web Development,CSE,Lecturer,Operating Systems|Machine Learning,0,1,0.55,10,0.3333,0
I need help understanding Python.,Python,MCA,Lecturer,Java|Web Development|Computer Networks|Advanced DBMS,0,1,0.55,12,0.2,0
I have an academic query regarding Operating Systems.,Operating Systems,MCA,Lecturer,DBMS|Data Structures|Cloud Computing,0,1,0.55,5,0.6667,1
I have a question about Artificial Intelligence.,Artificial Intelligence,MCA,Lecturer,Cloud Computing|Machine Learning|Advanced Computer Networks,0,1,0.55,10,0.3333,1
I need guidance with my Deep Learning assignment.,Deep Learning,IT,Assistant Professor,Statistics|Software Engineering|Data Science|Java|Computer Networks,0,1,0.7,7,0.5333,0
I have a question about Machine Learning.,Machine Learning,MCA,Associate Professor,Deep Learning|Python,0,1,0.85,6,0.6,0
I need guidance with my Web Development assignment.,Web Development,IT,Professor,Web Development|Machine Learning|Computer Networks|Java,1,1,1.0,3,0.8,1
I have a question about Data Structures.,Data Structures,CSE,Assistant Professor,DBMS|Computer Networks|Algorithms,0,1,0.7,8,0.4667,1
Could you help me with the Machine Learning syllabus?,Machine Learning,IT,Associate Professor,Cloud Computing,0,1,0.85,1,0.9333,1
Could you help me with the DBMS syllabus?,DBMS,MCA,Associate Professor,Web Development,0,1,0.85,14,0.0667,0
Can you explain an issue related to Algorithms?,Algorithms,IT,Associate Professor,Software Engineering|Data Science|Advanced DBMS|Operating Systems|Computer Networks,0,1,0.85,2,0.8667,0
I have a question about Operating Systems.,Operating Systems,MCA,Associate Professor,Algorithms,0,0,0.85,9,0.4,0
Can you explain an issue related to Statistics?,Statistics,CSE,Associate Professor,DBMS|Statistics,1,1,0.85,10,0.3333,0
I am facing difficulty in Cloud Computing and need clarification.,Cloud Computing,CSE,Assistant Professor,Cloud Computing|Machine Learning,1,1,0.7,12,0.2,0
I need help understanding Data Structures.,Data Structures,CSE,Associate Professor,Data Structures|Machine Learning|Algorithms|Statistics|Software Engineering,1,1,0.85,1,0.9333,1
I have an academic query regarding DBMS.,DBMS,MCA,Associate Professor,Advanced DBMS|DBMS|Deep Learning,1,1,0.85,10,0.3333,1
Could you help me with the Data Structures syllabus?,Data Structures,MCA,Lecturer,Advanced DBMS|Operating Systems,0,1,0.55,12,0.2,0
I have an academic query regarding Machine Learning.,Machine Learning,CSE,Professor,Software Engineering|Deep Learning,0,1,1.0,11,0.2667,0
Please clarify the DBMS topic related to my course.,DBMS,CSE,Associate Professor,Algorithms|Machine Learning,0,1,0.85,9,0.4,0
I need guidance with my Cloud Computing assignment.,Cloud Computing,IT,Professor,Algorithms|Cloud Computing|Machine Learning,1,1,1.0,13,0.1333,1
Could you help me with the Operating Systems syllabus?,Operating Systems,CSE,Professor,Machine Learning|Operating Systems|Deep Learning|Advanced Computer Networks|Software Engineering,1,0,1.0,5,0.6667,1
I am facing difficulty in Statistics and need clarification.,Statistics,MCA,Assistant Professor,Computer Networks,0,1,0.7,5,0.6667,1
Please clarify the Advanced DBMS topic related to my course.,Advanced DBMS,CSE,Lecturer,Python|Cloud Computing|Data Science,0,1,0.55,11,0.2667,0
Please clarify the Machine Learning topic related to my course.,Machine Learning,CSE,Assistant Professor,Advanced Computer Networks|Advanced DBMS|Software Engineering|Artificial Intelligence,0,1,0.7,15,0.0,0
I need help understanding Artificial Intelligence.,Artificial Intelligence,CSE,Assistant Professor,Advanced DBMS,0,1,0.7,5,0.6667,0
Can you explain an issue related to Artificial Intelligence?,Artificial Intelligence,CSE,Assistant Professor,DBMS|Data Structures,0,0,0.7,4,0.7333,0
I need help understanding Operating Systems.,Operating Systems,MCA,Lecturer,Algorithms|Cloud Computing|Machine Learning,0,1,0.55,11,0.2667,0
Can you explain an issue related to Advanced DBMS?,Advanced DBMS,IT,Assistant Professor,Data Structures|Advanced Computer Networks|Computer Networks,0,1,0.7,15,0.0,0
Can you explain an issue related to Advanced Computer Networks?,Advanced Computer Networks,IT,Assistant Professor,Data Structures,0,1,0.7,6,0.6,0
I have a question about Cloud Computing.,Cloud Computing,IT,Professor,Advanced DBMS|Cloud Computing|Computer Networks,1,1,1.0,12,0.2,1
I need guidance with my Data Science assignment.,Data Science,CSE,Assistant Professor,Python|Advanced Computer Networks|Data Science|Statistics,1,1,0.7,4,0.7333,1
Can you explain an issue related to Data Science?,Data Science,IT,Associate Professor,Data Science|Operating Systems|Advanced Computer Networks|Software Engineering,1,1,0.85,4,0.7333,1
I need help understanding Advanced Computer Networks.,Advanced Computer Networks,CSE,Professor,DBMS|Deep Learning|Algorithms,0,1,1.0,9,0.4,0
I need guidance with my Algorithms assignment.,Algorithms,IT,Associate Professor,Advanced DBMS|DBMS|Python|Computer Networks|Web Development,0,1,0.85,8,0.4667,0
Can you explain an issue related to Operating Systems?,Operating Systems,MCA,Lecturer,DBMS|Advanced Computer Networks|Web Development|Statistics,0,1,0.55,12,0.2,0
Could you help me with the DBMS syllabus?,DBMS,CSE,Professor,Advanced DBMS|Artificial Intelligence|Cloud Computing|Java,0,0,1.0,3,0.8,0
Can you explain an issue related to Artificial Intelligence?,Artificial Intelligence,IT,Professor,Data Structures|Data Science|Java|Operating Systems|Software Engineering,0,1,1.0,8,0.4667,1
I need guidance with my Advanced Computer Networks assignment.,Advanced Computer Networks,CSE,Associate Professor,DBMS|Operating Systems|Cloud Computing|Data Structures,0,1,0.85,4,0.7333,1
I need help understanding Operating Systems.,Operating Systems,MCA,Lecturer,Advanced Computer Networks|DBMS|Web Development|Statistics,0,1,0.55,15,0.0,1
Can you explain an issue related to Deep Learning?,Deep Learning,CSE,Assistant Professor,DBMS|Python,0,1,0.7,3,0.8,0
Please clarify the Advanced DBMS topic related to my course.,Advanced DBMS,IT,Lecturer,Web Development|Deep Learning|Machine Learning,0,1,0.55,12,0.2,0
Could you help me with the Software Engineering syllabus?,Software Engineering,MCA,Lecturer,Java|Python,0,0,0.55,7,0.5333,0
I have an academic query regarding Software Engineering.,Software Engineering,IT,Professor,Statistics|Python|Software Engineering,1,1,1.0,12,0.2,1
Please clarify the Algorithms topic related to my course.,Algorithms,MCA,Professor,Artificial Intelligence|Computer Networks|Statistics|Data Structures|Python,0,1,1.0,4,0.7333,1
I need guidance with my Artificial Intelligence assignment.,Artificial Intelligence,IT,Assistant Professor,Python|Web Development|Software Engineering|Data Science,0,1,0.7,6,0.6,0
Could you help me with the Artificial Intelligence syllabus?,Artificial Intelligence,CSE,Lecturer,Web Development|Data Structures|Java|Statistics,0,0,0.55,2,0.8667,0
I need guidance with my Software Engineering assignment.,Software Engineering,IT,Lecturer,Machine Learning|Advanced DBMS|Artificial Intelligence|Deep Learning,0,1,0.55,9,0.4,0
Please clarify the Deep Learning topic related to my course.,Deep Learning,CSE,Associate Professor,Data Science|Operating Systems|Deep Learning|Python,1,1,0.85,4,0.7333,1
I have an academic query regarding Software Engineering.,Software Engineering,MCA,Lecturer,Deep Learning|Algorithms,0,1,0.55,8,0.4667,0
Please clarify the DBMS topic related to my course.,DBMS,MCA,Associate Professor,Advanced DBMS,0,1,0.85,4,0.7333,0
I need help understanding Algorithms.,Algorithms,MCA,Professor,Data Science|Advanced Computer Networks|DBMS|Algorithms|Deep Learning,1,1,1.0,10,0.3333,1
I have an academic query regarding Web Development.,Web Development,IT,Associate Professor,Python|Data Science|Operating Systems|Web Development|Deep Learning,1,1,0.85,15,0.0,1
I have an academic query regarding Python.,Python,MCA,Assistant Professor,Computer Networks,0,1,0.7,13,0.1333,0
Can you explain an issue related to Advanced Computer Networks?,Advanced Computer Networks,MCA,Lecturer,Artificial Intelligence,0,0,0.55,12,0.2,0
I need help understanding Web Development.,Web Development,CSE,Lecturer,Web Development,1,0,0.55,6,0.6,1
I need help understanding Python.,Python,CSE,Professor,Software Engineering|DBMS|Web Development|Python,1,1,1.0,12,0.2,0
Could you help me with the Operating Systems syllabus?,Operating Systems,CSE,Professor,Data Structures|Java,0,1,1.0,3,0.8,0
I need guidance with my Deep Learning assignment.,Deep Learning,IT,Professor,Advanced DBMS|Web Development|DBMS|Java,0,1,1.0,3,0.8,0
Can you explain an issue related to Advanced Computer Networks?,Advanced Computer Networks,IT,Lecturer,Deep Learning|Computer Networks|Data Structures,0,0,0.55,13,0.1333,0
Can you explain an issue related to Software Engineering?,Software Engineering,CSE,Assistant Professor,Artificial Intelligence|Software Engineering|Machine Learning|Computer Networks,1,0,0.7,10,0.3333,1
Could you help me with the Statistics syllabus?,Statistics,IT,Professor,Advanced Computer Networks|Cloud Computing|Data Structures|Machine Learning,0,1,1.0,8,0.4667,0
Could you help me with the Web Development syllabus?,Web Development,MCA,Professor,Deep Learning|Statistics,0,1,1.0,9,0.4,0
Please clarify the Statistics topic related to my course.,Statistics,MCA,Lecturer,DBMS|Machine Learning|Data Structures|Algorithms,0,1,0.55,5,0.6667,0
I am facing difficulty in Deep Learning and need clarification.,Deep Learning,IT,Lecturer,Statistics|Python|Web Development|Data Structures,0,0,0.55,12,0.2,0
I have a question about Operating Systems.,Operating Systems,MCA,Professor,DBMS|Web Development|Advanced DBMS|Deep Learning|Machine Learning,0,1,1.0,10,0.3333,0
I am facing difficulty in Operating Systems and need clarification.,Operating Systems,CSE,Professor,Deep Learning|Java|Web Development|Data Structures,0,1,1.0,8,0.4667,1
Please clarify the DBMS topic related to my course.,DBMS,CSE,Lecturer,Java|Web Development|Advanced Computer Networks,0,1,0.55,1,0.9333,0
I have a question about Operating Systems.,Operating Systems,MCA,Assistant Professor,Web Development,0,1,0.7,13,0.1333,0
Could you help me with the Computer Networks syllabus?,Computer Networks,IT,Assistant Professor,Advanced DBMS|Data Structures|Deep Learning,0,1,0.7,6,0.6,1
Please clarify the Algorithms topic related to my course.,Algorithms,IT,Associate Professor,Computer Networks|Web Development|Operating Systems,0,1,0.85,11,0.2667,0
I need help understanding Statistics.,Statistics,CSE,Lecturer,Data Structures|Web Development,0,1,0.55,12,0.2,0
I am facing difficulty in DBMS and need clarification.,DBMS,CSE,Assistant Professor,Algorithms|Software Engineering,0,1,0.7,12,0.2,1
I need guidance with my Deep Learning assignment.,Deep Learning,MCA,Lecturer,Software Engineering,0,1,0.55,6,0.6,0
I need help understanding Python.,Python,CSE,Associate Professor,Operating Systems|Web Development|Cloud Computing|Data Science|Computer Networks,0,1,0.85,10,0.3333,0
I have an academic query regarding Operating Systems.,Operating Systems,IT,Lecturer,Machine Learning|Statistics,0,1,0.55,10,0.3333,0
Please clarify the Deep Learning topic related to my course.,Deep Learning,CSE,Associate Professor,Java|Advanced Computer Networks|Machine Learning|DBMS|Data Structures,0,1,0.85,8,0.4667,1
I need help understanding Web Development.,Web Development,CSE,Assistant Professor,Cloud Computing,0,1,0.7,12,0.2,1
I am facing difficulty in Web Development and need clarification.,Web Development,CSE,Assistant Professor,Java,0,1,0.7,11,0.2667,1
I am facing difficulty in Statistics and need clarification.,Statistics,MCA,Associate Professor,Operating Systems|Statistics|Computer Networks,1,1,0.85,7,0.5333,1
Please clarify the Statistics topic related to my course.,Statistics,IT,Lecturer,Artificial Intelligence|Data Science|Java,0,1,0.55,11,0.2667,0
I have a question about Java.,Java,MCA,Lecturer,Advanced Computer Networks|Operating Systems,0,0,0.55,13,0.1333,0
Please clarify the Operating Systems topic related to my course.,Operating Systems,MCA,Professor,Machine Learning|DBMS|Java|Artificial Intelligence,0,1,1.0,4,0.7333,0
Please clarify the Computer Networks topic related to my course.,Computer Networks,IT,Professor,Advanced DBMS,0,1,1.0,11,0.2667,1
I am facing difficulty in Java and need clarification.,Java,CSE,Assistant Professor,Advanced DBMS|Machine Learning|Web Development|Data Structures,0,0,0.7,10,0.3333,0
I have an academic query regarding Data Structures.,Data Structures,MCA,Professor,Algorithms|Web Development|Advanced Computer Networks,0,1,1.0,9,0.4,1
I have an academic query regarding Java.,Java,MCA,Lecturer,Computer Networks|Data Structures,0,0,0.55,7,0.5333,0
I have an academic query regarding Software Engineering.,Software Engineering,CSE,Professor,Machine Learning|Computer Networks|Web Development|DBMS|Operating Systems,0,1,1.0,1,0.9333,0
I have an academic query regarding Artificial Intelligence.,Artificial Intelligence,MCA,Professor,Software Engineering,0,1,1.0,12,0.2,0
Please clarify the Operating Systems topic related to my course.,Operating Systems,IT,Professor,Web Development|Advanced Computer Networks,0,0,1.0,9,0.4,0
I have a question about Algorithms.,Algorithms,IT,Lecturer,Computer Networks|Java,0,1,0.55,7,0.5333,0
Could you help me with the Statistics syllabus?,Statistics,MCA,Associate Professor,Advanced DBMS,0,1,0.85,12,0.2,0
I have a question about Computer Networks.,Computer Networks,IT,Associate Professor,Artificial Intelligence|Cloud Computing,0,1,0.85,3,0.8,0
I need guidance with my Machine Learning assignment.,Machine Learning,MCA,Associate Professor,Advanced Computer Networks|Cloud Computing|Java|Python|Data Structures,0,0,0.85,4,0.7333,0
Can you explain an issue related to Statistics?,Statistics,IT,Assistant Professor,Web Development|Software Engineering,0,1,0.7,2,0.8667,0
I have a question about Web Development.,Web Development,CSE,Lecturer,Data Structures|Cloud Computing,0,1,0.55,12,0.2,1
I have a question about Advanced DBMS.,Advanced DBMS,MCA,Assistant Professor,DBMS|Machine Learning|Deep Learning|Algorithms|Advanced Computer Networks,0,1,0.7,2,0.8667,1
I need guidance with my Machine Learning assignment.,Machine Learning,IT,Professor,Web Development|Algorithms,0,1,1.0,12,0.2,0
Can you explain an issue related to Advanced Computer Networks?,Advanced Computer Networks,IT,Professor,Cloud Computing,0,0,1.0,15,0.0,0
I have an academic query regarding Data Structures.,Data Structures,MCA,Lecturer,Python|Computer Networks|Cloud Computing|DBMS,0,1,0.55,1,0.9333,0
I have a question about Cloud Computing.,Cloud Computing,CSE,Associate Professor,Web Development|Data Structures,0,1,0.85,5,0.6667,1
I have a question about Deep Learning.,Deep Learning,IT,Assistant Professor,Java|Data Structures|Operating Systems,0,0,0.7,15,0.0,0
I am facing difficulty in Statistics and need clarification.,Statistics,CSE,Professor,Deep Learning|Statistics|Data Science,1,0,1.0,4,0.7333,1
I have a question about Statistics.,Statistics,CSE,Professor,Web Development|Operating Systems,0,1,1.0,7,0.5333,0
Please clarify the Computer Networks topic related to my course.,Computer Networks,MCA,Professor,Deep Learning|Machine Learning|Data Structures,0,1,1.0,4,0.7333,0
Please clarify the Machine Learning topic related to my course.,Machine Learning,MCA,Lecturer,Python|Statistics,0,1,0.55,11,0.2667,0
I have a question about DBMS.,DBMS,CSE,Associate Professor,Machine Learning|Data Structures|Advanced Computer Networks|Cloud Computing,0,1,0.85,6,0.6,1
I need help understanding Advanced DBMS.,Advanced DBMS,MCA,Assistant Professor,Statistics,0,1,0.7,13,0.1333,0
I need guidance with my Deep Learning assignment.,Deep Learning,MCA,Lecturer,Software Engineering|Advanced DBMS|Machine Learning,0,0,0.55,6,0.6,0
I need guidance with my Advanced DBMS assignment.,Advanced DBMS,IT,Assistant Professor,Web Development|Cloud Computing|Artificial Intelligence|Machine Learning,0,1,0.7,5,0.6667,0
Could you help me with the Machine Learning syllabus?,Machine Learning,IT,Assistant Professor,Artificial Intelligence|Java|Advanced Computer Networks,0,1,0.7,6,0.6,0
I am facing difficulty in Computer Networks and need clarification.,Computer Networks,CSE,Associate Professor,Software Engineering|Java|Cloud Computing,0,1,0.85,13,0.1333,0
I need guidance with my Software Engineering assignment.,Software Engineering,CSE,Assistant Professor,Algorithms|Data Structures|Web Development,0,1,0.7,3,0.8,0
I need help understanding Machine Learning.,Machine Learning,CSE,Lecturer,Software Engineering|Operating Systems|Data Structures|Advanced DBMS|Machine Learning,1,1,0.55,0,1.0,1
I am facing difficulty in Python and need clarification.,Python,CSE,Lecturer,Java,0,0,0.55,13,0.1333,0
I need help understanding Web Development.,Web Development,MCA,Professor,Cloud Computing|Software Engineering|Algorithms,0,1,1.0,12,0.2,1
I need help understanding Data Structures.,Data Structures,CSE,Professor,Deep Learning|Software Engineering|Artificial Intelligence,0,1,1.0,10,0.3333,1
I need help understanding Data Science.,Data Science,IT,Associate Professor,Python|Advanced DBMS,0,1,0.85,7,0.5333,0
I have an academic query regarding Java.,Java,CSE,Lecturer,Algorithms|Cloud Computing,0,1,0.55,3,0.8,0
Can you explain an issue related to Data Structures?,Data Structures,CSE,Assistant Professor,Algorithms|Artificial Intelligence|Advanced DBMS|Python|Machine Learning,0,1,0.7,10,0.3333,1
I need guidance with my Python assignment.,Python,MCA,Associate Professor,Data Structures|Java|Algorithms,0,1,0.85,2,0.8667,0
I have a question about Advanced Computer Networks.,Advanced Computer Networks,CSE,Assistant Professor,DBMS|Algorithms,0,1,0.7,10,0.3333,1
Could you help me with the Machine Learning syllabus?,Machine Learning,MCA,Professor,Java|Statistics|Deep Learning|Cloud Computing,0,1,1.0,2,0.8667,1
I have a question about Advanced Computer Networks.,Advanced Computer Networks,MCA,Lecturer,Deep Learning,0,0,0.55,1,0.9333,0
I need guidance with my Java assignment.,Java,IT,Assistant Professor,Cloud Computing|Deep Learning|Java|Python|Advanced Computer Networks,1,0,0.7,8,0.4667,1
I have an academic query regarding Algorithms.,Algorithms,CSE,Associate Professor,Java|Web Development|Data Structures,0,1,0.85,5,0.6667,1
I have a question about Advanced DBMS.,Advanced DBMS,MCA,Assistant Professor,Data Structures,0,1,0.7,13,0.1333,0
I need guidance with my Statistics assignment.,Statistics,IT,Lecturer,Python|Data Structures,0,1,0.55,11,0.2667,0
I am facing difficulty in Deep Learning and need clarification.,Deep Learning,IT,Professor,Computer Networks|Statistics|Advanced DBMS|Software Engineering|Advanced Computer Networks,0,1,1.0,0,1.0,0
I need help understanding Cloud Computing.,Cloud Computing,IT,Professor,Artificial Intelligence|Software Engineering|Java|DBMS,0,1,1.0,11,0.2667,0
I have a question about Operating Systems.,Operating Systems,IT,Associate Professor,Python|Web Development|Java|Software Engineering,0,1,0.85,5,0.6667,0
I have an academic query regarding Software Engineering.,Software Engineering,IT,Associate Professor,Software Engineering|Deep Learning,1,0,0.85,12,0.2,1
Please clarify the Data Science topic related to my course.,Data Science,CSE,Professor,Advanced DBMS|Algorithms|Computer Networks|Machine Learning|Data Science,1,1,1.0,7,0.5333,1
I have an academic query regarding DBMS.,DBMS,MCA,Assistant Professor,Cloud Computing|Deep Learning|Advanced DBMS,0,0,0.7,15,0.0,0
Please clarify the Operating Systems topic related to my course.,Operating Systems,MCA,Assistant Professor,Computer Networks|Data Structures|Advanced Computer Networks|Advanced DBMS,0,1,0.7,8,0.4667,0
Can you explain an issue related to Advanced Computer Networks?,Advanced Computer Networks,IT,Lecturer,Algorithms|Data Science|Machine Learning|Operating Systems|Software Engineering,0,1,0.55,2,0.8667,1
Please clarify the Advanced Computer Networks topic related to my course.,Advanced Computer Networks,CSE,Assistant Professor,Computer Networks|Data Structures,0,1,0.7,7,0.5333,1
Could you help me with the Statistics syllabus?,Statistics,MCA,Lecturer,DBMS,0,1,0.55,15,0.0,0
I need help understanding Advanced Computer Networks.,Advanced Computer Networks,MCA,Lecturer,Machine Learning|Artificial Intelligence|Deep Learning|Python|Algorithms,0,1,0.55,1,0.9333,0
Please clarify the Advanced DBMS topic related to my course.,Advanced DBMS,MCA,Assistant Professor,Data Structures|Java|Python,0,1,0.7,7,0.5333,0
I need help understanding Algorithms.,Algorithms,IT,Professor,Operating Systems|Web Development|Advanced Computer Networks|Machine Learning,0,1,1.0,1,0.9333,0
Please clarify the Python topic related to my course.,Python,IT,Professor,Advanced DBMS,0,1,1.0,5,0.6667,1
Can you explain an issue related to Algorithms?,Algorithms,MCA,Professor,Advanced Computer Networks|Deep Learning|Algorithms|Data Structures|Software Engineering,1,1,1.0,6,0.6,1
I need guidance with my Machine Learning assignment.,Machine Learning,CSE,Lecturer,Advanced DBMS|Python|Web Development|Cloud Computing|Algorithms,0,1,0.55,7,0.5333,1
I am facing difficulty in Data Structures and need clarification.,Data Structures,MCA,Associate Professor,Data Structures|Advanced DBMS|Cloud Computing|Artificial Intelligence,1,1,0.85,10,0.3333,1
I have a question about Software Engineering.,Software Engineering,IT,Assistant Professor,Cloud Computing|Advanced DBMS|Machine Learning,0,1,0.7,14,0.0667,1
I need guidance with my Software Engineering assignment.,Software Engineering,MCA,Professor,DBMS|Deep Learning|Software Engineering|Artificial Intelligence|Data Structures,1,1,1.0,12,0.2,1
Please clarify the Computer Networks topic related to my course.,Computer Networks,CSE,Associate Professor,DBMS|Deep Learning|Cloud Computing|Web Development|Algorithms,0,0,0.85,10,0.3333,1
I have an academic query regarding Deep Learning.,Deep Learning,MCA,Assistant Professor,Cloud Computing|Python|Data Science,0,1,0.7,2,0.8667,0
I am facing difficulty in Data Structures and need clarification.,Data Structures,IT,Assistant Professor,Operating Systems|Data Structures|Web Development,1,1,0.7,4,0.7333,1
I am facing difficulty in DBMS and need clarification.,DBMS,IT,Professor,Algorithms|Operating Systems|Cloud Computing,0,0,1.0,4,0.7333,0
I have an academic query regarding Web Development.,Web Development,CSE,Associate Professor,Operating Systems|Data Science|DBMS|Software Engineering|Computer Networks,0,1,0.85,9,0.4,1
Could you help me with the Software Engineering syllabus?,Software Engineering,IT,Assistant Professor,Java|Artificial Intelligence|Cloud Computing|DBMS,0,1,0.7,5,0.6667,1
Please clarify the Java topic related to my course.,Java,CSE,Assistant Professor,Advanced Computer Networks,0,0,0.7,8,0.4667,0
Could you help me with the Algorithms syllabus?,Algorithms,IT,Assistant Professor,Artificial Intelligence|Advanced Computer Networks,0,0,0.7,3,0.8,0
I am facing difficulty in Algorithms and need clarification.,Algorithms,CSE,Assistant Professor,Advanced Computer Networks|Computer Networks|Data Structures|Statistics|Software Engineering,0,0,0.7,4,0.7333,0
I have a question about Deep Learning.,Deep Learning,CSE,Assistant Professor,Advanced DBMS|Operating Systems,0,1,0.7,10,0.3333,0
I am facing difficulty in Computer Networks and need clarification.,Computer Networks,IT,Associate Professor,Deep Learning|Advanced DBMS|DBMS,0,1,0.85,5,0.6667,1
I have a question about DBMS.,DBMS,MCA,Lecturer,Artificial Intelligence|Algorithms|Advanced DBMS,0,1,0.55,15,0.0,1
I have a question about Software Engineering.,Software Engineering,MCA,Associate Professor,Algorithms|Statistics,0,1,0.85,11,0.2667,1
Can you explain an issue related to Data Structures?,Data Structures,CSE,Associate Professor,Web Development|Data Structures|Python|Operating Systems,1,0,0.85,5,0.6667,0
Please clarify the Advanced DBMS topic related to my course.,Advanced DBMS,MCA,Assistant Professor,Deep Learning|Machine Learning|Operating Systems,0,1,0.7,2,0.8667,0
Can you explain an issue related to Operating Systems?,Operating Systems,MCA,Professor,Advanced Computer Networks|Java|Artificial Intelligence|Cloud Computing,0,1,1.0,13,0.1333,1
I am facing difficulty in Python and need clarification.,Python,CSE,Associate Professor,Computer Networks|Data Structures|DBMS,0,1,0.85,14,0.0667,0
I have a question about DBMS.,DBMS,IT,Professor,Machine Learning|Computer Networks|Artificial Intelligence,0,1,1.0,8,0.4667,0
I have a question about Data Science.,Data Science,IT,Professor,Advanced Computer Networks|Deep Learning|Computer Networks|Algorithms,0,1,1.0,9,0.4,0
I have a question about Data Structures.,Data Structures,IT,Lecturer,Java|Operating Systems,0,1,0.55,7,0.5333,0
Please clarify the Algorithms topic related to my course.,Algorithms,MCA,Associate Professor,Advanced DBMS,0,1,0.85,13,0.1333,0
I need help understanding Machine Learning.,Machine Learning,MCA,Assistant Professor,Data Structures,0,0,0.7,5,0.6667,0
Can you explain an issue related to Operating Systems?,Operating Systems,CSE,Assistant Professor,Machine Learning|Statistics,0,1,0.7,2,0.8667,1
I have a question about Artificial Intelligence.,Artificial Intelligence,MCA,Lecturer,Data Structures|Web Development|Machine Learning|Computer Networks,0,1,0.55,1,0.9333,0
I need help understanding Machine Learning.,Machine Learning,CSE,Assistant Professor,Data Science|DBMS|Advanced Computer Networks,0,1,0.7,1,0.9333,1
I have a question about Advanced Computer Networks.,Advanced Computer Networks,MCA,Lecturer,Python|Algorithms,0,1,0.55,0,1.0,0
Can you explain an issue related to Computer Networks?,Computer Networks,CSE,Lecturer,Web Development|Algorithms|Software Engineering|DBMS|Deep Learning,0,1,0.55,15,0.0,0
Please clarify the Operating Systems topic related to my course.,Operating Systems,CSE,Professor,Operating Systems|Web Development|Data Structures|Machine Learning|Computer Networks,1,1,1.0,1,0.9333,1
Please clarify the Advanced DBMS topic related to my course.,Advanced DBMS,IT,Professor,Advanced DBMS|Computer Networks|Algorithms|Deep Learning|Advanced Computer Networks,1,0,1.0,10,0.3333,0
I have a question about DBMS.,DBMS,IT,Professor,Artificial Intelligence|Machine Learning,0,1,1.0,4,0.7333,1
I need guidance with my Web Development assignment.,Web Development,MCA,Lecturer,Java|Advanced DBMS|Python|Algorithms,0,1,0.55,4,0.7333,0
I have an academic query regarding Java.,Java,CSE,Assistant Professor,Algorithms|Cloud Computing|Deep Learning,0,1,0.7,13,0.1333,0
Can you explain an issue related to Web Development?,Web Development,CSE,Professor,Cloud Computing|Python,0,1,1.0,9,0.4,1
I am facing difficulty in Statistics and need clarification.,Statistics,MCA,Assistant Professor,Software Engineering|Statistics|Data Structures|Computer Networks,1,1,0.7,4,0.7333,1
I need help understanding Cloud Computing.,Cloud Computing,MCA,Lecturer,Statistics|Data Science|DBMS,0,1,0.55,10,0.3333,0
I need help understanding Java.,Java,IT,Associate Professor,Web Development,0,1,0.85,13,0.1333,1
Can you explain an issue related to Web Development?,Web Development,CSE,Lecturer,Machine Learning|Cloud Computing|DBMS|Deep Learning|Advanced Computer Networks,0,1,0.55,12,0.2,1
I need guidance with my Java assignment.,Java,IT,Lecturer,Artificial Intelligence|Deep Learning,0,1,0.55,3,0.8,0
I need help understanding Advanced Computer Networks.,Advanced Computer Networks,IT,Assistant Professor,Artificial Intelligence|Deep Learning,0,1,0.7,10,0.3333,1
I have a question about Operating Systems.,Operating Systems,MCA,Professor,Data Science|Operating Systems|Deep Learning,1,0,1.0,14,0.0667,1
Can you explain an issue related to Data Structures?,Data Structures,CSE,Professor,Data Structures|Advanced Computer Networks|Advanced DBMS|Operating Systems|Web Development,1,1,1.0,11,0.2667,0
I need guidance with my Software Engineering assignment.,Software Engineering,CSE,Assistant Professor,Statistics|Web Development|Cloud Computing,0,1,0.7,15,0.0,0
I have an academic query regarding Java.,Java,MCA,Professor,Computer Networks|Cloud Computing|Operating Systems,0,1,1.0,15,0.0,0
I am facing difficulty in Algorithms and need clarification.,Algorithms,IT,Assistant Professor,Statistics,0,1,0.7,13,0.1333,0
Could you help me with the Advanced DBMS syllabus?,Advanced DBMS,CSE,Associate Professor,Data Structures,0,1,0.85,0,1.0,0
I need help understanding Statistics.,Statistics,IT,Assistant Professor,Deep Learning|Data Structures|Software Engineering,0,0,0.7,7,0.5333,0
Please clarify the Java topic related to my course.,Java,CSE,Lecturer,DBMS,0,1,0.55,5,0.6667,1
I have a question about Data Science.,Data Science,MCA,Associate Professor,Web Development|Cloud Computing|Deep Learning|Advanced DBMS|Machine Learning,0,1,0.85,15,0.0,0
I have a question about Web Development.,Web Development,MCA,Associate Professor,Advanced Computer Networks,0,1,0.85,7,0.5333,0
I have a question about Artificial Intelligence.,Artificial Intelligence,CSE,Assistant Professor,Operating Systems|Deep Learning|Java|Advanced Computer Networks,0,1,0.7,9,0.4,1
I have an academic query regarding Computer Networks.,Computer Networks,CSE,Lecturer,Data Structures|Data Science|Computer Networks,1,1,0.55,7,0.5333,1
I am facing difficulty in Machine Learning and need clarification.,Machine Learning,MCA,Professor,Artificial Intelligence|Computer Networks|Statistics|Data Science,0,1,1.0,15,0.0,1
Please clarify the Deep Learning topic related to my course.,Deep Learning,IT,Assistant Professor,Statistics|Machine Learning|Operating Systems|Advanced Computer Networks,0,1,0.7,7,0.5333,0
I have a question about Software Engineering.,Software Engineering,IT,Associate Professor,Web Development|Advanced DBMS|Advanced Computer Networks|DBMS,0,1,0.85,1,0.9333,1
Can you explain an issue related to Cloud Computing?,Cloud Computing,IT,Lecturer,Java|Machine Learning|Data Science|Data Structures,0,1,0.55,1,0.9333,1
I am facing difficulty in DBMS and need clarification.,DBMS,CSE,Lecturer,Artificial Intelligence|Data Science|Computer Networks|Machine Learning,0,1,0.55,10,0.3333,0
I need help understanding Machine Learning.,Machine Learning,MCA,Lecturer,Data Science,0,1,0.55,4,0.7333,0
Please clarify the Deep Learning topic related to my course.,Deep Learning,MCA,Lecturer,Computer Networks|Machine Learning|Advanced DBMS|Algorithms|Web Development,0,1,0.55,2,0.8667,0
I am facing difficulty in Cloud Computing and need clarification.,Cloud Computing,IT,Associate Professor,Deep Learning|Data Science|Cloud Computing,1,1,0.85,14,0.0667,1
I need help understanding Artificial Intelligence.,Artificial Intelligence,MCA,Professor,Java|Artificial Intelligence|Machine Learning,1,1,1.0,13,0.1333,1
Could you help me with the DBMS syllabus?,DBMS,IT,Associate Professor,Deep Learning|Cloud Computing|DBMS,1,1,0.85,10,0.3333,1
I need help understanding Deep Learning.,Deep Learning,CSE,Lecturer,Deep Learning|Artificial Intelligence,1,0,0.55,15,0.0,1
Please clarify the Python topic related to my course.,Python,CSE,Assistant Professor,Cloud Computing|Python|Advanced DBMS|Data Science|Artificial Intelligence,1,1,0.7,5,0.6667,1
I need guidance with my Data Structures assignment.,Data Structures,IT,Associate Professor,Operating Systems|Machine Learning|Advanced DBMS,0,1,0.85,11,0.2667,0
I need help understanding Data Science.,Data Science,MCA,Assistant Professor,Operating Systems|DBMS,0,1,0.7,7,0.5333,0
I need help understanding Advanced Computer Networks.,Advanced Computer Networks,MCA,Lecturer,Java|Statistics|Advanced Computer Networks,1,0,0.55,6,0.6,1
I am facing difficulty in Data Science and need clarification.,Data Science,CSE,Professor,DBMS|Data Science,1,1,1.0,13,0.1333,1
I have a question about Operating Systems.,Operating Systems,CSE,Associate Professor,Data Structures|Algorithms,0,1,0.85,15,0.0,0
Could you help me with the Machine Learning syllabus?,Machine Learning,CSE,Lecturer,Machine Learning|Cloud Computing,1,1,0.55,14,0.0667,1
I have an academic query regarding Advanced DBMS.,Advanced DBMS,IT,Lecturer,Advanced DBMS,1,0,0.55,13,0.1333,0
I need guidance with my Artificial Intelligence assignment.,Artificial Intelligence,IT,Professor,Algorithms|Deep Learning|Computer Networks,0,1,1.0,10,0.3333,0
I am facing difficulty in Data Structures and need clarification.,Data Structures,CSE,Assistant Professor,Web Development|Statistics|Advanced Computer Networks|Data Structures,1,0,0.7,7,0.5333,1
I need help understanding Deep Learning.,Deep Learning,CSE,Associate Professor,Advanced DBMS|Statistics|Operating Systems,0,1,0.85,6,0.6,0
I have an academic query regarding Data Structures.,Data Structures,CSE,Associate Professor,Advanced DBMS|Statistics,0,1,0.85,13,0.1333,0
Can you explain an issue related to Java?,Java,MCA,Lecturer,Java|Software Engineering|Web Development,1,1,0.55,8,0.4667,1
I have an academic query regarding Data Science.,Data Science,IT,Professor,Deep Learning|Java,0,1,1.0,13,0.1333,0
Can you explain an issue related to Web Development?,Web Development,MCA,Associate Professor,DBMS|Advanced Computer Networks,0,1,0.85,10,0.3333,0
I am facing difficulty in Web Development and need clarification.,Web Development,CSE,Lecturer,Advanced DBMS|DBMS|Cloud Computing|Statistics|Operating Systems,0,1,0.55,13,0.1333,0
Can you explain an issue related to Web Development?,Web Development,CSE,Associate Professor,Advanced Computer Networks,0,0,0.85,0,1.0,1
I have a question about Statistics.,Statistics,IT,Lecturer,Artificial Intelligence,0,0,0.55,14,0.0667,0
I need help understanding Deep Learning.,Deep Learning,CSE,Professor,Artificial Intelligence,0,1,1.0,3,0.8,0
I am facing difficulty in Computer Networks and need clarification.,Computer Networks,MCA,Assistant Professor,Operating Systems|Advanced DBMS,0,1,0.7,3,0.8,0
I am facing difficulty in Cloud Computing and need clarification.,Cloud Computing,CSE,Professor,Artificial Intelligence|Cloud Computing|Deep Learning|Java|Advanced Computer Networks,1,0,1.0,11,0.2667,1
I have an academic query regarding DBMS.,DBMS,MCA,Assistant Professor,Machine Learning,0,1,0.7,2,0.8667,1
I have a question about Java.,Java,MCA,Professor,DBMS,0,1,1.0,7,0.5333,1
I need help understanding Cloud Computing.,Cloud Computing,CSE,Lecturer,Java|DBMS|Advanced Computer Networks|Python|Computer Networks,0,1,0.55,0,1.0,0
Can you explain an issue related to Cloud Computing?,Cloud Computing,MCA,Associate Professor,Statistics|Software Engineering|Web Development|Deep Learning,0,1,0.85,3,0.8,1
I have an academic query regarding Artificial Intelligence.,Artificial Intelligence,IT,Professor,Python|Advanced Computer Networks|Software Engineering|Java,0,1,1.0,15,0.0,0
I have an academic query regarding Deep Learning.,Deep Learning,CSE,Associate Professor,Java|DBMS|Data Structures|Deep Learning,1,1,0.85,12,0.2,1
I have an academic query regarding Cloud Computing.,Cloud Computing,MCA,Assistant Professor,Data Structures|Computer Networks,0,0,0.7,2,0.8667,0
I have an academic query regarding DBMS.,DBMS,IT,Assistant Professor,Machine Learning|Web Development|Operating Systems,0,1,0.7,15,0.0,0
I need help understanding Algorithms.,Algorithms,CSE,Associate Professor,Algorithms|Advanced DBMS|Python|DBMS|Data Structures,1,1,0.85,14,0.0667,0
I have a question about Advanced DBMS.,Advanced DBMS,CSE,Assistant Professor,Java|Data Science|Web Development,0,1,0.7,8,0.4667,1
I need guidance with my Data Science assignment.,Data Science,MCA,Assistant Professor,Cloud Computing|Deep Learning|Machine Learning|Data Structures|Advanced Computer Networks,0,1,0.7,10,0.3333,0
Can you explain an issue related to Computer Networks?,Computer Networks,IT,Professor,Statistics|Cloud Computing|Computer Networks,1,0,1.0,13,0.1333,1
I need guidance with my Advanced Computer Networks assignment.,Advanced Computer Networks,IT,Assistant Professor,Data Science|Machine Learning,0,1,0.7,4,0.7333,0
I am facing difficulty in Computer Networks and need clarification.,Computer Networks,IT,Assistant Professor,Web Development|Cloud Computing,0,1,0.7,14,0.0667,0
Please clarify the Computer Networks topic related to my course.,Computer Networks,MCA,Associate Professor,Advanced DBMS|Java|Data Structures,0,1,0.85,15,0.0,0
Can you explain an issue related to Advanced Computer Networks?,Advanced Computer Networks,MCA,Professor,Statistics,0,1,1.0,15,0.0,1
I need guidance with my Web Development assignment.,Web Development,IT,Associate Professor,DBMS|Java|Software Engineering|Algorithms,0,1,0.85,3,0.8,1
Please clarify the Software Engineering topic related to my course.,Software Engineering,IT,Assistant Professor,Advanced Computer Networks|Algorithms|Statistics,0,1,0.7,2,0.8667,0
I have an academic query regarding Advanced Computer Networks.,Advanced Computer Networks,CSE,Associate Professor,Data Structures|Artificial Intelligence|Statistics,0,1,0.85,11,0.2667,0
Can you explain an issue related to Advanced DBMS?,Advanced DBMS,CSE,Lecturer,Algorithms|Computer Networks,0,1,0.55,8,0.4667,1
I am facing difficulty in Deep Learning and need clarification.,Deep Learning,CSE,Professor,Data Science|DBMS,0,0,1.0,13,0.1333,0
I have a question about Java.,Java,MCA,Lecturer,Python|Deep Learning|Advanced DBMS|Algorithms,0,1,0.55,14,0.0667,0
I need help understanding Statistics.,Statistics,IT,Assistant Professor,Cloud Computing,0,1,0.7,3,0.8,0
Please clarify the Python topic related to my course.,Python,IT,Lecturer,Python|Operating Systems|DBMS|Machine Learning|Computer Networks,1,1,0.55,7,0.5333,1
I have a question about Artificial Intelligence.,Artificial Intelligence,CSE,Lecturer,Python|Java|Data Science|Artificial Intelligence|Computer Networks,1,1,0.55,4,0.7333,1
I need guidance with my Cloud Computing assignment.,Cloud Computing,IT,Professor,Software Engineering|Advanced Computer Networks,0,1,1.0,11,0.2667,0
Can you explain an issue related to Advanced DBMS?,Advanced DBMS,MCA,Professor,Web Development|Cloud Computing|Machine Learning|Deep Learning,0,1,1.0,1,0.9333,0
Can you explain an issue related to Data Structures?,Data Structures,CSE,Professor,Data Structures|Java|Python,1,1,1.0,8,0.4667,1
I have an academic query regarding Data Science.,Data Science,MCA,Lecturer,Python|Statistics|Web Development,0,1,0.55,9,0.4,1
I need help understanding Software Engineering.,Software Engineering,IT,Assistant Professor,Data Structures,0,1,0.7,12,0.2,1
Could you help me with the Web Development syllabus?,Web Development,MCA,Associate Professor,Computer Networks|Machine Learning|Advanced DBMS|Advanced Computer Networks,0,1,0.85,14,0.0667,0
Could you help me with the Cloud Computing syllabus?,Cloud Computing,MCA,Lecturer,Advanced DBMS,0,0,0.55,10,0.3333,1
I have a question about Software Engineering.,Software Engineering,CSE,Professor,Web Development|Data Science|Operating Systems|Advanced DBMS,0,1,1.0,13,0.1333,1
Please clarify the Software Engineering topic related to my course.,Software Engineering,IT,Lecturer,Web Development|Computer Networks|Artificial Intelligence,0,1,0.55,8,0.4667,0
Can you explain an issue related to Operating Systems?,Operating Systems,MCA,Associate Professor,Data Science|Operating Systems|Deep Learning,1,1,0.85,9,0.4,1
I need help understanding Python.,Python,IT,Lecturer,Data Science,0,1,0.55,2,0.8667,0
I need help understanding Data Science.,Data Science,IT,Lecturer,Cloud Computing,0,1,0.55,3,0.8,0
I need guidance with my Algorithms assignment.,Algorithms,MCA,Professor,Advanced Computer Networks|Deep Learning|Java|Operating Systems|Data Structures,0,0,1.0,4,0.7333,1
Could you help me with the Data Science syllabus?,Data Science,MCA,Professor,Web Development|Statistics|Computer Networks|Data Structures,0,1,1.0,1,0.9333,0
Can you explain an issue related to Statistics?,Statistics,IT,Assistant Professor,DBMS|Software Engineering,0,1,0.7,2,0.8667,1
Can you explain an issue related to Advanced DBMS?,Advanced DBMS,IT,Professor,Software Engineering|Python|Cloud Computing|Web Development,0,1,1.0,15,0.0,1
Could you help me with the Artificial Intelligence syllabus?,Artificial Intelligence,IT,Lecturer,Advanced Computer Networks|Deep Learning|Algorithms,0,1,0.55,15,0.0,0
Could you help me with the Advanced DBMS syllabus?,Advanced DBMS,CSE,Assistant Professor,Advanced Computer Networks|Algorithms|Computer Networks|Python|Advanced DBMS,1,1,0.7,4,0.7333,1
I have an academic query regarding Python.,Python,MCA,Lecturer,Deep Learning|Statistics,0,1,0.55,3,0.8,0
I have an academic query regarding Computer Networks.,Computer Networks,CSE,Associate Professor,Artificial Intelligence|Computer Networks|DBMS|Machine Learning|Deep Learning,1,1,0.85,0,1.0,1
I need guidance with my Cloud Computing assignment.,Cloud Computing,MCA,Lecturer,Software Engineering|Statistics|Advanced DBMS,0,1,0.55,9,0.4,0
I need help understanding Java.,Java,IT,Assistant Professor,DBMS|Deep Learning|Operating Systems|Software Engineering|Advanced Computer Networks,0,1,0.7,5,0.6667,1
I need guidance with my Python assignment.,Python,CSE,Lecturer,Operating Systems|Machine Learning|Statistics|Cloud Computing,0,1,0.55,6,0.6,0
Could you help me with the Artificial Intelligence syllabus?,Artificial Intelligence,MCA,Assistant Professor,Web Development|Machine Learning|Operating Systems|Data Structures,0,1,0.7,10,0.3333,0
I need help understanding Advanced Computer Networks.,Advanced Computer Networks,IT,Lecturer,Java|Algorithms|Statistics,0,1,0.55,7,0.5333,1
I need help understanding Python.,Python,IT,Associate Professor,Advanced Computer Networks|Operating Systems|Software Engineering|Statistics|Machine Learning,0,1,0.85,11,0.2667,0
I have a question about Statistics.,Statistics,CSE,Lecturer,Software Engineering|Advanced DBMS|Web Development,0,1,0.55,13,0.1333,0
I have an academic query regarding Advanced Computer Networks.,Advanced Computer Networks,IT,Associate Professor,Cloud Computing|Statistics,0,0,0.85,15,0.0,0
I have a question about Deep Learning.,Deep Learning,MCA,Assistant Professor,Algorithms|Deep Learning,1,1,0.7,3,0.8,1
Please clarify the Data Science topic related to my course.,Data Science,MCA,Assistant Professor,Advanced Computer Networks,0,1,0.7,5,0.6667,0
Could you help me with the Algorithms syllabus?,Algorithms,MCA,Associate Professor,Computer Networks,0,1,0.85,0,1.0,0
I am facing difficulty in Java and need clarification.,Java,CSE,Assistant Professor,Data Structures,0,0,0.7,15,0.0,0
I am facing difficulty in Statistics and need clarification.,Statistics,IT,Assistant Professor,Data Structures|Algorithms|Java,0,1,0.7,11,0.2667,0
I need help understanding Artificial Intelligence.,Artificial Intelligence,MCA,Assistant Professor,Artificial Intelligence|Statistics|Algorithms|Java|DBMS,1,1,0.7,1,0.9333,1
I am facing difficulty in Advanced Computer Networks and need clarification.,Advanced Computer Networks,IT,Assistant Professor,Data Science,0,1,0.7,6,0.6,0
I need guidance with my Data Structures assignment.,Data Structures,CSE,Lecturer,Software Engineering|Java|Artificial Intelligence|Data Science|Data Structures,1,1,0.55,12,0.2,0
I have an academic query regarding Machine Learning.,Machine Learning,IT,Associate Professor,Python,0,0,0.85,8,0.4667,1
I have an academic query regarding Advanced DBMS.,Advanced DBMS,MCA,Lecturer,Web Development|Deep Learning|Cloud Computing|Algorithms,0,1,0.55,5,0.6667,0
Please clarify the Web Development topic related to my course.,Web Development,CSE,Lecturer,Advanced Computer Networks,0,1,0.55,13,0.1333,0
Could you help me with the Data Science syllabus?,Data Science,IT,Assistant Professor,Advanced DBMS|Algorithms|Data Science|DBMS|Cloud Computing,1,1,0.7,13,0.1333,1
I need guidance with my Artificial Intelligence assignment.,Artificial Intelligence,MCA,Lecturer,Algorithms|Cloud Computing|Artificial Intelligence|Machine Learning,1,0,0.55,6,0.6,1
I have an academic query regarding Cloud Computing.,Cloud Computing,MCA,Assistant Professor,Deep Learning|Web Development,0,1,0.7,6,0.6,0
I have a question about Web Development.,Web Development,MCA,Professor,Machine Learning|Data Structures,0,1,1.0,10,0.3333,0
Could you help me with the Java syllabus?,Java,MCA,Professor,Operating Systems|Deep Learning,0,0,1.0,14,0.0667,1
I have an academic query regarding Operating Systems.,Operating Systems,MCA,Associate Professor,Advanced Computer Networks|Computer Networks|Machine Learning|Deep Learning,0,1,0.85,4,0.7333,1
I have an academic query regarding Statistics.,Statistics,MCA,Lecturer,Advanced DBMS|Artificial Intelligence|Cloud Computing|Advanced Computer Networks,0,1,0.55,15,0.0,0
I have an academic query regarding DBMS.,DBMS,IT,Associate Professor,Machine Learning,0,1,0.85,15,0.0,1
I am facing difficulty in DBMS and need clarification.,DBMS,MCA,Assistant Professor,Algorithms,0,1,0.7,0,1.0,0
Please clarify the Software Engineering topic related to my course.,Software Engineering,MCA,Professor,DBMS|Operating Systems,0,1,1.0,8,0.4667,0
I need guidance with my Software Engineering assignment.,Software Engineering,IT,Assistant Professor,Cloud Computing,0,1,0.7,15,0.0,1
I need guidance with my Algorithms assignment.,Algorithms,MCA,Lecturer,Software Engineering|Data Structures|Artificial Intelligence,0,0,0.55,6,0.6,0
Please clarify the Statistics topic related to my course.,Statistics,CSE,Professor,Deep Learning|Advanced DBMS|Machine Learning|Java,0,1,1.0,6,0.6,0
I am facing difficulty in Algorithms and need clarification.,Algorithms,CSE,Lecturer,Algorithms,1,1,0.55,0,1.0,1
I have a question about Software Engineering.,Software Engineering,MCA,Assistant Professor,Python|Advanced DBMS|Advanced Computer Networks,0,1,0.7,9,0.4,0
I have an academic query regarding Data Science.,Data Science,MCA,Lecturer,Machine Learning|Software Engineering|Cloud Computing|DBMS|Computer Networks,0,0,0.55,10,0.3333,0
I need help understanding Artificial Intelligence.,Artificial Intelligence,IT,Lecturer,Java|Algorithms|Web Development|DBMS|Data Structures,0,1,0.55,5,0.6667,1
I am facing difficulty in Advanced DBMS and need clarification.,Advanced DBMS,CSE,Lecturer,Algorithms|Data Science|Python|Statistics|Deep Learning,0,1,0.55,11,0.2667,0
Could you help me with the Web Development syllabus?,Web Development,CSE,Assistant Professor,Cloud Computing|Python|Deep Learning|Data Science,0,1,0.7,8,0.4667,0
I have an academic query regarding Java.,Java,MCA,Professor,Deep Learning|Advanced Computer Networks|Artificial Intelligence|Statistics|Software Engineering,0,1,1.0,14,0.0667,0
I have a question about Artificial Intelligence.,Artificial Intelligence,MCA,Associate Professor,Cloud Computing|Java|Data Structures|Deep Learning,0,1,0.85,11,0.2667,0
I need help understanding Operating Systems.,Operating Systems,CSE,Assistant Professor,Advanced Computer Networks|Deep Learning|DBMS|Cloud Computing,0,1,0.7,13,0.1333,0
Please clarify the Operating Systems topic related to my course.,Operating Systems,CSE,Lecturer,Data Science|Computer Networks|Operating Systems|Artificial Intelligence,1,1,0.55,1,0.9333,1
Can you explain an issue related to Machine Learning?,Machine Learning,MCA,Associate Professor,Python|Software Engineering|DBMS,0,1,0.85,14,0.0667,0
Can you explain an issue related to Cloud Computing?,Cloud Computing,IT,Lecturer,Advanced Computer Networks|Data Structures|Cloud Computing|Statistics|Java,1,1,0.55,7,0.5333,1
Please clarify the Data Structures topic related to my course.,Data Structures,CSE,Lecturer,Data Structures|Computer Networks|Operating Systems|Web Development|Cloud Computing,1,1,0.55,4,0.7333,1
Can you explain an issue related to Statistics?,Statistics,MCA,Lecturer,Deep Learning|Cloud Computing|Advanced DBMS|Artificial Intelligence|Web Development,0,1,0.55,10,0.3333,1
I have an academic query regarding Algorithms.,Algorithms,IT,Lecturer,Web Development|DBMS,0,1,0.55,0,1.0,0
Could you help me with the Cloud Computing syllabus?,Cloud Computing,MCA,Associate Professor,Java|Advanced DBMS,0,1,0.85,11,0.2667,1
I am facing difficulty in Statistics and need clarification.,Statistics,MCA,Associate Professor,Software Engineering|Advanced DBMS|Operating Systems|Machine Learning,0,0,0.85,14,0.0667,0
I am facing difficulty in Statistics and need clarification.,Statistics,IT,Lecturer,Advanced Computer Networks|Algorithms|Machine Learning|Operating Systems,0,0,0.55,1,0.9333,0
Could you help me with the Operating Systems syllabus?,Operating Systems,CSE,Associate Professor,Machine Learning|Web Development,0,1,0.85,15,0.0,0
I am facing difficulty in Advanced DBMS and need clarification.,Advanced DBMS,CSE,Associate Professor,Deep Learning|Machine Learning|Web Development|Data Structures,0,1,0.85,8,0.4667,0
Please clarify the Algorithms topic related to my course.,Algorithms,MCA,Lecturer,Deep Learning|Operating Systems|Cloud Computing,0,1,0.55,13,0.1333,0
I need help understanding Computer Networks.,Computer Networks,MCA,Assistant Professor,Cloud Computing,0,1,0.7,11,0.2667,0
I need guidance with my Operating Systems assignment.,Operating Systems,CSE,Lecturer,Web Development|Algorithms,0,1,0.55,12,0.2,0
I have a question about Machine Learning.,Machine Learning,MCA,Lecturer,Java|Advanced Computer Networks,0,1,0.55,11,0.2667,0
I need guidance with my Data Science assignment.,Data Science,IT,Lecturer,Advanced DBMS|Operating Systems|Python|Cloud Computing,0,0,0.55,10,0.3333,0
Can you explain an issue related to Artificial Intelligence?,Artificial Intelligence,CSE,Professor,Data Structures|Statistics|Web Development,0,1,1.0,15,0.0,0
I am facing difficulty in Java and need clarification.,Java,CSE,Associate Professor,Java|Cloud Computing|Machine Learning|Web Development,1,1,0.85,15,0.0,1
Please clarify the Statistics topic related to my course.,Statistics,MCA,Associate Professor,DBMS|Software Engineering,0,1,0.85,12,0.2,0
I need guidance with my Python assignment.,Python,MCA,Associate Professor,Data Science,0,1,0.85,0,1.0,1
Please clarify the Machine Learning topic related to my course.,Machine Learning,CSE,Lecturer,Algorithms|Software Engineering|Web Development|Java|Deep Learning,0,0,0.55,1,0.9333,0
I have a question about Operating Systems.,Operating Systems,CSE,Associate Professor,Cloud Computing|Data Science|Machine Learning|Computer Networks|Operating Systems,1,0,0.85,2,0.8667,1
I need guidance with my Algorithms assignment.,Algorithms,CSE,Professor,Data Science,0,1,1.0,2,0.8667,0
Can you explain an issue related to Data Structures?,Data Structures,CSE,Associate Professor,Advanced DBMS|DBMS|Software Engineering|Algorithms|Statistics,0,1,0.85,13,0.1333,0
I am facing difficulty in Advanced DBMS and need clarification.,Advanced DBMS,MCA,Professor,Java|Operating Systems|Cloud Computing,0,1,1.0,11,0.2667,0
I need guidance with my Cloud Computing assignment.,Cloud Computing,IT,Associate Professor,Machine Learning|Advanced Computer Networks,0,1,0.85,10,0.3333,0
Can you explain an issue related to Machine Learning?,Machine Learning,CSE,Professor,Software Engineering|Web Development|Algorithms,0,1,1.0,13,0.1333,0
Can you explain an issue related to Software Engineering?,Software Engineering,MCA,Professor,Data Structures|Algorithms,0,1,1.0,3,0.8,1
Could you help me with the Data Science syllabus?,Data Science,IT,Lecturer,Advanced Computer Networks|DBMS|Machine Learning|Algorithms|Advanced DBMS,0,1,0.55,14,0.0667,0
Please clarify the DBMS topic related to my course.,DBMS,IT,Associate Professor,Advanced DBMS,0,1,0.85,1,0.9333,1
I need help understanding Data Structures.,Data Structures,CSE,Professor,Cloud Computing|Machine Learning|Operating Systems,0,0,1.0,3,0.8,0
I have an academic query regarding Software Engineering.,Software Engineering,MCA,Assistant Professor,Web Development|Software Engineering|Advanced DBMS|DBMS|Java,1,0,0.7,2,0.8667,1
I have a question about Operating Systems.,Operating Systems,MCA,Associate Professor,Software Engineering|Web Development|DBMS|Advanced Computer Networks|Machine Learning,0,1,0.85,5,0.6667,0
I have a question about Web Development.,Web Development,CSE,Lecturer,Data Structures|Algorithms|Data Science,0,1,0.55,12,0.2,1
I need guidance with my Machine Learning assignment.,Machine Learning,CSE,Lecturer,Java,0,1,0.55,12,0.2,0
Could you help me with the Data Science syllabus?,Data Science,MCA,Associate Professor,Python|Machine Learning,0,1,0.85,11,0.2667,0
I am facing difficulty in Machine Learning and need clarification.,Machine Learning,CSE,Professor,Data Science|Web Development|Python,0,1,1.0,14,0.0667,0
I need guidance with my Computer Networks assignment.,Computer Networks,CSE,Associate Professor,Deep Learning|Java|Advanced Computer Networks|DBMS|Data Structures,0,1,0.85,1,0.9333,0
I have an academic query regarding DBMS.,DBMS,MCA,Lecturer,Deep Learning,0,1,0.55,14,0.0667,0
I have a question about Algorithms.,Algorithms,MCA,Assistant Professor,Operating Systems|Advanced Computer Networks,0,1,0.7,3,0.8,1
Can you explain an issue related to DBMS?,DBMS,CSE,Lecturer,Advanced Computer Networks|Algorithms,0,1,0.55,3,0.8,0
I have a question about Data Science.,Data Science,IT,Associate Professor,Operating Systems,0,1,0.85,5,0.6667,1
I need guidance with my Computer Networks assignment.,Computer Networks,CSE,Lecturer,Computer Networks|Advanced DBMS,1,1,0.55,8,0.4667,1
I have a question about Software Engineering.,Software Engineering,CSE,Lecturer,Cloud Computing|Software Engineering|Data Structures|Operating Systems|Data Science,1,1,0.55,10,0.3333,0
I have a question about Machine Learning.,Machine Learning,MCA,Assistant Professor,Web Development|Computer Networks|Operating Systems|Machine Learning|Advanced DBMS,1,1,0.7,11,0.2667,1
I am facing difficulty in Artificial Intelligence and need clarification.,Artificial Intelligence,CSE,Assistant Professor,Python|Statistics,0,1,0.7,1,0.9333,0
I have an academic query regarding Operating Systems.,Operating Systems,IT,Professor,Data Structures|Deep Learning|Advanced DBMS,0,1,1.0,3,0.8,0
Could you help me with the Software Engineering syllabus?,Software Engineering,CSE,Professor,Python|Operating Systems|Machine Learning|Advanced Computer Networks|Statistics,0,1,1.0,13,0.1333,0
Could you help me with the DBMS syllabus?,DBMS,CSE,Lecturer,Web Development|Java|Software Engineering|Cloud Computing,0,1,0.55,10,0.3333,1
Can you explain an issue related to Advanced Computer Networks?,Advanced Computer Networks,CSE,Lecturer,Software Engineering|Web Development|Java|Statistics,0,0,0.55,1,0.9333,0
I have an academic query regarding Operating Systems.,Operating Systems,CSE,Associate Professor,Deep Learning|Software Engineering,0,1,0.85,12,0.2,0
I need guidance with my Data Structures assignment.,Data Structures,CSE,Professor,Cloud Computing|Deep Learning|DBMS|Computer Networks|Artificial Intelligence,0,1,1.0,7,0.5333,0
Please clarify the Machine Learning topic related to my course.,Machine Learning,IT,Assistant Professor,Computer Networks|Artificial Intelligence,0,1,0.7,2,0.8667,0
I have an academic query regarding Computer Networks.,Computer Networks,CSE,Lecturer,Deep Learning,0,0,0.55,0,1.0,1
Please clarify the Algorithms topic related to my course.,Algorithms,MCA,Assistant Professor,Statistics|Computer Networks|Advanced Computer Networks,0,1,0.7,5,0.6667,1
I have an academic query regarding Algorithms.,Algorithms,CSE,Professor,Software Engineering|Advanced DBMS|Statistics|Artificial Intelligence|Algorithms,1,1,1.0,10,0.3333,1
I have a question about Computer Networks.,Computer Networks,MCA,Associate Professor,Algorithms|Java|Data Science,0,1,0.85,9,0.4,0
I am facing difficulty in Statistics and need clarification.,Statistics,MCA,Lecturer,Software Engineering|Deep Learning,0,1,0.55,11,0.2667,0
I have a question about Algorithms.,Algorithms,IT,Professor,Deep Learning|Advanced Computer Networks|Web Development|DBMS,0,1,1.0,10,0.3333,1
Could you help me with the Python syllabus?,Python,CSE,Assistant Professor,Artificial Intelligence|DBMS|Algorithms,0,1,0.7,4,0.7333,0
I have a question about Advanced Computer Networks.,Advanced Computer Networks,CSE,Assistant Professor,Artificial Intelligence,0,0,0.7,2,0.8667,0
I need guidance with my Cloud Computing assignment.,Cloud Computing,CSE,Professor,Java|Python|Deep Learning,0,0,1.0,15,0.0,0
I have an academic query regarding Advanced DBMS.,Advanced DBMS,MCA,Professor,Cloud Computing|Deep Learning|DBMS,0,1,1.0,3,0.8,0
Please clarify the Artificial Intelligence topic related to my course.,Artificial Intelligence,CSE,Lecturer,Computer Networks|Algorithms,0,1,0.55,8,0.4667,1
I am facing difficulty in Computer Networks and need clarification.,Computer Networks,CSE,Professor,Data Structures|Artificial Intelligence|Data Science|Java,0,1,1.0,3,0.8,0
I need guidance with my Deep Learning assignment.,Deep Learning,IT,Assistant Professor,Deep Learning|Java|Algorithms,1,1,0.7,8,0.4667,1
Could you help me with the Python syllabus?,Python,IT,Associate Professor,Algorithms|Computer Networks|Data Structures|Operating Systems|Data Science,0,0,0.85,14,0.0667,0
I have an academic query regarding Software Engineering.,Software Engineering,IT,Professor,Machine Learning|Operating Systems|Deep Learning|Algorithms|Software Engineering,1,0,1.0,12,0.2,0
I have a question about Data Structures.,Data Structures,MCA,Lecturer,Computer Networks|Data Science,0,0,0.55,1,0.9333,0
I have a question about Java.,Java,IT,Lecturer,Operating Systems|Python|Data Science,0,1,0.55,0,1.0,0
I am facing difficulty in Operating Systems and need clarification.,Operating Systems,CSE,Professor,Machine Learning|Artificial Intelligence|Software Engineering|Operating Systems|Advanced Computer Networks,1,1,1.0,1,0.9333,1
I need guidance with my Cloud Computing assignment.,Cloud Computing,MCA,Associate Professor,Advanced DBMS|Data Structures|Deep Learning|Cloud Computing,1,1,0.85,13,0.1333,1
Can you explain an issue related to Machine Learning?,Machine Learning,CSE,Associate Professor,Cloud Computing|Machine Learning,1,1,0.85,1,0.9333,1
Can you explain an issue related to Web Development?,Web Development,MCA,Assistant Professor,Advanced DBMS|Software Engineering,0,1,0.7,11,0.2667,1
Could you help me with the Machine Learning syllabus?,Machine Learning,CSE,Associate Professor,Statistics|Computer Networks|Cloud Computing|DBMS|Advanced DBMS,0,1,0.85,11,0.2667,0
I am facing difficulty in Java and need clarification.,Java,MCA,Lecturer,Cloud Computing,0,0,0.55,0,1.0,0
Could you help me with the Advanced DBMS syllabus?,Advanced DBMS,CSE,Assistant Professor,Python,0,1,0.7,7,0.5333,1
I need help understanding Java.,Java,MCA,Professor,Artificial Intelligence|Computer Networks|Algorithms|Advanced DBMS|Statistics,0,1,1.0,1,0.9333,0
I have an academic query regarding Web Development.,Web Development,CSE,Associate Professor,Machine Learning|Data Structures|Computer Networks|Artificial Intelligence,0,1,0.85,5,0.6667,1
Please clarify the Computer Networks topic related to my course.,Computer Networks,CSE,Lecturer,Computer Networks|Python|Statistics|Java|DBMS,1,1,0.55,5,0.6667,1
I need guidance with my Algorithms assignment.,Algorithms,CSE,Lecturer,Advanced DBMS|Operating Systems|Java,0,1,0.55,11,0.2667,0
I have a question about Deep Learning.,Deep Learning,MCA,Assistant Professor,Computer Networks|Data Structures|Algorithms|Advanced Computer Networks,0,1,0.7,11,0.2667,0
I am facing difficulty in Computer Networks and need clarification.,Computer Networks,MCA,Professor,Advanced DBMS,0,1,1.0,2,0.8667,1
I need guidance with my Web Development assignment.,Web Development,MCA,Assistant Professor,Artificial Intelligence|Java,0,1,0.7,6,0.6,0
I need help understanding Java.,Java,IT,Assistant Professor,Java|Advanced Computer Networks|Data Structures|Computer Networks,1,0,0.7,6,0.6,1
I need guidance with my Web Development assignment.,Web Development,MCA,Assistant Professor,Computer Networks|Machine Learning|Java,0,0,0.7,10,0.3333,0
Could you help me with the Advanced DBMS syllabus?,Advanced DBMS,MCA,Assistant Professor,Algorithms,0,1,0.7,9,0.4,0
Please clarify the Data Science topic related to my course.,Data Science,CSE,Associate Professor,Algorithms|Deep Learning|Advanced DBMS,0,1,0.85,10,0.3333,0
Please clarify the Data Science topic related to my course.,Data Science,IT,Professor,Machine Learning,0,1,1.0,0,1.0,1
Can you explain an issue related to DBMS?,DBMS,MCA,Assistant Professor,Deep Learning|Advanced DBMS|Machine Learning,0,0,0.7,13,0.1333,0
I need help understanding DBMS.,DBMS,MCA,Associate Professor,Web Development|Operating Systems|Machine Learning|DBMS|Artificial Intelligence,1,0,0.85,13,0.1333,0
Please clarify the Software Engineering topic related to my course.,Software Engineering,IT,Associate Professor,Java,0,1,0.85,6,0.6,0
I am facing difficulty in Python and need clarification.,Python,IT,Professor,Python|Deep Learning|Software Engineering,1,1,1.0,15,0.0,1
Could you help me with the Algorithms syllabus?,Algorithms,IT,Professor,Deep Learning,0,1,1.0,3,0.8,1
I have a question about Java.,Java,MCA,Associate Professor,Cloud Computing|Computer Networks,0,1,0.85,8,0.4667,0
Can you explain an issue related to Computer Networks?,Computer Networks,MCA,Lecturer,Computer Networks|Artificial Intelligence|Data Science|Software Engineering|Advanced DBMS,1,1,0.55,14,0.0667,1
I need help understanding Deep Learning.,Deep Learning,CSE,Assistant Professor,Python|DBMS|Advanced Computer Networks,0,0,0.7,15,0.0,0
Could you help me with the Cloud Computing syllabus?,Cloud Computing,MCA,Associate Professor,Python|Software Engineering,0,1,0.85,7,0.5333,1
Can you explain an issue related to Data Structures?,Data Structures,IT,Professor,Web Development|Data Science|Advanced Computer Networks|Data Structures|Operating Systems,1,1,1.0,12,0.2,1
I have a question about Data Structures.,Data Structures,MCA,Professor,Java|Statistics|DBMS|Computer Networks|Machine Learning,0,1,1.0,2,0.8667,0
I need guidance with my Machine Learning assignment.,Machine Learning,MCA,Assistant Professor,Web Development,0,1,0.7,15,0.0,0
Could you help me with the Data Structures syllabus?,Data Structures,CSE,Associate Professor,Computer Networks|Python|Deep Learning|Statistics,0,1,0.85,15,0.0,1
Could you help me with the Software Engineering syllabus?,Software Engineering,CSE,Lecturer,Web Development|Operating Systems|Deep Learning|Machine Learning|Software Engineering,1,1,0.55,2,0.8667,1
I have an academic query regarding Web Development.,Web Development,MCA,Assistant Professor,Operating Systems|Statistics|Deep Learning|Cloud Computing|Java,0,0,0.7,11,0.2667,0
I have a question about Computer Networks.,Computer Networks,MCA,Professor,Web Development|Statistics|Advanced Computer Networks,0,1,1.0,1,0.9333,0
I am facing difficulty in DBMS and need clarification.,DBMS,CSE,Assistant Professor,Software Engineering|Machine Learning|Operating Systems|Python|Statistics,0,0,0.7,10,0.3333,0
I need guidance with my Computer Networks assignment.,Computer Networks,CSE,Assistant Professor,Operating Systems|Advanced DBMS,0,1,0.7,8,0.4667,0
I have a question about Advanced DBMS.,Advanced DBMS,IT,Professor,Web Development|Software Engineering,0,1,1.0,4,0.7333,0
I have an academic query regarding Data Structures.,Data Structures,MCA,Professor,Machine Learning|Deep Learning|Advanced DBMS,0,1,1.0,9,0.4,0
I have an academic query regarding Data Science.,Data Science,CSE,Professor,Web Development|Data Science|Python|Machine Learning|Data Structures,1,1,1.0,8,0.4667,1
Could you help me with the Advanced DBMS syllabus?,Advanced DBMS,IT,Lecturer,Software Engineering|Operating Systems,0,1,0.55,5,0.6667,1
Can you explain an issue related to Java?,Java,CSE,Associate Professor,Operating Systems|Advanced Computer Networks|Web Development,0,1,0.85,5,0.6667,1
I have an academic query regarding Cloud Computing.,Cloud Computing,MCA,Assistant Professor,Operating Systems|Data Science,0,1,0.7,2,0.8667,0
I need help understanding DBMS.,DBMS,CSE,Associate Professor,Cloud Computing|Python|Data Structures|Algorithms|Artificial Intelligence,0,1,0.85,13,0.1333,0
I have an academic query regarding Data Science.,Data Science,IT,Professor,Deep Learning|Advanced DBMS|Artificial Intelligence|DBMS|Cloud Computing,0,0,1.0,12,0.2,0
I have a question about Advanced DBMS.,Advanced DBMS,IT,Professor,Algorithms|Data Science|Artificial Intelligence|Data Structures|Java,0,1,1.0,14,0.0667,0
Can you explain an issue related to Software Engineering?,Software Engineering,IT,Associate Professor,Deep Learning|Python|Java,0,1,0.85,15,0.0,0
Can you explain an issue related to Advanced Computer Networks?,Advanced Computer Networks,MCA,Lecturer,DBMS,0,1,0.55,11,0.2667,0
I am facing difficulty in Algorithms and need clarification.,Algorithms,IT,Lecturer,Cloud Computing,0,1,0.55,7,0.5333,0
